DSLD ID,Product Name,Ingredient,ingredient_category,source_row_count,serving_size_count,any_dose_disclosed,all_doses_disclosed,ingredient_disclosure_status
10324,N.O. Overload Pre-Workout Formula Pounding Punch Flavor,Hi-Tech Arginase Inhibitors,blend,1,1,FALSE,FALSE,Not disclosed
10324,N.O. Overload Pre-Workout Formula Pounding Punch Flavor,Hi-Tech Muscle Cell Volumizing and Performance Technology,blend,1,1,FALSE,FALSE,Not disclosed
10324,N.O. Overload Pre-Workout Formula Pounding Punch Flavor,Hi-Tech Recovery-Rx(TM),blend,1,1,FALSE,FALSE,Not disclosed
10324,N.O. Overload Pre-Workout Formula Pounding Punch Flavor,NO Overload(TM),blend,1,1,TRUE,TRUE,Fully disclosed
10324,N.O. Overload Pre-Workout Formula Pounding Punch Flavor,Nitric Oxide Blend with Micro-Rx(TM) and Extend-Rx(TM) Technology,blend,1,1,FALSE,FALSE,Not disclosed
10324,N.O. Overload Pre-Workout Formula Pounding Punch Flavor,Phosphorus,mineral,1,1,TRUE,TRUE,Fully disclosed
10324,N.O. Overload Pre-Workout Formula Pounding Punch Flavor,Proprietary Precision Growth Blend,blend,1,1,FALSE,FALSE,Not disclosed
10324,N.O. Overload Pre-Workout Formula Pounding Punch Flavor,Sodium,mineral,1,1,TRUE,TRUE,Fully disclosed
10324,N.O. Overload Pre-Workout Formula Pounding Punch Flavor,Sugar,sugar,1,1,FALSE,FALSE,Not disclosed
10324,N.O. Overload Pre-Workout Formula Pounding Punch Flavor,Thermo-Rx and Hi-Tech Energy Complex,blend,1,1,FALSE,FALSE,Not disclosed
10324,N.O. Overload Pre-Workout Formula Pounding Punch Flavor,Vitamin B12,vitamin,1,1,TRUE,TRUE,Fully disclosed
10324,N.O. Overload Pre-Workout Formula Pounding Punch Flavor,Vitamin B6,vitamin,1,1,TRUE,TRUE,Fully disclosed
17548,N.O.370 Pre-Workout Formula Fruit Punch,Acetyl-L-Carnitine,non-nutrient/non-botanical,1,1,FALSE,FALSE,Not disclosed
17548,N.O.370 Pre-Workout Formula Fruit Punch,ActiGin(TM),blend,1,1,FALSE,FALSE,Not disclosed
17548,N.O.370 Pre-Workout Formula Fruit Punch,Arginine,amino acid,1,1,FALSE,FALSE,Not disclosed
17548,N.O.370 Pre-Workout Formula Fruit Punch,Arginine Alpha Ketoglutarate,non-nutrient/non-botanical,1,1,FALSE,FALSE,Not disclosed
17548,N.O.370 Pre-Workout Formula Fruit Punch,AstraGin(TM),blend,1,1,FALSE,FALSE,Not disclosed
17548,N.O.370 Pre-Workout Formula Fruit Punch,Biotin,vitamin,1,1,TRUE,TRUE,Fully disclosed
17548,N.O.370 Pre-Workout Formula Fruit Punch,CELL ENGORGING QUADRA-CRET BLEND,blend,1,1,TRUE,TRUE,Fully disclosed
17548,N.O.370 Pre-Workout Formula Fruit Punch,Caffeine Anhydrous,non-nutrient/non-botanical,1,1,TRUE,TRUE,Fully disclosed
17548,N.O.370 Pre-Workout Formula Fruit Punch,Creatine Gluconate,non-nutrient/non-botanical,1,1,FALSE,FALSE,Not disclosed
17548,N.O.370 Pre-Workout Formula Fruit Punch,Creatine Monohydrate,non-nutrient/non-botanical,1,1,FALSE,FALSE,Not disclosed
17548,N.O.370 Pre-Workout Formula Fruit Punch,Creatine Taurinate,non-nutrient/non-botanical,1,1,FALSE,FALSE,Not disclosed
17548,N.O.370 Pre-Workout Formula Fruit Punch,Folate,vitamin,1,1,TRUE,TRUE,Fully disclosed
17548,N.O.370 Pre-Workout Formula Fruit Punch,L-Citrulline,amino acid,1,1,FALSE,FALSE,Not disclosed
17548,N.O.370 Pre-Workout Formula Fruit Punch,L-Norvaline,amino acid,1,1,FALSE,FALSE,Not disclosed
17548,N.O.370 Pre-Workout Formula Fruit Punch,MagnaPower(TM),non-nutrient/non-botanical,1,1,FALSE,FALSE,Not disclosed
17548,N.O.370 Pre-Workout Formula Fruit Punch,NITRIC OXIDE CELLULAR ABSORPTION MATRIX,blend,1,1,TRUE,TRUE,Fully disclosed
17548,N.O.370 Pre-Workout Formula Fruit Punch,Niacin,vitamin,1,1,TRUE,TRUE,Fully disclosed
17548,N.O.370 Pre-Workout Formula Fruit Punch,Pantothenic Acid,vitamin,1,1,TRUE,TRUE,Fully disclosed
17548,N.O.370 Pre-Workout Formula Fruit Punch,Riboflavin,vitamin,1,1,TRUE,TRUE,Fully disclosed
17548,N.O.370 Pre-Workout Formula Fruit Punch,Ribose,sugar,1,1,FALSE,FALSE,Not disclosed
17548,N.O.370 Pre-Workout Formula Fruit Punch,Thiamine,vitamin,1,1,TRUE,TRUE,Fully disclosed
17548,N.O.370 Pre-Workout Formula Fruit Punch,ViNitrox(TM),blend,1,1,FALSE,FALSE,Not disclosed
17548,N.O.370 Pre-Workout Formula Fruit Punch,Vitamin B12,vitamin,1,1,TRUE,TRUE,Fully disclosed
17548,N.O.370 Pre-Workout Formula Fruit Punch,Vitamin B6,vitamin,1,1,TRUE,TRUE,Fully disclosed
17699,Mr Hyde Pre Workout Amplifier Punch,Agmatine Sulfate,non-nutrient/non-botanical,1,1,TRUE,TRUE,Fully disclosed
17699,Mr Hyde Pre Workout Amplifier Punch,Beta-Alanine,amino acid,1,1,TRUE,TRUE,Fully disclosed
17699,Mr Hyde Pre Workout Amplifier Punch,Caffeine Anhydrous,non-nutrient/non-botanical,1,1,TRUE,TRUE,Fully disclosed
17699,Mr Hyde Pre Workout Amplifier Punch,Caffeine Citrate,non-nutrient/non-botanical,1,1,TRUE,TRUE,Fully disclosed
17699,Mr Hyde Pre Workout Amplifier Punch,Caffeine Matrix,blend,1,1,TRUE,TRUE,Fully disclosed
17699,Mr Hyde Pre Workout Amplifier Punch,Creatine Hydrochloride,non-nutrient/non-botanical,1,1,TRUE,TRUE,Fully disclosed
17699,Mr Hyde Pre Workout Amplifier Punch,Hordenine,non-nutrient/non-botanical,1,1,TRUE,TRUE,Fully disclosed
17699,Mr Hyde Pre Workout Amplifier Punch,Infinergy(TM),blend,1,1,TRUE,TRUE,Fully disclosed
17699,Mr Hyde Pre Workout Amplifier Punch,Intensity Matrix,blend,1,1,TRUE,TRUE,Fully disclosed
17699,Mr Hyde Pre Workout Amplifier Punch,L-Citrulline Malate,non-nutrient/non-botanical,1,1,TRUE,TRUE,Fully disclosed
17699,Mr Hyde Pre Workout Amplifier Punch,L-Leucine,amino acid,1,1,TRUE,TRUE,Fully disclosed
17699,Mr Hyde Pre Workout Amplifier Punch,N-Methyl Tyramine,non-nutrient/non-botanical,1,1,TRUE,TRUE,Fully disclosed
17699,Mr Hyde Pre Workout Amplifier Punch,Pikatropin,non-nutrient/non-botanical,1,1,TRUE,TRUE,Fully disclosed
17699,Mr Hyde Pre Workout Amplifier Punch,Rauwolfia vomitoria root extract,botanical,1,1,TRUE,TRUE,Fully disclosed
17699,Mr Hyde Pre Workout Amplifier Punch,Strength Matrix,blend,1,1,TRUE,TRUE,Fully disclosed
17699,Mr Hyde Pre Workout Amplifier Punch,Yohimbe bark extract,botanical,1,1,TRUE,TRUE,Fully disclosed
177232,Organic Pre-Workout Apple Ginger,Iron,mineral,1,1,TRUE,TRUE,Fully disclosed
177232,Organic Pre-Workout Apple Ginger,KSM-66 organic Ashwagandha root powder,botanical,1,1,FALSE,FALSE,Not disclosed
177232,Organic Pre-Workout Apple Ginger,Organic ATP and Adaptogen Support,blend,1,1,TRUE,TRUE,Fully disclosed
177232,Organic Pre-Workout Apple Ginger,Organic Energy and Focus,blend,1,1,TRUE,TRUE,Fully disclosed
177232,Organic Pre-Workout Apple Ginger,Organic N.O. and Anti-Oxidant Support,blend,1,1,TRUE,TRUE,Fully disclosed
177232,Organic Pre-Workout Apple Ginger,Potassium,mineral,1,1,TRUE,TRUE,Fully disclosed
177232,Organic Pre-Workout Apple Ginger,Sodium,mineral,1,1,TRUE,TRUE,Fully disclosed
177232,Organic Pre-Workout Apple Ginger,organic Aristotelia chilensis fruit powder,botanical,1,1,FALSE,FALSE,Not disclosed
177232,Organic Pre-Workout Apple Ginger,organic Beet,botanical,1,1,FALSE,FALSE,Not disclosed
177232,Organic Pre-Workout Apple Ginger,organic Cabbage Palm (Acai) fruit powder,botanical,1,1,FALSE,FALSE,Not disclosed
177232,Organic Pre-Workout Apple Ginger,organic Coffee berry powder,botanical,1,1,FALSE,FALSE,Not disclosed
177232,Organic Pre-Workout Apple Ginger,organic Cordyceps Mushroom powder,other,1,1,FALSE,FALSE,Not disclosed
177232,Organic Pre-Workout Apple Ginger,organic Maca root powder,botanical,1,1,FALSE,FALSE,Not disclosed
177232,Organic Pre-Workout Apple Ginger,organic Matcha Green Tea leaf powder,botanical,1,1,FALSE,FALSE,Not disclosed
177232,Organic Pre-Workout Apple Ginger,organic Mate leaf powder,botanical,1,1,FALSE,FALSE,Not disclosed
177232,Organic Pre-Workout Apple Ginger,organic Pomegranate fruit powder,botanical,1,1,FALSE,FALSE,Not disclosed
177235,Organic Pre-Workout Black Cherry,Iron,mineral,1,1,TRUE,TRUE,Fully disclosed
177235,Organic Pre-Workout Black Cherry,KSM-66 organic Ashwagandha root powder,botanical,1,1,FALSE,FALSE,Not disclosed
177235,Organic Pre-Workout Black Cherry,Organic ATP and Adaptogen Support,blend,1,1,TRUE,TRUE,Fully disclosed
177235,Organic Pre-Workout Black Cherry,Organic Energy and Focus,blend,1,1,TRUE,TRUE,Fully disclosed
177235,Organic Pre-Workout Black Cherry,Organic N.O. and Anti-Oxidant Support,blend,1,1,TRUE,TRUE,Fully disclosed
177235,Organic Pre-Workout Black Cherry,Potassium,mineral,1,1,TRUE,TRUE,Fully disclosed
177235,Organic Pre-Workout Black Cherry,Sodium,mineral,1,1,TRUE,TRUE,Fully disclosed
177235,Organic Pre-Workout Black Cherry,organic Aristotelia chilensis fruit powder,botanical,1,1,FALSE,FALSE,Not disclosed
177235,Organic Pre-Workout Black Cherry,organic Beet,botanical,1,1,FALSE,FALSE,Not disclosed
177235,Organic Pre-Workout Black Cherry,organic Cabbage Palm (Acai) fruit powder,botanical,1,1,FALSE,FALSE,Not disclosed
177235,Organic Pre-Workout Black Cherry,organic Coffee berry powder,botanical,1,1,FALSE,FALSE,Not disclosed
177235,Organic Pre-Workout Black Cherry,organic Cordyceps Mushroom powder,other,1,1,FALSE,FALSE,Not disclosed
177235,Organic Pre-Workout Black Cherry,organic Maca root powder,botanical,1,1,FALSE,FALSE,Not disclosed
177235,Organic Pre-Workout Black Cherry,organic Matcha Green Tea leaf powder,botanical,1,1,FALSE,FALSE,Not disclosed
177235,Organic Pre-Workout Black Cherry,organic Mate leaf powder,botanical,1,1,FALSE,FALSE,Not disclosed
177235,Organic Pre-Workout Black Cherry,organic Pomegranate fruit powder,botanical,1,1,FALSE,FALSE,Not disclosed
177236,Organic Pre-Workout Chocolate,Iron,mineral,1,1,TRUE,TRUE,Fully disclosed
177236,Organic Pre-Workout Chocolate,KSM-66 organic Ashwagandha root powder,botanical,1,1,FALSE,FALSE,Not disclosed
177236,Organic Pre-Workout Chocolate,Organic ATP and Adaptogen Support,blend,1,1,TRUE,TRUE,Fully disclosed
177236,Organic Pre-Workout Chocolate,Organic Energy and Focus,blend,1,1,TRUE,TRUE,Fully disclosed
177236,Organic Pre-Workout Chocolate,Organic N.O. and Anti-Oxidant Support,blend,1,1,TRUE,TRUE,Fully disclosed
177236,Organic Pre-Workout Chocolate,Potassium,mineral,1,1,TRUE,TRUE,Fully disclosed
177236,Organic Pre-Workout Chocolate,Sodium,mineral,1,1,TRUE,TRUE,Fully disclosed
177236,Organic Pre-Workout Chocolate,organic Aristotelia chilensis fruit powder,botanical,1,1,FALSE,FALSE,Not disclosed
177236,Organic Pre-Workout Chocolate,organic Beet,botanical,1,1,FALSE,FALSE,Not disclosed
177236,Organic Pre-Workout Chocolate,organic Cabbage Palm (Acai) fruit powder,botanical,1,1,FALSE,FALSE,Not disclosed
177236,Organic Pre-Workout Chocolate,organic Coffee berry powder,botanical,1,1,FALSE,FALSE,Not disclosed
177236,Organic Pre-Workout Chocolate,organic Cordyceps Mushroom powder,other,1,1,FALSE,FALSE,Not disclosed
177236,Organic Pre-Workout Chocolate,organic Maca root powder,botanical,1,1,FALSE,FALSE,Not disclosed
177236,Organic Pre-Workout Chocolate,organic Matcha Green Tea leaf powder,botanical,1,1,FALSE,FALSE,Not disclosed
177236,Organic Pre-Workout Chocolate,organic Mate leaf powder,botanical,1,1,FALSE,FALSE,Not disclosed
177236,Organic Pre-Workout Chocolate,organic Pomegranate fruit powder,botanical,1,1,FALSE,FALSE,Not disclosed
180041,E.S.P. Pre-Workout Blue Raspberry,"1,3,7-Trimethylpurine-2,6-dione",non-nutrient/non-botanical,3,3,FALSE,FALSE,Not disclosed
180041,E.S.P. Pre-Workout Blue Raspberry,"3,7-Dimethyl-1H-Purine-2,6-Dione",non-nutrient/non-botanical,3,3,FALSE,FALSE,Not disclosed
180041,E.S.P. Pre-Workout Blue Raspberry,Beta-Alanine Citrate,amino acid,3,3,FALSE,FALSE,Not disclosed
180041,E.S.P. Pre-Workout Blue Raspberry,Calcium Gluconate,mineral,6,3,TRUE,FALSE,Partially disclosed
180041,E.S.P. Pre-Workout Blue Raspberry,Choline Bitartrate,vitamin,3,3,FALSE,FALSE,Not disclosed
180041,E.S.P. Pre-Workout Blue Raspberry,Dual Support Anti-Aromatase Complex,blend,3,3,FALSE,FALSE,Not disclosed
180041,E.S.P. Pre-Workout Blue Raspberry,Magnesium Gluconate,mineral,6,3,TRUE,FALSE,Partially disclosed
180041,E.S.P. Pre-Workout Blue Raspberry,N-Acetyl-L-Tyrosine,non-nutrient/non-botanical,3,3,FALSE,FALSE,Not disclosed
180041,E.S.P. Pre-Workout Blue Raspberry,Potassium Gluconate,mineral,6,3,TRUE,FALSE,Partially disclosed
180041,E.S.P. Pre-Workout Blue Raspberry,Sodium,mineral,6,3,TRUE,FALSE,Partially disclosed
180041,E.S.P. Pre-Workout Blue Raspberry,Total Protein,protein,3,3,FALSE,FALSE,Not disclosed
180041,E.S.P. Pre-Workout Blue Raspberry,Vitamin B12,vitamin,3,3,TRUE,TRUE,Fully disclosed
180041,E.S.P. Pre-Workout Blue Raspberry,Vitamin B3,vitamin,3,3,TRUE,TRUE,Fully disclosed
180041,E.S.P. Pre-Workout Blue Raspberry,Vitamin B6,vitamin,3,3,TRUE,TRUE,Fully disclosed
180051,E.S.P. Pre-Workout Fruit Punch,"1,3,7-Trimethylpurine-2,6-dione",non-nutrient/non-botanical,3,3,FALSE,FALSE,Not disclosed
180051,E.S.P. Pre-Workout Fruit Punch,"3,7-Dimethyl-1H-Purine-2,6-Dione",non-nutrient/non-botanical,3,3,FALSE,FALSE,Not disclosed
180051,E.S.P. Pre-Workout Fruit Punch,Beta-Alanine Citrate,amino acid,3,3,FALSE,FALSE,Not disclosed
180051,E.S.P. Pre-Workout Fruit Punch,Calcium Gluconate,mineral,6,3,TRUE,FALSE,Partially disclosed
180051,E.S.P. Pre-Workout Fruit Punch,Choline Bitartrate,vitamin,3,3,FALSE,FALSE,Not disclosed
180051,E.S.P. Pre-Workout Fruit Punch,Dual Support Anti-Aromatase Complex,blend,3,3,FALSE,FALSE,Not disclosed
180051,E.S.P. Pre-Workout Fruit Punch,Magnesium Gluconate,mineral,6,3,TRUE,FALSE,Partially disclosed
180051,E.S.P. Pre-Workout Fruit Punch,N-Acetyl-L-Tyrosine,non-nutrient/non-botanical,3,3,FALSE,FALSE,Not disclosed
180051,E.S.P. Pre-Workout Fruit Punch,Potassium Gluconate,mineral,6,3,TRUE,FALSE,Partially disclosed
180051,E.S.P. Pre-Workout Fruit Punch,Sodium,mineral,6,3,TRUE,FALSE,Partially disclosed
180051,E.S.P. Pre-Workout Fruit Punch,Total Protein,protein,3,3,FALSE,FALSE,Not disclosed
180051,E.S.P. Pre-Workout Fruit Punch,Vitamin B12,vitamin,3,3,TRUE,TRUE,Fully disclosed
180051,E.S.P. Pre-Workout Fruit Punch,Vitamin B3,vitamin,3,3,TRUE,TRUE,Fully disclosed
180051,E.S.P. Pre-Workout Fruit Punch,Vitamin B6,vitamin,3,3,TRUE,TRUE,Fully disclosed
180059,E.S.P. Pre-Workout Green Apple,"1,3,7-Trimethylpurine-2,6-dione",non-nutrient/non-botanical,3,3,FALSE,FALSE,Not disclosed
180059,E.S.P. Pre-Workout Green Apple,"3,7-Dimethyl-1H-Purine-2,6-Dione",non-nutrient/non-botanical,3,3,FALSE,FALSE,Not disclosed
180059,E.S.P. Pre-Workout Green Apple,Beta-Alanine Citrate,amino acid,3,3,FALSE,FALSE,Not disclosed
180059,E.S.P. Pre-Workout Green Apple,Calcium Gluconate,mineral,6,3,TRUE,FALSE,Partially disclosed
180059,E.S.P. Pre-Workout Green Apple,Choline Bitartrate,vitamin,3,3,FALSE,FALSE,Not disclosed
180059,E.S.P. Pre-Workout Green Apple,Dual Support Anti-Aromatase Complex,blend,3,3,FALSE,FALSE,Not disclosed
180059,E.S.P. Pre-Workout Green Apple,Magnesium Gluconate,mineral,6,3,TRUE,FALSE,Partially disclosed
180059,E.S.P. Pre-Workout Green Apple,N-Acetyl-L-Tyrosine,non-nutrient/non-botanical,3,3,FALSE,FALSE,Not disclosed
180059,E.S.P. Pre-Workout Green Apple,Potassium Gluconate,mineral,6,3,TRUE,FALSE,Partially disclosed
180059,E.S.P. Pre-Workout Green Apple,Sodium,mineral,6,3,TRUE,FALSE,Partially disclosed
180059,E.S.P. Pre-Workout Green Apple,Total Protein,protein,3,3,FALSE,FALSE,Not disclosed
180059,E.S.P. Pre-Workout Green Apple,Vitamin B12,vitamin,3,3,TRUE,TRUE,Fully disclosed
180059,E.S.P. Pre-Workout Green Apple,Vitamin B3,vitamin,3,3,TRUE,TRUE,Fully disclosed
180059,E.S.P. Pre-Workout Green Apple,Vitamin B6,vitamin,3,3,TRUE,TRUE,Fully disclosed
180062,E.S.P. Pre-Workout Watermelon,"1,3,7-Trimethylpurine-2,6-dione",non-nutrient/non-botanical,3,3,FALSE,FALSE,Not disclosed
180062,E.S.P. Pre-Workout Watermelon,"3,7-Dimethyl-1H-Purine-2,6-Dione",non-nutrient/non-botanical,3,3,FALSE,FALSE,Not disclosed
180062,E.S.P. Pre-Workout Watermelon,Beta-Alanine Citrate,amino acid,3,3,FALSE,FALSE,Not disclosed
180062,E.S.P. Pre-Workout Watermelon,Calcium Gluconate,mineral,6,3,TRUE,FALSE,Partially disclosed
180062,E.S.P. Pre-Workout Watermelon,Choline Bitartrate,vitamin,3,3,FALSE,FALSE,Not disclosed
180062,E.S.P. Pre-Workout Watermelon,Dual Support Anti-Aromatase Complex,blend,3,3,FALSE,FALSE,Not disclosed
180062,E.S.P. Pre-Workout Watermelon,Magnesium Gluconate,mineral,6,3,TRUE,FALSE,Partially disclosed
180062,E.S.P. Pre-Workout Watermelon,N-Acetyl-L-Tyrosine,non-nutrient/non-botanical,3,3,FALSE,FALSE,Not disclosed
180062,E.S.P. Pre-Workout Watermelon,Potassium Gluconate,mineral,6,3,TRUE,FALSE,Partially disclosed
180062,E.S.P. Pre-Workout Watermelon,Sodium,mineral,6,3,TRUE,FALSE,Partially disclosed
180062,E.S.P. Pre-Workout Watermelon,Total Protein,protein,3,3,FALSE,FALSE,Not disclosed
180062,E.S.P. Pre-Workout Watermelon,Vitamin B12,vitamin,3,3,TRUE,TRUE,Fully disclosed
180062,E.S.P. Pre-Workout Watermelon,Vitamin B3,vitamin,3,3,TRUE,TRUE,Fully disclosed
180062,E.S.P. Pre-Workout Watermelon,Vitamin B6,vitamin,3,3,TRUE,TRUE,Fully disclosed
18125,Nano Vapor Hardcore Pre-Workout Formula Sour Apple,Betaine Anhydrous,non-nutrient/non-botanical,2,2,TRUE,TRUE,Fully disclosed
18125,Nano Vapor Hardcore Pre-Workout Formula Sour Apple,Caffeine Anhydrous,non-nutrient/non-botanical,2,2,TRUE,TRUE,Fully disclosed
18125,Nano Vapor Hardcore Pre-Workout Formula Sour Apple,Calcium,mineral,2,2,TRUE,TRUE,Fully disclosed
18125,Nano Vapor Hardcore Pre-Workout Formula Sour Apple,CarnoSyn,amino acid,2,2,TRUE,TRUE,Fully disclosed
18125,Nano Vapor Hardcore Pre-Workout Formula Sour Apple,Cell Volumization and Growth Matrix,blend,2,2,FALSE,FALSE,Not disclosed
18125,Nano Vapor Hardcore Pre-Workout Formula Sour Apple,Creatine Monohydrate,non-nutrient/non-botanical,2,2,TRUE,TRUE,Fully disclosed
18125,Nano Vapor Hardcore Pre-Workout Formula Sour Apple,Energy And Focus Complex,blend,2,2,FALSE,FALSE,Not disclosed
18125,Nano Vapor Hardcore Pre-Workout Formula Sour Apple,L-Aspartic Acid,amino acid,2,2,TRUE,TRUE,Fully disclosed
18125,Nano Vapor Hardcore Pre-Workout Formula Sour Apple,L-Citrulline Malate,non-nutrient/non-botanical,2,2,TRUE,TRUE,Fully disclosed
18125,Nano Vapor Hardcore Pre-Workout Formula Sour Apple,L-Theanine,non-nutrient/non-botanical,2,2,TRUE,TRUE,Fully disclosed
18125,Nano Vapor Hardcore Pre-Workout Formula Sour Apple,Pump and Performance Complex,blend,2,2,FALSE,FALSE,Not disclosed
18125,Nano Vapor Hardcore Pre-Workout Formula Sour Apple,Quercetin,non-nutrient/non-botanical,2,2,TRUE,TRUE,Fully disclosed
18125,Nano Vapor Hardcore Pre-Workout Formula Sour Apple,Sugar,sugar,2,2,FALSE,FALSE,Not disclosed
18125,Nano Vapor Hardcore Pre-Workout Formula Sour Apple,Supplying yohimbine and rauwolscine,blend,2,2,FALSE,FALSE,Not disclosed
18125,Nano Vapor Hardcore Pre-Workout Formula Sour Apple,Taurine,non-nutrient/non-botanical,2,2,TRUE,TRUE,Fully disclosed
18125,Nano Vapor Hardcore Pre-Workout Formula Sour Apple,Vitamin B12,vitamin,2,2,TRUE,TRUE,Fully disclosed
18125,Nano Vapor Hardcore Pre-Workout Formula Sour Apple,Vitamin B6,vitamin,2,2,TRUE,TRUE,Fully disclosed
18125,Nano Vapor Hardcore Pre-Workout Formula Sour Apple,Vitamin C,vitamin,2,2,TRUE,TRUE,Fully disclosed
18125,Nano Vapor Hardcore Pre-Workout Formula Sour Apple,Yohimbe extract,botanical,2,2,TRUE,TRUE,Fully disclosed
181976,Weapon-X Pre-Workout Extreme,4 Amino-2-Methylpentane Citrate,non-nutrient/non-botanical,1,1,FALSE,FALSE,Not disclosed
181976,Weapon-X Pre-Workout Extreme,Agmatine Sulfate,non-nutrient/non-botanical,1,1,FALSE,FALSE,Not disclosed
181976,Weapon-X Pre-Workout Extreme,Beta-Alanine,amino acid,1,1,FALSE,FALSE,Not disclosed
181976,Weapon-X Pre-Workout Extreme,Beta-Phenylethylamine,non-nutrient/non-botanical,1,1,FALSE,FALSE,Not disclosed
181976,Weapon-X Pre-Workout Extreme,Caffeine Anhydrous,non-nutrient/non-botanical,1,1,FALSE,FALSE,Not disclosed
181976,Weapon-X Pre-Workout Extreme,Di-Creatine,non-nutrient/non-botanical,1,1,FALSE,FALSE,Not disclosed
181976,Weapon-X Pre-Workout Extreme,Glucuronolactone,non-nutrient/non-botanical,1,1,FALSE,FALSE,Not disclosed
181976,Weapon-X Pre-Workout Extreme,L-Citrulline,amino acid,1,1,FALSE,FALSE,Not disclosed
181976,Weapon-X Pre-Workout Extreme,L-Tyrosine,amino acid,1,1,FALSE,FALSE,Not disclosed
181976,Weapon-X Pre-Workout Extreme,Naringin extract,non-nutrient/non-botanical,1,1,FALSE,FALSE,Not disclosed
181976,Weapon-X Pre-Workout Extreme,Taurine,non-nutrient/non-botanical,1,1,FALSE,FALSE,Not disclosed
181976,Weapon-X Pre-Workout Extreme,Weapon X Prop Blend,blend,1,1,TRUE,TRUE,Fully disclosed
182473,Rainmaker Extreme Energy Pre-Workout Raspberry Lemonade,Advantra Z Citrus aurantium extract,botanical,2,2,TRUE,TRUE,Fully disclosed
182473,Rainmaker Extreme Energy Pre-Workout Raspberry Lemonade,Beta-Alanine,amino acid,2,2,TRUE,TRUE,Fully disclosed
182473,Rainmaker Extreme Energy Pre-Workout Raspberry Lemonade,Bioperine Black Pepper extract,botanical,2,2,TRUE,TRUE,Fully disclosed
182473,Rainmaker Extreme Energy Pre-Workout Raspberry Lemonade,Caffeine Anhydrous,non-nutrient/non-botanical,2,2,TRUE,TRUE,Fully disclosed
182473,Rainmaker Extreme Energy Pre-Workout Raspberry Lemonade,Calcium,mineral,2,2,TRUE,TRUE,Fully disclosed
182473,Rainmaker Extreme Energy Pre-Workout Raspberry Lemonade,Chloride,mineral,2,2,TRUE,TRUE,Fully disclosed
182473,Rainmaker Extreme Energy Pre-Workout Raspberry Lemonade,Energy & Focus Complex,blend,2,2,TRUE,TRUE,Fully disclosed
182473,Rainmaker Extreme Energy Pre-Workout Raspberry Lemonade,Folic Acid,vitamin,2,2,TRUE,TRUE,Fully disclosed
182473,Rainmaker Extreme Energy Pre-Workout Raspberry Lemonade,HydroMax,blend,2,2,TRUE,TRUE,Fully disclosed
182473,Rainmaker Extreme Energy Pre-Workout Raspberry Lemonade,MagnaPower,non-nutrient/non-botanical,2,2,TRUE,TRUE,Fully disclosed
182473,Rainmaker Extreme Energy Pre-Workout Raspberry Lemonade,Magnesium,mineral,2,2,TRUE,TRUE,Fully disclosed
182473,Rainmaker Extreme Energy Pre-Workout Raspberry Lemonade,N-Acetyl L-Tyrosine,non-nutrient/non-botanical,2,2,TRUE,TRUE,Fully disclosed
182473,Rainmaker Extreme Energy Pre-Workout Raspberry Lemonade,Nitrosigine,non-nutrient/non-botanical,2,2,TRUE,TRUE,Fully disclosed
182473,Rainmaker Extreme Energy Pre-Workout Raspberry Lemonade,"Performance, Pump & Strength Complex",blend,2,2,TRUE,TRUE,Fully disclosed
182473,Rainmaker Extreme Energy Pre-Workout Raspberry Lemonade,Potassium,mineral,2,2,TRUE,TRUE,Fully disclosed
182473,Rainmaker Extreme Energy Pre-Workout Raspberry Lemonade,Sodium,mineral,2,2,TRUE,TRUE,Fully disclosed
182473,Rainmaker Extreme Energy Pre-Workout Raspberry Lemonade,Theacrine,non-nutrient/non-botanical,2,2,TRUE,TRUE,Fully disclosed
182473,Rainmaker Extreme Energy Pre-Workout Raspberry Lemonade,Vitamin B6,vitamin,2,2,TRUE,TRUE,Fully disclosed
182570,Rainmaker Extreme Energy Pre-Workout Sour Apple,Advantra Z Citrus aurantium extract,botanical,2,2,TRUE,TRUE,Fully disclosed
182570,Rainmaker Extreme Energy Pre-Workout Sour Apple,Beta-Alanine,amino acid,2,2,TRUE,TRUE,Fully disclosed
182570,Rainmaker Extreme Energy Pre-Workout Sour Apple,Bioperine Black Pepper extract,botanical,2,2,TRUE,TRUE,Fully disclosed
182570,Rainmaker Extreme Energy Pre-Workout Sour Apple,Caffeine Anhydrous,non-nutrient/non-botanical,2,2,TRUE,TRUE,Fully disclosed
182570,Rainmaker Extreme Energy Pre-Workout Sour Apple,Calcium,mineral,2,2,TRUE,TRUE,Fully disclosed
182570,Rainmaker Extreme Energy Pre-Workout Sour Apple,Chloride,mineral,2,2,TRUE,TRUE,Fully disclosed
182570,Rainmaker Extreme Energy Pre-Workout Sour Apple,Energy & Focus Complex,blend,2,2,TRUE,TRUE,Fully disclosed
182570,Rainmaker Extreme Energy Pre-Workout Sour Apple,Folic Acid,vitamin,2,2,TRUE,TRUE,Fully disclosed
182570,Rainmaker Extreme Energy Pre-Workout Sour Apple,HydroMax,blend,2,2,TRUE,TRUE,Fully disclosed
182570,Rainmaker Extreme Energy Pre-Workout Sour Apple,MagnaPower,non-nutrient/non-botanical,2,2,TRUE,TRUE,Fully disclosed
182570,Rainmaker Extreme Energy Pre-Workout Sour Apple,Magnesium,mineral,2,2,TRUE,TRUE,Fully disclosed
182570,Rainmaker Extreme Energy Pre-Workout Sour Apple,N-Acetyl L-Tyrosine,non-nutrient/non-botanical,2,2,TRUE,TRUE,Fully disclosed
182570,Rainmaker Extreme Energy Pre-Workout Sour Apple,Nitrosigine,non-nutrient/non-botanical,2,2,TRUE,TRUE,Fully disclosed
182570,Rainmaker Extreme Energy Pre-Workout Sour Apple,"Performance, Pump & Strength Complex",blend,2,2,TRUE,TRUE,Fully disclosed
182570,Rainmaker Extreme Energy Pre-Workout Sour Apple,Potassium,mineral,2,2,TRUE,TRUE,Fully disclosed
182570,Rainmaker Extreme Energy Pre-Workout Sour Apple,Sodium,mineral,2,2,TRUE,TRUE,Fully disclosed
182570,Rainmaker Extreme Energy Pre-Workout Sour Apple,Theacrine,non-nutrient/non-botanical,2,2,TRUE,TRUE,Fully disclosed
182570,Rainmaker Extreme Energy Pre-Workout Sour Apple,Vitamin B6,vitamin,2,2,TRUE,TRUE,Fully disclosed
182654,Pre-Workout Watermelon,Calcium,mineral,1,1,TRUE,TRUE,Fully disclosed
182654,Pre-Workout Watermelon,Iron,mineral,1,1,FALSE,FALSE,Not disclosed
182654,Pre-Workout Watermelon,Magnesium,mineral,1,1,TRUE,TRUE,Fully disclosed
182654,Pre-Workout Watermelon,Potassium,mineral,1,1,TRUE,TRUE,Fully disclosed
182654,Pre-Workout Watermelon,Sodium,mineral,1,1,TRUE,TRUE,Fully disclosed
182654,Pre-Workout Watermelon,Vitamin D,vitamin,1,1,TRUE,TRUE,Fully disclosed
182657,Pre-Workout Raspberry Lemonade,Calcium,mineral,1,1,TRUE,TRUE,Fully disclosed
182657,Pre-Workout Raspberry Lemonade,Iron,mineral,1,1,FALSE,FALSE,Not disclosed
182657,Pre-Workout Raspberry Lemonade,Magnesium,mineral,1,1,TRUE,TRUE,Fully disclosed
182657,Pre-Workout Raspberry Lemonade,Potassium,mineral,1,1,TRUE,TRUE,Fully disclosed
182657,Pre-Workout Raspberry Lemonade,Sodium,mineral,1,1,TRUE,TRUE,Fully disclosed
182657,Pre-Workout Raspberry Lemonade,Vitamin D,vitamin,1,1,TRUE,TRUE,Fully disclosed
182691,Rainmaker Extreme Energy Pre-Workout Raspberry Lemonade,Advantra Z Citrus aurantium extract,botanical,1,1,TRUE,TRUE,Fully disclosed
182691,Rainmaker Extreme Energy Pre-Workout Raspberry Lemonade,Beta-Alanine,amino acid,1,1,TRUE,TRUE,Fully disclosed
182691,Rainmaker Extreme Energy Pre-Workout Raspberry Lemonade,Bioperine Black Pepper extract,botanical,1,1,TRUE,TRUE,Fully disclosed
182691,Rainmaker Extreme Energy Pre-Workout Raspberry Lemonade,Caffeine Anhydrous,non-nutrient/non-botanical,1,1,TRUE,TRUE,Fully disclosed
182691,Rainmaker Extreme Energy Pre-Workout Raspberry Lemonade,Calcium,mineral,1,1,TRUE,TRUE,Fully disclosed
182691,Rainmaker Extreme Energy Pre-Workout Raspberry Lemonade,Chloride,mineral,1,1,TRUE,TRUE,Fully disclosed
182691,Rainmaker Extreme Energy Pre-Workout Raspberry Lemonade,Energy & Focus Complex,blend,1,1,TRUE,TRUE,Fully disclosed
182691,Rainmaker Extreme Energy Pre-Workout Raspberry Lemonade,Folic Acid,vitamin,1,1,TRUE,TRUE,Fully disclosed
182691,Rainmaker Extreme Energy Pre-Workout Raspberry Lemonade,HydroMax,blend,1,1,TRUE,TRUE,Fully disclosed
182691,Rainmaker Extreme Energy Pre-Workout Raspberry Lemonade,MagnaPower,non-nutrient/non-botanical,1,1,TRUE,TRUE,Fully disclosed
182691,Rainmaker Extreme Energy Pre-Workout Raspberry Lemonade,Magnesium,mineral,1,1,TRUE,TRUE,Fully disclosed
182691,Rainmaker Extreme Energy Pre-Workout Raspberry Lemonade,N-Acetyl L-Tyrosine,non-nutrient/non-botanical,1,1,TRUE,TRUE,Fully disclosed
182691,Rainmaker Extreme Energy Pre-Workout Raspberry Lemonade,Nitrosigine,non-nutrient/non-botanical,1,1,TRUE,TRUE,Fully disclosed
182691,Rainmaker Extreme Energy Pre-Workout Raspberry Lemonade,"Performance, Pump & Strength Complex",blend,1,1,TRUE,TRUE,Fully disclosed
182691,Rainmaker Extreme Energy Pre-Workout Raspberry Lemonade,Potassium,mineral,1,1,TRUE,TRUE,Fully disclosed
182691,Rainmaker Extreme Energy Pre-Workout Raspberry Lemonade,Sodium,mineral,1,1,TRUE,TRUE,Fully disclosed
182691,Rainmaker Extreme Energy Pre-Workout Raspberry Lemonade,Theacrine,non-nutrient/non-botanical,1,1,TRUE,TRUE,Fully disclosed
182691,Rainmaker Extreme Energy Pre-Workout Raspberry Lemonade,Vitamin B6,vitamin,1,1,TRUE,TRUE,Fully disclosed
182705,Rainmaker Extreme Energy Pre-Workout Sour Apple,Advantra Z Citrus aurantium extract,botanical,1,1,TRUE,TRUE,Fully disclosed
182705,Rainmaker Extreme Energy Pre-Workout Sour Apple,Beta-Alanine,amino acid,1,1,TRUE,TRUE,Fully disclosed
182705,Rainmaker Extreme Energy Pre-Workout Sour Apple,Bioperine Black Pepper extract,botanical,1,1,TRUE,TRUE,Fully disclosed
182705,Rainmaker Extreme Energy Pre-Workout Sour Apple,Caffeine Anhydrous,non-nutrient/non-botanical,1,1,TRUE,TRUE,Fully disclosed
182705,Rainmaker Extreme Energy Pre-Workout Sour Apple,Calcium,mineral,1,1,TRUE,TRUE,Fully disclosed
182705,Rainmaker Extreme Energy Pre-Workout Sour Apple,Chloride,mineral,1,1,TRUE,TRUE,Fully disclosed
182705,Rainmaker Extreme Energy Pre-Workout Sour Apple,Energy & Focus Complex,blend,1,1,TRUE,TRUE,Fully disclosed
182705,Rainmaker Extreme Energy Pre-Workout Sour Apple,Folic Acid,vitamin,1,1,TRUE,TRUE,Fully disclosed
182705,Rainmaker Extreme Energy Pre-Workout Sour Apple,HydroMax,blend,1,1,TRUE,TRUE,Fully disclosed
182705,Rainmaker Extreme Energy Pre-Workout Sour Apple,MagnaPower,non-nutrient/non-botanical,1,1,TRUE,TRUE,Fully disclosed
182705,Rainmaker Extreme Energy Pre-Workout Sour Apple,Magnesium,mineral,1,1,TRUE,TRUE,Fully disclosed
182705,Rainmaker Extreme Energy Pre-Workout Sour Apple,N-Acetyl L-Tyrosine,non-nutrient/non-botanical,1,1,TRUE,TRUE,Fully disclosed
182705,Rainmaker Extreme Energy Pre-Workout Sour Apple,Nitrosigine,non-nutrient/non-botanical,1,1,TRUE,TRUE,Fully disclosed
182705,Rainmaker Extreme Energy Pre-Workout Sour Apple,"Performance, Pump & Strength Complex",blend,1,1,TRUE,TRUE,Fully disclosed
182705,Rainmaker Extreme Energy Pre-Workout Sour Apple,Potassium,mineral,1,1,TRUE,TRUE,Fully disclosed
182705,Rainmaker Extreme Energy Pre-Workout Sour Apple,Sodium,mineral,1,1,TRUE,TRUE,Fully disclosed
182705,Rainmaker Extreme Energy Pre-Workout Sour Apple,Theacrine,non-nutrient/non-botanical,1,1,TRUE,TRUE,Fully disclosed
182705,Rainmaker Extreme Energy Pre-Workout Sour Apple,Vitamin B6,vitamin,1,1,TRUE,TRUE,Fully disclosed
19116,Ripped Freak RF Pre-Workout Blue Raspberry Flavor,"1,3,7-trimethyl-1H-purine-2,6(3H,7H)-dione",non-nutrient/non-botanical,1,1,FALSE,FALSE,Not disclosed
19116,Ripped Freak RF Pre-Workout Blue Raspberry Flavor,3-aminopropanoic acid,amino acid,1,1,FALSE,FALSE,Not disclosed
19116,Ripped Freak RF Pre-Workout Blue Raspberry Flavor,Arginine alpha-ketoglutarate,non-nutrient/non-botanical,1,1,FALSE,FALSE,Not disclosed
19116,Ripped Freak RF Pre-Workout Blue Raspberry Flavor,AstraGin(TM),blend,1,1,FALSE,FALSE,Not disclosed
19116,Ripped Freak RF Pre-Workout Blue Raspberry Flavor,"L-Tyrosine, Instantized",amino acid,1,1,FALSE,FALSE,Not disclosed
19116,Ripped Freak RF Pre-Workout Blue Raspberry Flavor,Oleuropein Aglycone,non-nutrient/non-botanical,1,1,FALSE,FALSE,Not disclosed
19116,Ripped Freak RF Pre-Workout Blue Raspberry Flavor,RIPPED FREAK(R) PROPRIETARY BLEND,blend,1,1,TRUE,TRUE,Fully disclosed
19251,BRX Body Rush X Pre-Workout Watermelon,BRX(TM) Proprietary Blend,blend,1,1,TRUE,TRUE,Fully disclosed
19251,BRX Body Rush X Pre-Workout Watermelon,Caffeine Anhydrous,non-nutrient/non-botanical,1,1,TRUE,TRUE,Fully disclosed
19251,BRX Body Rush X Pre-Workout Watermelon,Energy & Focus Complex,blend,1,1,FALSE,FALSE,Not disclosed
19251,BRX Body Rush X Pre-Workout Watermelon,Strength & Endurance Blend,blend,1,1,FALSE,FALSE,Not disclosed
19251,BRX Body Rush X Pre-Workout Watermelon,Thiamine,vitamin,1,1,TRUE,TRUE,Fully disclosed
19251,BRX Body Rush X Pre-Workout Watermelon,Vitamin B12,vitamin,1,1,TRUE,TRUE,Fully disclosed
19251,BRX Body Rush X Pre-Workout Watermelon,Vitamin B6,vitamin,1,1,TRUE,TRUE,Fully disclosed
19252,BRX Body Rush X Pre-Workout Blue Raz,BRX(TM) Proprietary Blend,blend,1,1,TRUE,TRUE,Fully disclosed
19252,BRX Body Rush X Pre-Workout Blue Raz,Caffeine Anhydrous,non-nutrient/non-botanical,1,1,TRUE,TRUE,Fully disclosed
19252,BRX Body Rush X Pre-Workout Blue Raz,Energy & Focus Complex,blend,1,1,FALSE,FALSE,Not disclosed
19252,BRX Body Rush X Pre-Workout Blue Raz,Strength & Endurance Blend,blend,1,1,FALSE,FALSE,Not disclosed
19252,BRX Body Rush X Pre-Workout Blue Raz,Thiamine,vitamin,1,1,TRUE,TRUE,Fully disclosed
19252,BRX Body Rush X Pre-Workout Blue Raz,Vitamin B12,vitamin,1,1,TRUE,TRUE,Fully disclosed
19252,BRX Body Rush X Pre-Workout Blue Raz,Vitamin B6,vitamin,1,1,TRUE,TRUE,Fully disclosed
200650,InstaGator Pre-Workout Coconut Margarita,Beta-Alanine,amino acid,1,1,TRUE,TRUE,Fully disclosed
200650,InstaGator Pre-Workout Coconut Margarita,Betaine Anhydrous,non-nutrient/non-botanical,1,1,TRUE,TRUE,Fully disclosed
200650,InstaGator Pre-Workout Coconut Margarita,Caffeine Anhydrous,non-nutrient/non-botanical,1,1,TRUE,TRUE,Fully disclosed
200650,InstaGator Pre-Workout Coconut Margarita,Creatine Monohydrate,non-nutrient/non-botanical,1,1,TRUE,TRUE,Fully disclosed
200650,InstaGator Pre-Workout Coconut Margarita,DMAE Bitartrate,non-nutrient/non-botanical,1,1,TRUE,TRUE,Fully disclosed
200650,InstaGator Pre-Workout Coconut Margarita,Huperzine A,non-nutrient/non-botanical,1,1,TRUE,TRUE,Fully disclosed
200653,InstaGator Pre-Workout Whipped Orange Cream,Beta-Alanine,amino acid,1,1,TRUE,TRUE,Fully disclosed
200653,InstaGator Pre-Workout Whipped Orange Cream,Betaine Anhydrous,non-nutrient/non-botanical,1,1,TRUE,TRUE,Fully disclosed
200653,InstaGator Pre-Workout Whipped Orange Cream,Caffeine Anhydrous,non-nutrient/non-botanical,1,1,TRUE,TRUE,Fully disclosed
200653,InstaGator Pre-Workout Whipped Orange Cream,Creatine Monohydrate,non-nutrient/non-botanical,1,1,TRUE,TRUE,Fully disclosed
200653,InstaGator Pre-Workout Whipped Orange Cream,DMAE Bitartrate,non-nutrient/non-botanical,1,1,TRUE,TRUE,Fully disclosed
200653,InstaGator Pre-Workout Whipped Orange Cream,Huperzine A,non-nutrient/non-botanical,1,1,TRUE,TRUE,Fully disclosed
200655,InstaGator Pre-Workout Rainbow Sherbet,Beta-Alanine,amino acid,1,1,TRUE,TRUE,Fully disclosed
200655,InstaGator Pre-Workout Rainbow Sherbet,Betaine Anhydrous,non-nutrient/non-botanical,1,1,TRUE,TRUE,Fully disclosed
200655,InstaGator Pre-Workout Rainbow Sherbet,Caffeine Anhydrous,non-nutrient/non-botanical,1,1,TRUE,TRUE,Fully disclosed
200655,InstaGator Pre-Workout Rainbow Sherbet,Creatine Monohydrate,non-nutrient/non-botanical,1,1,TRUE,TRUE,Fully disclosed
200655,InstaGator Pre-Workout Rainbow Sherbet,DMAE Bitartrate,non-nutrient/non-botanical,1,1,TRUE,TRUE,Fully disclosed
200655,InstaGator Pre-Workout Rainbow Sherbet,Huperzine A,non-nutrient/non-botanical,1,1,TRUE,TRUE,Fully disclosed
202315,Pre-Workout Citrus Dew,Beta-Alanine,amino acid,1,1,TRUE,TRUE,Fully disclosed
202315,Pre-Workout Citrus Dew,Caffeine,non-nutrient/non-botanical,1,1,TRUE,TRUE,Fully disclosed
202315,Pre-Workout Citrus Dew,L-Citrulline Malate,non-nutrient/non-botanical,1,1,TRUE,TRUE,Fully disclosed
202315,Pre-Workout Citrus Dew,L-Theanine,non-nutrient/non-botanical,1,1,TRUE,TRUE,Fully disclosed
202315,Pre-Workout Citrus Dew,L-Tyrosine,amino acid,1,1,TRUE,TRUE,Fully disclosed
202318,Pre-Workout Cotton Candy Grape,Beta-Alanine,amino acid,1,1,TRUE,TRUE,Fully disclosed
202318,Pre-Workout Cotton Candy Grape,Caffeine,non-nutrient/non-botanical,1,1,TRUE,TRUE,Fully disclosed
202318,Pre-Workout Cotton Candy Grape,L-Citrulline Malate,non-nutrient/non-botanical,1,1,TRUE,TRUE,Fully disclosed
202318,Pre-Workout Cotton Candy Grape,L-Theanine,non-nutrient/non-botanical,1,1,TRUE,TRUE,Fully disclosed
202318,Pre-Workout Cotton Candy Grape,L-Tyrosine,amino acid,1,1,TRUE,TRUE,Fully disclosed
202582,Intense Pre-Workout Boost Citrus Burst Flavored,Asian Ginseng,botanical,1,1,FALSE,FALSE,Not disclosed
202582,Intense Pre-Workout Boost Citrus Burst Flavored,Astragalus,botanical,1,1,FALSE,FALSE,Not disclosed
202582,Intense Pre-Workout Boost Citrus Burst Flavored,Caffeine,non-nutrient/non-botanical,1,1,FALSE,FALSE,Not disclosed
202582,Intense Pre-Workout Boost Citrus Burst Flavored,CarnoSyn,amino acid,1,1,TRUE,TRUE,Fully disclosed
202582,Intense Pre-Workout Boost Citrus Burst Flavored,Dextrose,sugar,1,1,FALSE,FALSE,Not disclosed
202582,Intense Pre-Workout Boost Citrus Burst Flavored,Eleuthero,botanical,1,1,FALSE,FALSE,Not disclosed
202582,Intense Pre-Workout Boost Citrus Burst Flavored,Energy Blend,blend,1,1,TRUE,TRUE,Fully disclosed
202582,Intense Pre-Workout Boost Citrus Burst Flavored,Folic Acid,vitamin,1,1,TRUE,TRUE,Fully disclosed
202582,Intense Pre-Workout Boost Citrus Burst Flavored,Ginkgo,botanical,1,1,FALSE,FALSE,Not disclosed
202582,Intense Pre-Workout Boost Citrus Burst Flavored,Jujube,botanical,1,1,FALSE,FALSE,Not disclosed
202582,Intense Pre-Workout Boost Citrus Burst Flavored,Luo Han Guo,botanical,1,1,FALSE,FALSE,Not disclosed
202582,Intense Pre-Workout Boost Citrus Burst Flavored,Lycium,botanical,1,1,FALSE,FALSE,Not disclosed
202582,Intense Pre-Workout Boost Citrus Burst Flavored,Maltodextrin,complex carbohydrate,1,1,FALSE,FALSE,Not disclosed
202582,Intense Pre-Workout Boost Citrus Burst Flavored,Medium Chain Triglycerides,fat,1,1,TRUE,TRUE,Fully disclosed
202582,Intense Pre-Workout Boost Citrus Burst Flavored,Niacin,vitamin,1,1,TRUE,TRUE,Fully disclosed
202582,Intense Pre-Workout Boost Citrus Burst Flavored,Palatinose,sugar,1,1,FALSE,FALSE,Not disclosed
202582,Intense Pre-Workout Boost Citrus Burst Flavored,Pantothenic Acid,vitamin,1,1,TRUE,TRUE,Fully disclosed
202582,Intense Pre-Workout Boost Citrus Burst Flavored,Reishi,other,1,1,FALSE,FALSE,Not disclosed
202582,Intense Pre-Workout Boost Citrus Burst Flavored,Rhodiola root extract,botanical,1,1,TRUE,TRUE,Fully disclosed
202582,Intense Pre-Workout Boost Citrus Burst Flavored,Riboflavin,vitamin,1,1,TRUE,TRUE,Fully disclosed
202582,Intense Pre-Workout Boost Citrus Burst Flavored,Sargassum,other,1,1,FALSE,FALSE,Not disclosed
202582,Intense Pre-Workout Boost Citrus Burst Flavored,Schizandra,botanical,1,1,FALSE,FALSE,Not disclosed
202582,Intense Pre-Workout Boost Citrus Burst Flavored,Sugar,sugar,1,1,TRUE,TRUE,Fully disclosed
202582,Intense Pre-Workout Boost Citrus Burst Flavored,Sustained Energy Matrix,blend,1,1,TRUE,TRUE,Fully disclosed
202582,Intense Pre-Workout Boost Citrus Burst Flavored,Thiamine,vitamin,1,1,TRUE,TRUE,Fully disclosed
202582,Intense Pre-Workout Boost Citrus Burst Flavored,Vitamin B12,vitamin,1,1,TRUE,TRUE,Fully disclosed
202582,Intense Pre-Workout Boost Citrus Burst Flavored,Vitamin B6,vitamin,1,1,TRUE,TRUE,Fully disclosed
202582,Intense Pre-Workout Boost Citrus Burst Flavored,Vitamin C,vitamin,1,1,TRUE,TRUE,Fully disclosed
202582,Intense Pre-Workout Boost Citrus Burst Flavored,Waxy Maize,complex carbohydrate,1,1,FALSE,FALSE,Not disclosed
202960,Pre Workout Tropical Pineapple,Caffeine Anhydrous,non-nutrient/non-botanical,1,1,TRUE,TRUE,Fully disclosed
202960,Pre Workout Tropical Pineapple,Calcium,mineral,1,1,TRUE,TRUE,Fully disclosed
202960,Pre Workout Tropical Pineapple,CarnoSyn,amino acid,1,1,TRUE,TRUE,Fully disclosed
202960,Pre Workout Tropical Pineapple,Chloride,mineral,1,1,TRUE,TRUE,Fully disclosed
202960,Pre Workout Tropical Pineapple,L-Citrulline,amino acid,1,1,TRUE,TRUE,Fully disclosed
202960,Pre Workout Tropical Pineapple,Leucine,amino acid,1,1,TRUE,TRUE,Fully disclosed
202960,Pre Workout Tropical Pineapple,Magnesium,mineral,1,1,TRUE,TRUE,Fully disclosed
202960,Pre Workout Tropical Pineapple,Potassium,mineral,1,1,TRUE,TRUE,Fully disclosed
202960,Pre Workout Tropical Pineapple,Sodium,mineral,1,1,TRUE,TRUE,Fully disclosed
202960,Pre Workout Tropical Pineapple,Taurine,non-nutrient/non-botanical,1,1,TRUE,TRUE,Fully disclosed
203233,Pre Workout Blueberry Lemonade,Caffeine Anhydrous,non-nutrient/non-botanical,1,1,TRUE,TRUE,Fully disclosed
203233,Pre Workout Blueberry Lemonade,Calcium,mineral,1,1,TRUE,TRUE,Fully disclosed
203233,Pre Workout Blueberry Lemonade,CarnoSyn,amino acid,1,1,TRUE,TRUE,Fully disclosed
203233,Pre Workout Blueberry Lemonade,Chloride,mineral,1,1,TRUE,TRUE,Fully disclosed
203233,Pre Workout Blueberry Lemonade,L-Citrulline,amino acid,1,1,TRUE,TRUE,Fully disclosed
203233,Pre Workout Blueberry Lemonade,Leucine,amino acid,1,1,TRUE,TRUE,Fully disclosed
203233,Pre Workout Blueberry Lemonade,Magnesium,mineral,1,1,TRUE,TRUE,Fully disclosed
203233,Pre Workout Blueberry Lemonade,Potassium,mineral,1,1,TRUE,TRUE,Fully disclosed
203233,Pre Workout Blueberry Lemonade,Sodium,mineral,1,1,TRUE,TRUE,Fully disclosed
203233,Pre Workout Blueberry Lemonade,Taurine,non-nutrient/non-botanical,1,1,TRUE,TRUE,Fully disclosed
204332,Pre Workout Grape Flavor,Arginine,amino acid,1,1,FALSE,FALSE,Not disclosed
204332,Pre Workout Grape Flavor,Branched-Chain Amino Acids,amino acid,1,1,FALSE,FALSE,Not disclosed
204332,Pre Workout Grape Flavor,Caffeine,non-nutrient/non-botanical,1,1,TRUE,TRUE,Fully disclosed
204332,Pre Workout Grape Flavor,CarnoSyn,amino acid,1,1,FALSE,FALSE,Not disclosed
204332,Pre Workout Grape Flavor,Creatine,non-nutrient/non-botanical,1,1,FALSE,FALSE,Not disclosed
204332,Pre Workout Grape Flavor,Extreme Energy & Mental Focus AMP Stack,blend,1,1,TRUE,TRUE,Fully disclosed
204332,Pre Workout Grape Flavor,Extreme Muscle Pump Stack,blend,1,1,TRUE,TRUE,Fully disclosed
204332,Pre Workout Grape Flavor,L-Citrulline Malate,non-nutrient/non-botanical,1,1,FALSE,FALSE,Not disclosed
204332,Pre Workout Grape Flavor,L-Lysine Hydrochloride,amino acid,1,1,FALSE,FALSE,Not disclosed
204332,Pre Workout Grape Flavor,L-Taurine,non-nutrient/non-botanical,1,1,FALSE,FALSE,Not disclosed
204332,Pre Workout Grape Flavor,L-Tyrosine,amino acid,1,1,FALSE,FALSE,Not disclosed
204332,Pre Workout Grape Flavor,Nitric Oxide Super (NOS) Charger Stack,blend,1,1,TRUE,TRUE,Fully disclosed
204332,Pre Workout Grape Flavor,Potassium,mineral,1,1,TRUE,TRUE,Fully disclosed
204332,Pre Workout Grape Flavor,Sugar,sugar,1,1,TRUE,TRUE,Fully disclosed
204332,Pre Workout Grape Flavor,Vitamin C,vitamin,1,1,TRUE,TRUE,Fully disclosed
204384,Pre Workout Strawberry Kiwi Flavor,Arginine,amino acid,1,1,FALSE,FALSE,Not disclosed
204384,Pre Workout Strawberry Kiwi Flavor,Branched-Chain Amino Acids,amino acid,1,1,FALSE,FALSE,Not disclosed
204384,Pre Workout Strawberry Kiwi Flavor,Caffeine,non-nutrient/non-botanical,1,1,TRUE,TRUE,Fully disclosed
204384,Pre Workout Strawberry Kiwi Flavor,CarnoSyn,amino acid,1,1,FALSE,FALSE,Not disclosed
204384,Pre Workout Strawberry Kiwi Flavor,Creatine,non-nutrient/non-botanical,1,1,FALSE,FALSE,Not disclosed
204384,Pre Workout Strawberry Kiwi Flavor,Extreme Energy & Mental Focus AMP Blend,blend,1,1,TRUE,TRUE,Fully disclosed
204384,Pre Workout Strawberry Kiwi Flavor,Extreme Muscle Pump Blend,blend,1,1,TRUE,TRUE,Fully disclosed
204384,Pre Workout Strawberry Kiwi Flavor,L-Citrulline Malate,non-nutrient/non-botanical,1,1,FALSE,FALSE,Not disclosed
204384,Pre Workout Strawberry Kiwi Flavor,L-Lysine Hydrochloride,amino acid,1,1,FALSE,FALSE,Not disclosed
204384,Pre Workout Strawberry Kiwi Flavor,L-Taurine,non-nutrient/non-botanical,1,1,FALSE,FALSE,Not disclosed
204384,Pre Workout Strawberry Kiwi Flavor,L-Tyrosine,amino acid,1,1,FALSE,FALSE,Not disclosed
204384,Pre Workout Strawberry Kiwi Flavor,Nitric Oxide Super (NOS) Charger Blend,blend,1,1,TRUE,TRUE,Fully disclosed
204384,Pre Workout Strawberry Kiwi Flavor,Potassium,mineral,1,1,TRUE,TRUE,Fully disclosed
204384,Pre Workout Strawberry Kiwi Flavor,Sugar,sugar,1,1,TRUE,TRUE,Fully disclosed
204384,Pre Workout Strawberry Kiwi Flavor,Vitamin C,vitamin,1,1,TRUE,TRUE,Fully disclosed
204391,Pre Workout Strawberry Kiwi Flavor,Arginine,amino acid,1,1,FALSE,FALSE,Not disclosed
204391,Pre Workout Strawberry Kiwi Flavor,Branched-Chain Amino Acids,amino acid,1,1,FALSE,FALSE,Not disclosed
204391,Pre Workout Strawberry Kiwi Flavor,Caffeine,non-nutrient/non-botanical,1,1,TRUE,TRUE,Fully disclosed
204391,Pre Workout Strawberry Kiwi Flavor,CarnoSyn,amino acid,1,1,FALSE,FALSE,Not disclosed
204391,Pre Workout Strawberry Kiwi Flavor,Creatine,non-nutrient/non-botanical,1,1,FALSE,FALSE,Not disclosed
204391,Pre Workout Strawberry Kiwi Flavor,Explosive Energy & Mental Focus AMP Blend,blend,1,1,TRUE,TRUE,Fully disclosed
204391,Pre Workout Strawberry Kiwi Flavor,Extreme Muscle Pump Blend,blend,1,1,TRUE,TRUE,Fully disclosed
204391,Pre Workout Strawberry Kiwi Flavor,L-Citrulline Malate,non-nutrient/non-botanical,1,1,FALSE,FALSE,Not disclosed
204391,Pre Workout Strawberry Kiwi Flavor,L-Lysine Hydrochloride,amino acid,1,1,FALSE,FALSE,Not disclosed
204391,Pre Workout Strawberry Kiwi Flavor,L-Taurine,non-nutrient/non-botanical,1,1,FALSE,FALSE,Not disclosed
204391,Pre Workout Strawberry Kiwi Flavor,L-Tyrosine,amino acid,1,1,FALSE,FALSE,Not disclosed
204391,Pre Workout Strawberry Kiwi Flavor,Nitric Oxide Super (NOS) Charger Blend,blend,1,1,TRUE,TRUE,Fully disclosed
204391,Pre Workout Strawberry Kiwi Flavor,Potassium,mineral,1,1,TRUE,TRUE,Fully disclosed
204391,Pre Workout Strawberry Kiwi Flavor,Sugar,sugar,1,1,TRUE,TRUE,Fully disclosed
204391,Pre Workout Strawberry Kiwi Flavor,Vitamin C,vitamin,1,1,TRUE,TRUE,Fully disclosed
205171,Amino Power Pre-Workout Natural Raspberry,Branched Chain Amino Acids,blend,1,1,TRUE,TRUE,Fully disclosed
205171,Amino Power Pre-Workout Natural Raspberry,CarnoSyn,amino acid,1,1,TRUE,TRUE,Fully disclosed
205171,Amino Power Pre-Workout Natural Raspberry,Green Coffee bean extract,botanical,1,1,TRUE,TRUE,Fully disclosed
205171,Amino Power Pre-Workout Natural Raspberry,Green Tea extract,botanical,1,1,TRUE,TRUE,Fully disclosed
205171,Amino Power Pre-Workout Natural Raspberry,L-Arginine,amino acid,1,1,TRUE,TRUE,Fully disclosed
205171,Amino Power Pre-Workout Natural Raspberry,L-Carnitine,non-nutrient/non-botanical,1,1,TRUE,TRUE,Fully disclosed
205171,Amino Power Pre-Workout Natural Raspberry,L-Isoleucine,amino acid,1,1,FALSE,FALSE,Not disclosed
205171,Amino Power Pre-Workout Natural Raspberry,L-Leucine,amino acid,1,1,FALSE,FALSE,Not disclosed
205171,Amino Power Pre-Workout Natural Raspberry,L-Valine,amino acid,1,1,FALSE,FALSE,Not disclosed
205171,Amino Power Pre-Workout Natural Raspberry,Sodium,mineral,1,1,TRUE,TRUE,Fully disclosed
205171,Amino Power Pre-Workout Natural Raspberry,Xylitol,non-nutrient/non-botanical,1,1,TRUE,TRUE,Fully disclosed
205171,Amino Power Pre-Workout Natural Raspberry,natural Caffeine powder,non-nutrient/non-botanical,1,1,TRUE,TRUE,Fully disclosed
206189,Super Charge! Pre-Workout Grape,Branched-Chain Amino Acids,blend,1,1,TRUE,TRUE,Fully disclosed
206189,Super Charge! Pre-Workout Grape,Caffeine,non-nutrient/non-botanical,1,1,TRUE,TRUE,Fully disclosed
206189,Super Charge! Pre-Workout Grape,Calcium,mineral,1,1,TRUE,TRUE,Fully disclosed
206189,Super Charge! Pre-Workout Grape,Calcium Gluconate,mineral,1,1,FALSE,FALSE,Not disclosed
206189,Super Charge! Pre-Workout Grape,CarnoSyn,amino acid,1,1,TRUE,TRUE,Fully disclosed
206189,Super Charge! Pre-Workout Grape,Citrulline Nitrate,non-nutrient/non-botanical,1,1,TRUE,TRUE,Fully disclosed
206189,Super Charge! Pre-Workout Grape,Creatine Monohydrate,non-nutrient/non-botanical,1,1,TRUE,TRUE,Fully disclosed
206189,Super Charge! Pre-Workout Grape,Electrolyte Complex,blend,1,1,TRUE,TRUE,Fully disclosed
206189,Super Charge! Pre-Workout Grape,Energy and Mental Focus Complex,blend,1,1,FALSE,FALSE,Not disclosed
206189,Super Charge! Pre-Workout Grape,Huperzine A,non-nutrient/non-botanical,1,1,TRUE,TRUE,Fully disclosed
206189,Super Charge! Pre-Workout Grape,HydroMax Glycerol,other,1,1,TRUE,TRUE,Fully disclosed
206189,Super Charge! Pre-Workout Grape,L-Tyrosine,amino acid,1,1,TRUE,TRUE,Fully disclosed
206189,Super Charge! Pre-Workout Grape,Magnesium,mineral,1,1,TRUE,TRUE,Fully disclosed
206189,Super Charge! Pre-Workout Grape,Magnesium Succinate,mineral,1,1,FALSE,FALSE,Not disclosed
206189,Super Charge! Pre-Workout Grape,Muscle Pump Complex,blend,1,1,FALSE,FALSE,Not disclosed
206189,Super Charge! Pre-Workout Grape,Potassium,mineral,1,1,TRUE,TRUE,Fully disclosed
206189,Super Charge! Pre-Workout Grape,Potassium Phosphate Dibasic,mineral,1,1,FALSE,FALSE,Not disclosed
206189,Super Charge! Pre-Workout Grape,Sodium,mineral,1,1,TRUE,TRUE,Fully disclosed
206189,Super Charge! Pre-Workout Grape,Sodium Chloride,non-nutrient/non-botanical,1,1,FALSE,FALSE,Not disclosed
206189,Super Charge! Pre-Workout Grape,"Strength, Endurance, and Recovery Complex",blend,1,1,FALSE,FALSE,Not disclosed
206189,Super Charge! Pre-Workout Grape,Sugar,sugar,1,1,TRUE,TRUE,Fully disclosed
206189,Super Charge! Pre-Workout Grape,Super Charge Performance Blend,blend,1,1,FALSE,FALSE,Not disclosed
206189,Super Charge! Pre-Workout Grape,Taurine,non-nutrient/non-botanical,1,1,TRUE,TRUE,Fully disclosed
206189,Super Charge! Pre-Workout Grape,Vitamin B12,vitamin,1,1,TRUE,TRUE,Fully disclosed
206189,Super Charge! Pre-Workout Grape,Vitamin B6,vitamin,1,1,TRUE,TRUE,Fully disclosed
206189,Super Charge! Pre-Workout Grape,Vitamin C,vitamin,1,1,TRUE,TRUE,Fully disclosed
206191,Super Charge! Pre-Workout Watermelon,Branched-Chain Amino Acids,blend,1,1,TRUE,TRUE,Fully disclosed
206191,Super Charge! Pre-Workout Watermelon,Caffeine,non-nutrient/non-botanical,1,1,TRUE,TRUE,Fully disclosed
206191,Super Charge! Pre-Workout Watermelon,Calcium,mineral,1,1,TRUE,TRUE,Fully disclosed
206191,Super Charge! Pre-Workout Watermelon,Calcium Gluconate,mineral,1,1,FALSE,FALSE,Not disclosed
206191,Super Charge! Pre-Workout Watermelon,CarnoSyn,amino acid,1,1,TRUE,TRUE,Fully disclosed
206191,Super Charge! Pre-Workout Watermelon,Citrulline Nitrate,non-nutrient/non-botanical,1,1,TRUE,TRUE,Fully disclosed
206191,Super Charge! Pre-Workout Watermelon,Creatine Monohydrate,non-nutrient/non-botanical,1,1,TRUE,TRUE,Fully disclosed
206191,Super Charge! Pre-Workout Watermelon,Electrolyte Complex,blend,1,1,TRUE,TRUE,Fully disclosed
206191,Super Charge! Pre-Workout Watermelon,Energy and Mental Focus Complex,blend,1,1,FALSE,FALSE,Not disclosed
206191,Super Charge! Pre-Workout Watermelon,Huperzine A,non-nutrient/non-botanical,1,1,TRUE,TRUE,Fully disclosed
206191,Super Charge! Pre-Workout Watermelon,HydroMax Glycerol,other,1,1,TRUE,TRUE,Fully disclosed
206191,Super Charge! Pre-Workout Watermelon,L-Tyrosine,amino acid,1,1,TRUE,TRUE,Fully disclosed
206191,Super Charge! Pre-Workout Watermelon,Magnesium,mineral,1,1,TRUE,TRUE,Fully disclosed
206191,Super Charge! Pre-Workout Watermelon,Magnesium Succinate,mineral,1,1,FALSE,FALSE,Not disclosed
206191,Super Charge! Pre-Workout Watermelon,Muscle Pump Complex,blend,1,1,FALSE,FALSE,Not disclosed
206191,Super Charge! Pre-Workout Watermelon,Potassium,mineral,1,1,TRUE,TRUE,Fully disclosed
206191,Super Charge! Pre-Workout Watermelon,Potassium Phosphate Dibasic,mineral,1,1,FALSE,FALSE,Not disclosed
206191,Super Charge! Pre-Workout Watermelon,Sodium,mineral,1,1,TRUE,TRUE,Fully disclosed
206191,Super Charge! Pre-Workout Watermelon,Sodium Chloride,non-nutrient/non-botanical,1,1,FALSE,FALSE,Not disclosed
206191,Super Charge! Pre-Workout Watermelon,"Strength, Endurance, and Recovery Complex",blend,1,1,FALSE,FALSE,Not disclosed
206191,Super Charge! Pre-Workout Watermelon,Sugar,sugar,1,1,TRUE,TRUE,Fully disclosed
206191,Super Charge! Pre-Workout Watermelon,Super Charge Performance Blend,blend,1,1,FALSE,FALSE,Not disclosed
206191,Super Charge! Pre-Workout Watermelon,Taurine,non-nutrient/non-botanical,1,1,TRUE,TRUE,Fully disclosed
206191,Super Charge! Pre-Workout Watermelon,Vitamin B12,vitamin,1,1,TRUE,TRUE,Fully disclosed
206191,Super Charge! Pre-Workout Watermelon,Vitamin B6,vitamin,1,1,TRUE,TRUE,Fully disclosed
206191,Super Charge! Pre-Workout Watermelon,Vitamin C,vitamin,1,1,TRUE,TRUE,Fully disclosed
207647,Pre Workout Blue Raspberry,Caffeine Anhydrous,non-nutrient/non-botanical,1,1,TRUE,TRUE,Fully disclosed
207647,Pre Workout Blue Raspberry,Calcium,mineral,1,1,TRUE,TRUE,Fully disclosed
207647,Pre Workout Blue Raspberry,CarnoSyn,amino acid,1,1,TRUE,TRUE,Fully disclosed
207647,Pre Workout Blue Raspberry,Chloride,mineral,1,1,TRUE,TRUE,Fully disclosed
207647,Pre Workout Blue Raspberry,L-Citrulline,amino acid,1,1,TRUE,TRUE,Fully disclosed
207647,Pre Workout Blue Raspberry,L-Leucine,amino acid,1,1,TRUE,TRUE,Fully disclosed
207647,Pre Workout Blue Raspberry,Magnesium,mineral,1,1,TRUE,TRUE,Fully disclosed
207647,Pre Workout Blue Raspberry,Potassium,mineral,1,1,TRUE,TRUE,Fully disclosed
207647,Pre Workout Blue Raspberry,Taurine,non-nutrient/non-botanical,1,1,TRUE,TRUE,Fully disclosed
207651,Pre Workout Cherry Limeade,Caffeine Anhydrous,non-nutrient/non-botanical,1,1,TRUE,TRUE,Fully disclosed
207651,Pre Workout Cherry Limeade,Calcium,mineral,1,1,TRUE,TRUE,Fully disclosed
207651,Pre Workout Cherry Limeade,CarnoSyn,amino acid,1,1,TRUE,TRUE,Fully disclosed
207651,Pre Workout Cherry Limeade,Chloride,mineral,1,1,TRUE,TRUE,Fully disclosed
207651,Pre Workout Cherry Limeade,L-Citrulline,amino acid,1,1,TRUE,TRUE,Fully disclosed
207651,Pre Workout Cherry Limeade,L-Leucine,amino acid,1,1,TRUE,TRUE,Fully disclosed
207651,Pre Workout Cherry Limeade,Magnesium,mineral,1,1,TRUE,TRUE,Fully disclosed
207651,Pre Workout Cherry Limeade,Potassium,mineral,1,1,TRUE,TRUE,Fully disclosed
207651,Pre Workout Cherry Limeade,Taurine,non-nutrient/non-botanical,1,1,TRUE,TRUE,Fully disclosed
207680,Pre Workout Fruit Punch,Caffeine Anhydrous,non-nutrient/non-botanical,1,1,TRUE,TRUE,Fully disclosed
207680,Pre Workout Fruit Punch,Calcium,mineral,1,1,TRUE,TRUE,Fully disclosed
207680,Pre Workout Fruit Punch,CarnoSyn,amino acid,1,1,TRUE,TRUE,Fully disclosed
207680,Pre Workout Fruit Punch,Chloride,mineral,1,1,TRUE,TRUE,Fully disclosed
207680,Pre Workout Fruit Punch,L-Citrulline,amino acid,1,1,TRUE,TRUE,Fully disclosed
207680,Pre Workout Fruit Punch,L-Leucine,amino acid,1,1,TRUE,TRUE,Fully disclosed
207680,Pre Workout Fruit Punch,Magnesium,mineral,1,1,TRUE,TRUE,Fully disclosed
207680,Pre Workout Fruit Punch,Potassium,mineral,1,1,TRUE,TRUE,Fully disclosed
207680,Pre Workout Fruit Punch,Taurine,non-nutrient/non-botanical,1,1,TRUE,TRUE,Fully disclosed
210095,Clash Fully Loaded Pre-Workout,Agmatine Sulfate,non-nutrient/non-botanical,1,1,TRUE,TRUE,Fully disclosed
210095,Clash Fully Loaded Pre-Workout,Beta-Alanine,amino acid,1,1,TRUE,TRUE,Fully disclosed
210095,Clash Fully Loaded Pre-Workout,Betaine Anhydrous,non-nutrient/non-botanical,1,1,TRUE,TRUE,Fully disclosed
210095,Clash Fully Loaded Pre-Workout,Caffeine,non-nutrient/non-botanical,1,1,TRUE,TRUE,Fully disclosed
210095,Clash Fully Loaded Pre-Workout,Calcium,mineral,1,1,TRUE,TRUE,Fully disclosed
210095,Clash Fully Loaded Pre-Workout,CreaPure Creatine Monohydrate,non-nutrient/non-botanical,1,1,TRUE,TRUE,Fully disclosed
210095,Clash Fully Loaded Pre-Workout,Hordenine HCl,non-nutrient/non-botanical,1,1,TRUE,TRUE,Fully disclosed
210095,Clash Fully Loaded Pre-Workout,Infinergy Dicaffeine Malate,non-nutrient/non-botanical,1,1,TRUE,TRUE,Fully disclosed
210095,Clash Fully Loaded Pre-Workout,Iron,mineral,1,1,TRUE,TRUE,Fully disclosed
210095,Clash Fully Loaded Pre-Workout,L-Citrulline,amino acid,1,1,TRUE,TRUE,Fully disclosed
210095,Clash Fully Loaded Pre-Workout,N-Acetyl L-Tyrosine,non-nutrient/non-botanical,1,1,TRUE,TRUE,Fully disclosed
210095,Clash Fully Loaded Pre-Workout,N-Methyl L-Tyramine HCl,non-nutrient/non-botanical,1,1,TRUE,TRUE,Fully disclosed
210095,Clash Fully Loaded Pre-Workout,Sodium,mineral,1,1,TRUE,TRUE,Fully disclosed
210095,Clash Fully Loaded Pre-Workout,Theacrine,non-nutrient/non-botanical,1,1,TRUE,TRUE,Fully disclosed
210095,Clash Fully Loaded Pre-Workout,Theobromine,non-nutrient/non-botanical,1,1,TRUE,TRUE,Fully disclosed
213960,Natural Pre Workout Carnival Candy,Beta-Alanine,amino acid,1,1,TRUE,TRUE,Fully disclosed
213960,Natural Pre Workout Carnival Candy,Choline L-Bitartrate,vitamin,1,1,TRUE,TRUE,Fully disclosed
213960,Natural Pre Workout Carnival Candy,Creatine Monohydrate,non-nutrient/non-botanical,1,1,TRUE,TRUE,Fully disclosed
213960,Natural Pre Workout Carnival Candy,Erythritol,other,1,1,TRUE,TRUE,Fully disclosed
213960,Natural Pre Workout Carnival Candy,L-Citrulline Malate,non-nutrient/non-botanical,1,1,TRUE,TRUE,Fully disclosed
213960,Natural Pre Workout Carnival Candy,organic Caffeine,non-nutrient/non-botanical,1,1,TRUE,TRUE,Fully disclosed
213962,Natural Pre Workout Island Mist,Beta-Alanine,amino acid,1,1,TRUE,TRUE,Fully disclosed
213962,Natural Pre Workout Island Mist,Choline L-Bitartrate,vitamin,1,1,TRUE,TRUE,Fully disclosed
213962,Natural Pre Workout Island Mist,Creatine Monohydrate,non-nutrient/non-botanical,1,1,TRUE,TRUE,Fully disclosed
213962,Natural Pre Workout Island Mist,Erythritol,non-nutrient/non-botanical,1,1,TRUE,TRUE,Fully disclosed
213962,Natural Pre Workout Island Mist,L-Citrulline Malate,non-nutrient/non-botanical,1,1,TRUE,TRUE,Fully disclosed
213962,Natural Pre Workout Island Mist,organic Caffeine,non-nutrient/non-botanical,1,1,TRUE,TRUE,Fully disclosed
213966,Pinnacle Pre-Workout Maui Crush,Absorption Enhancer,blend,2,2,FALSE,FALSE,Not disclosed
213966,Pinnacle Pre-Workout Maui Crush,Beta-Alanine,amino acid,2,2,TRUE,TRUE,Fully disclosed
213966,Pinnacle Pre-Workout Maui Crush,Betaine Anhydrous,non-nutrient/non-botanical,2,2,TRUE,TRUE,Fully disclosed
213966,Pinnacle Pre-Workout Maui Crush,BioPerine,botanical,2,2,TRUE,TRUE,Fully disclosed
213966,Pinnacle Pre-Workout Maui Crush,Creatine Monohydrate,non-nutrient/non-botanical,2,2,TRUE,TRUE,Fully disclosed
213966,Pinnacle Pre-Workout Maui Crush,Drive Blend,blend,2,2,FALSE,FALSE,Not disclosed
213966,Pinnacle Pre-Workout Maui Crush,Grape Seed Extract,botanical,2,2,TRUE,TRUE,Fully disclosed
213966,Pinnacle Pre-Workout Maui Crush,Huperzine A,non-nutrient/non-botanical,2,2,TRUE,TRUE,Fully disclosed
213966,Pinnacle Pre-Workout Maui Crush,L-Citrulline Malate,non-nutrient/non-botanical,2,2,TRUE,TRUE,Fully disclosed
213966,Pinnacle Pre-Workout Maui Crush,L-Tyrosine,amino acid,2,2,TRUE,TRUE,Fully disclosed
213966,Pinnacle Pre-Workout Maui Crush,Performance Blend,blend,2,2,FALSE,FALSE,Not disclosed
213966,Pinnacle Pre-Workout Maui Crush,Pine bark extract,botanical,2,2,TRUE,TRUE,Fully disclosed
213966,Pinnacle Pre-Workout Maui Crush,Vascularity Blend,blend,2,2,FALSE,FALSE,Not disclosed
213966,Pinnacle Pre-Workout Maui Crush,organic Caffeine,non-nutrient/non-botanical,2,2,TRUE,TRUE,Fully disclosed
213970,Pinnacle Pre-Workout Pink Slushee,Absorption Enhancer,blend,2,2,FALSE,FALSE,Not disclosed
213970,Pinnacle Pre-Workout Pink Slushee,Beta-Alanine,amino acid,2,2,TRUE,TRUE,Fully disclosed
213970,Pinnacle Pre-Workout Pink Slushee,Betaine Anhydrous,non-nutrient/non-botanical,2,2,TRUE,TRUE,Fully disclosed
213970,Pinnacle Pre-Workout Pink Slushee,Bioperine,botanical,2,2,TRUE,TRUE,Fully disclosed
213970,Pinnacle Pre-Workout Pink Slushee,Creatine Monohydrate,non-nutrient/non-botanical,2,2,TRUE,TRUE,Fully disclosed
213970,Pinnacle Pre-Workout Pink Slushee,Drive Blend,blend,2,2,FALSE,FALSE,Not disclosed
213970,Pinnacle Pre-Workout Pink Slushee,Grape Seed Extract,botanical,2,2,TRUE,TRUE,Fully disclosed
213970,Pinnacle Pre-Workout Pink Slushee,Huperzine A,non-nutrient/non-botanical,2,2,TRUE,TRUE,Fully disclosed
213970,Pinnacle Pre-Workout Pink Slushee,L-Citrulline Malate,non-nutrient/non-botanical,2,2,TRUE,TRUE,Fully disclosed
213970,Pinnacle Pre-Workout Pink Slushee,L-Tyrosine,amino acid,2,2,TRUE,TRUE,Fully disclosed
213970,Pinnacle Pre-Workout Pink Slushee,Performance Blend,blend,2,2,FALSE,FALSE,Not disclosed
213970,Pinnacle Pre-Workout Pink Slushee,Pine bark extract,botanical,2,2,TRUE,TRUE,Fully disclosed
213970,Pinnacle Pre-Workout Pink Slushee,Vascularity Blend,blend,2,2,FALSE,FALSE,Not disclosed
213970,Pinnacle Pre-Workout Pink Slushee,organic Caffeine,non-nutrient/non-botanical,2,2,TRUE,TRUE,Fully disclosed
215456,Ketogenic Pre-Workout Pink Lemonade,Alpha-Glycerylphosphorylcholine,non-nutrient/non-botanical,1,1,TRUE,TRUE,Fully disclosed
215456,Ketogenic Pre-Workout Pink Lemonade,Caffeine,non-nutrient/non-botanical,1,1,TRUE,TRUE,Fully disclosed
215456,Ketogenic Pre-Workout Pink Lemonade,Calcium,mineral,1,1,TRUE,TRUE,Fully disclosed
215456,Ketogenic Pre-Workout Pink Lemonade,Calcium Beta-Hydroxybutyrate,non-nutrient/non-botanical,1,1,TRUE,TRUE,Fully disclosed
215456,Ketogenic Pre-Workout Pink Lemonade,Chromium,mineral,1,1,TRUE,TRUE,Fully disclosed
215456,Ketogenic Pre-Workout Pink Lemonade,L-Tyrosine,amino acid,1,1,TRUE,TRUE,Fully disclosed
215456,Ketogenic Pre-Workout Pink Lemonade,Magnesium,mineral,1,1,TRUE,TRUE,Fully disclosed
215456,Ketogenic Pre-Workout Pink Lemonade,Magnesium Beta-Hydroxybutyrate,non-nutrient/non-botanical,1,1,TRUE,TRUE,Fully disclosed
215456,Ketogenic Pre-Workout Pink Lemonade,Niacin,vitamin,1,1,TRUE,TRUE,Fully disclosed
215456,Ketogenic Pre-Workout Pink Lemonade,Potassium,mineral,1,1,TRUE,TRUE,Fully disclosed
215456,Ketogenic Pre-Workout Pink Lemonade,Sodium,mineral,1,1,TRUE,TRUE,Fully disclosed
215456,Ketogenic Pre-Workout Pink Lemonade,Sodium Beta-Hydroxybutyrate,non-nutrient/non-botanical,1,1,TRUE,TRUE,Fully disclosed
215456,Ketogenic Pre-Workout Pink Lemonade,TRAACS Calcium Bisglycinate Chelate,non-nutrient/non-botanical,1,1,TRUE,TRUE,Fully disclosed
215456,Ketogenic Pre-Workout Pink Lemonade,TRAACS Chromium Nicotinate Glycinate Chelate,non-nutrient/non-botanical,1,1,TRUE,TRUE,Fully disclosed
215456,Ketogenic Pre-Workout Pink Lemonade,TRAACS Magnesium Biglycinate Chelate,non-nutrient/non-botanical,1,1,TRUE,TRUE,Fully disclosed
215460,Ketogenic Pre-Workout Star Berry Savers,Alpha-Glycerylphosphorylcholine,non-nutrient/non-botanical,1,1,TRUE,TRUE,Fully disclosed
215460,Ketogenic Pre-Workout Star Berry Savers,Caffeine,non-nutrient/non-botanical,1,1,TRUE,TRUE,Fully disclosed
215460,Ketogenic Pre-Workout Star Berry Savers,Calcium,mineral,1,1,TRUE,TRUE,Fully disclosed
215460,Ketogenic Pre-Workout Star Berry Savers,Calcium Beta-Hydroxybutyrate,non-nutrient/non-botanical,1,1,TRUE,TRUE,Fully disclosed
215460,Ketogenic Pre-Workout Star Berry Savers,Chromium,mineral,1,1,TRUE,TRUE,Fully disclosed
215460,Ketogenic Pre-Workout Star Berry Savers,L-Tyrosine,amino acid,1,1,TRUE,TRUE,Fully disclosed
215460,Ketogenic Pre-Workout Star Berry Savers,Magnesium,mineral,1,1,TRUE,TRUE,Fully disclosed
215460,Ketogenic Pre-Workout Star Berry Savers,Magnesium Beta-Hydroxybutyrate,non-nutrient/non-botanical,1,1,TRUE,TRUE,Fully disclosed
215460,Ketogenic Pre-Workout Star Berry Savers,Niacin,vitamin,1,1,TRUE,TRUE,Fully disclosed
215460,Ketogenic Pre-Workout Star Berry Savers,Potassium,mineral,1,1,TRUE,TRUE,Fully disclosed
215460,Ketogenic Pre-Workout Star Berry Savers,Sodium,mineral,1,1,TRUE,TRUE,Fully disclosed
215460,Ketogenic Pre-Workout Star Berry Savers,Sodium Beta-Hydroxybutyrate,non-nutrient/non-botanical,1,1,TRUE,TRUE,Fully disclosed
215460,Ketogenic Pre-Workout Star Berry Savers,TRAACS Calcium Bisglycinate Chelate,non-nutrient/non-botanical,1,1,TRUE,TRUE,Fully disclosed
215460,Ketogenic Pre-Workout Star Berry Savers,TRAACS Chromium Nicotinate Glycinate Chelate,non-nutrient/non-botanical,1,1,TRUE,TRUE,Fully disclosed
215460,Ketogenic Pre-Workout Star Berry Savers,TRAACS Magnesium Bisglycinate Chelate,non-nutrient/non-botanical,1,1,TRUE,TRUE,Fully disclosed
215633,K-XR Pre-Workout Miami Vice,CarnoSyn,amino acid,1,1,FALSE,FALSE,Not disclosed
215633,K-XR Pre-Workout Miami Vice,Choline Bitartrate,vitamin,1,1,FALSE,FALSE,Not disclosed
215633,K-XR Pre-Workout Miami Vice,Focal & Cognitive Enhancing Blend,blend,1,1,TRUE,TRUE,Fully disclosed
215633,K-XR Pre-Workout Miami Vice,Hordenine HCl,non-nutrient/non-botanical,1,1,FALSE,FALSE,Not disclosed
215633,K-XR Pre-Workout Miami Vice,Huperzia serrata Club Moss extract,botanical,1,1,FALSE,FALSE,Not disclosed
215633,K-XR Pre-Workout Miami Vice,Intense Pump Blend,blend,1,1,TRUE,TRUE,Fully disclosed
215633,K-XR Pre-Workout Miami Vice,Maximum Energy Blend,blend,1,1,TRUE,TRUE,Fully disclosed
215633,K-XR Pre-Workout Miami Vice,Niacin,vitamin,1,1,TRUE,TRUE,Fully disclosed
215633,K-XR Pre-Workout Miami Vice,Rauwolfia vomitoria root extract,botanical,1,1,FALSE,FALSE,Not disclosed
215633,K-XR Pre-Workout Miami Vice,Taurine,non-nutrient/non-botanical,1,1,FALSE,FALSE,Not disclosed
215633,K-XR Pre-Workout Miami Vice,Theobromine,non-nutrient/non-botanical,1,1,FALSE,FALSE,Not disclosed
215633,K-XR Pre-Workout Miami Vice,Triple Stage Caffeine,blend,1,1,FALSE,FALSE,Not disclosed
215633,K-XR Pre-Workout Miami Vice,Vitamin B12,vitamin,1,1,TRUE,TRUE,Fully disclosed
218901,Keto Pre-Workout Watermelon Chill,Beta-Alanine,amino acid,1,1,TRUE,TRUE,Fully disclosed
218901,Keto Pre-Workout Watermelon Chill,Caffeine Anhydrous,non-nutrient/non-botanical,1,1,TRUE,TRUE,Fully disclosed
218901,Keto Pre-Workout Watermelon Chill,Calcium,mineral,1,1,TRUE,TRUE,Fully disclosed
218901,Keto Pre-Workout Watermelon Chill,Calcium Beta-Hydroxybutyrate,non-nutrient/non-botanical,1,1,FALSE,FALSE,Not disclosed
218901,Keto Pre-Workout Watermelon Chill,Huperzia serrata,botanical,1,1,TRUE,TRUE,Fully disclosed
218901,Keto Pre-Workout Watermelon Chill,Keto Blend Performance Complex,blend,1,1,TRUE,TRUE,Fully disclosed
218901,Keto Pre-Workout Watermelon Chill,L-Citrulline,amino acid,1,1,TRUE,TRUE,Fully disclosed
218901,Keto Pre-Workout Watermelon Chill,Magnesium,mineral,1,1,TRUE,TRUE,Fully disclosed
218901,Keto Pre-Workout Watermelon Chill,Magnesium Beta-Hydroxybutyrate,non-nutrient/non-botanical,1,1,FALSE,FALSE,Not disclosed
218901,Keto Pre-Workout Watermelon Chill,Sodium,mineral,1,1,TRUE,TRUE,Fully disclosed
218901,Keto Pre-Workout Watermelon Chill,Sodium Beta-Hydroxybutyrate,non-nutrient/non-botanical,1,1,FALSE,FALSE,Not disclosed
229010,Bucked Up Pre-Workout Blue Raz,ActiGin,blend,1,1,TRUE,TRUE,Fully disclosed
229010,Bucked Up Pre-Workout Blue Raz,AlphaSize Alpha GPC,non-nutrient/non-botanical,1,1,TRUE,TRUE,Fully disclosed
229010,Bucked Up Pre-Workout Blue Raz,AstraGin,blend,1,1,TRUE,TRUE,Fully disclosed
229010,Bucked Up Pre-Workout Blue Raz,Caffeine Anhydrous,non-nutrient/non-botanical,1,1,TRUE,TRUE,Fully disclosed
229010,Bucked Up Pre-Workout Blue Raz,CarnoSyn,amino acid,1,1,TRUE,TRUE,Fully disclosed
229010,Bucked Up Pre-Workout Blue Raz,Citrulline Malate,non-nutrient/non-botanical,1,1,TRUE,TRUE,Fully disclosed
229010,Bucked Up Pre-Workout Blue Raz,Deer Antler Velvet Extract,animal part or source,1,1,TRUE,TRUE,Fully disclosed
229010,Bucked Up Pre-Workout Blue Raz,Himalayan Rock Salt,non-nutrient/non-botanical,1,1,TRUE,TRUE,Fully disclosed
229010,Bucked Up Pre-Workout Blue Raz,Taurine,non-nutrient/non-botanical,1,1,TRUE,TRUE,Fully disclosed
229010,Bucked Up Pre-Workout Blue Raz,Vitamin B12,vitamin,1,1,TRUE,TRUE,Fully disclosed
229016,Bucked Up Pre-Workout Gym N' Juice,Actigin,blend,1,1,TRUE,TRUE,Fully disclosed
229016,Bucked Up Pre-Workout Gym N' Juice,AlphaSize Alpha GPC,non-nutrient/non-botanical,1,1,TRUE,TRUE,Fully disclosed
229016,Bucked Up Pre-Workout Gym N' Juice,AstraGin,blend,1,1,TRUE,TRUE,Fully disclosed
229016,Bucked Up Pre-Workout Gym N' Juice,Beta-Alanine,amino acid,1,1,TRUE,TRUE,Fully disclosed
229016,Bucked Up Pre-Workout Gym N' Juice,Caffeine Anhydrous,non-nutrient/non-botanical,1,1,TRUE,TRUE,Fully disclosed
229016,Bucked Up Pre-Workout Gym N' Juice,Citrulline Malate,non-nutrient/non-botanical,1,1,TRUE,TRUE,Fully disclosed
229016,Bucked Up Pre-Workout Gym N' Juice,Deer Antler Velvet Extract,animal part or source,1,1,TRUE,TRUE,Fully disclosed
229016,Bucked Up Pre-Workout Gym N' Juice,Himalayan Rock Salt,non-nutrient/non-botanical,1,1,TRUE,TRUE,Fully disclosed
229016,Bucked Up Pre-Workout Gym N' Juice,Taurine,non-nutrient/non-botanical,1,1,TRUE,TRUE,Fully disclosed
229016,Bucked Up Pre-Workout Gym N' Juice,Vitamin B12,vitamin,1,1,TRUE,TRUE,Fully disclosed
229018,Bucked Up Pre-Workout 'Merica Rocket Pop,ActiGin,blend,1,1,TRUE,TRUE,Fully disclosed
229018,Bucked Up Pre-Workout 'Merica Rocket Pop,AlphaSize Alpha GPC,non-nutrient/non-botanical,1,1,TRUE,TRUE,Fully disclosed
229018,Bucked Up Pre-Workout 'Merica Rocket Pop,AstraGin,blend,1,1,TRUE,TRUE,Fully disclosed
229018,Bucked Up Pre-Workout 'Merica Rocket Pop,Beta-Alanine,amino acid,1,1,TRUE,TRUE,Fully disclosed
229018,Bucked Up Pre-Workout 'Merica Rocket Pop,Caffeine Anhydrous,non-nutrient/non-botanical,1,1,TRUE,TRUE,Fully disclosed
229018,Bucked Up Pre-Workout 'Merica Rocket Pop,Citrulline Malate,non-nutrient/non-botanical,1,1,TRUE,TRUE,Fully disclosed
229018,Bucked Up Pre-Workout 'Merica Rocket Pop,Deer Antler Velvet Extract,animal part or source,1,1,TRUE,TRUE,Fully disclosed
229018,Bucked Up Pre-Workout 'Merica Rocket Pop,Himalayan Rock Salt,non-nutrient/non-botanical,1,1,TRUE,TRUE,Fully disclosed
229018,Bucked Up Pre-Workout 'Merica Rocket Pop,Taurine,non-nutrient/non-botanical,1,1,TRUE,TRUE,Fully disclosed
229018,Bucked Up Pre-Workout 'Merica Rocket Pop,Vitamin B12,vitamin,1,1,TRUE,TRUE,Fully disclosed
229041,Bucked Up Pre-Workout Strawberry Kiwi,ActiGin,blend,1,1,TRUE,TRUE,Fully disclosed
229041,Bucked Up Pre-Workout Strawberry Kiwi,AlphaSize Alpha GPC,non-nutrient/non-botanical,1,1,TRUE,TRUE,Fully disclosed
229041,Bucked Up Pre-Workout Strawberry Kiwi,AstraGin,blend,1,1,TRUE,TRUE,Fully disclosed
229041,Bucked Up Pre-Workout Strawberry Kiwi,Beta-Alanine,amino acid,1,1,TRUE,TRUE,Fully disclosed
229041,Bucked Up Pre-Workout Strawberry Kiwi,Caffeine Anhydrous,non-nutrient/non-botanical,1,1,TRUE,TRUE,Fully disclosed
229041,Bucked Up Pre-Workout Strawberry Kiwi,Citrulline Malate,non-nutrient/non-botanical,1,1,TRUE,TRUE,Fully disclosed
229041,Bucked Up Pre-Workout Strawberry Kiwi,Deer Antler Velvet Extract,animal part or source,1,1,TRUE,TRUE,Fully disclosed
229041,Bucked Up Pre-Workout Strawberry Kiwi,Sodium,mineral,1,1,TRUE,TRUE,Fully disclosed
229041,Bucked Up Pre-Workout Strawberry Kiwi,Taurine,non-nutrient/non-botanical,1,1,TRUE,TRUE,Fully disclosed
229041,Bucked Up Pre-Workout Strawberry Kiwi,Vitamin B12,vitamin,1,1,TRUE,TRUE,Fully disclosed
229051,Bucked Up Pre-Workout Watermelon,ActiGin,blend,1,1,TRUE,TRUE,Fully disclosed
229051,Bucked Up Pre-Workout Watermelon,AlphaSize Alpha GPC,non-nutrient/non-botanical,1,1,TRUE,TRUE,Fully disclosed
229051,Bucked Up Pre-Workout Watermelon,AstraGin,blend,1,1,TRUE,TRUE,Fully disclosed
229051,Bucked Up Pre-Workout Watermelon,Caffeine Anhydrous,non-nutrient/non-botanical,1,1,TRUE,TRUE,Fully disclosed
229051,Bucked Up Pre-Workout Watermelon,CarnoSyn,amino acid,1,1,TRUE,TRUE,Fully disclosed
229051,Bucked Up Pre-Workout Watermelon,Citrulline Malate,non-nutrient/non-botanical,1,1,TRUE,TRUE,Fully disclosed
229051,Bucked Up Pre-Workout Watermelon,Deer Antler Velvet Extract,animal part or source,1,1,TRUE,TRUE,Fully disclosed
229051,Bucked Up Pre-Workout Watermelon,Himalayan Rock Salt,non-nutrient/non-botanical,1,1,TRUE,TRUE,Fully disclosed
229051,Bucked Up Pre-Workout Watermelon,Taurine,non-nutrient/non-botanical,1,1,TRUE,TRUE,Fully disclosed
229051,Bucked Up Pre-Workout Watermelon,Vitamin B12,vitamin,1,1,TRUE,TRUE,Fully disclosed
230324,NitroSurge Pre-Workout Blue Raspberry,AstraGin,blend,1,1,TRUE,TRUE,Fully disclosed
230324,NitroSurge Pre-Workout Blue Raspberry,Beta-Alanine,amino acid,1,1,TRUE,TRUE,Fully disclosed
230324,NitroSurge Pre-Workout Blue Raspberry,Betaine Anhydrous,non-nutrient/non-botanical,1,1,TRUE,TRUE,Fully disclosed
230324,NitroSurge Pre-Workout Blue Raspberry,Caffeine Anhydrous,non-nutrient/non-botanical,1,1,TRUE,TRUE,Fully disclosed
230324,NitroSurge Pre-Workout Blue Raspberry,L-Citrulline,amino acid,1,1,TRUE,TRUE,Fully disclosed
230324,NitroSurge Pre-Workout Blue Raspberry,L-Theanine,amino acid,1,1,TRUE,TRUE,Fully disclosed
230324,NitroSurge Pre-Workout Blue Raspberry,Theobromine,non-nutrient/non-botanical,1,1,TRUE,TRUE,Fully disclosed
233622,Helios Pre Workout Atomic Bombsicle,2-Aminoisoheptane,non-nutrient/non-botanical,1,1,TRUE,TRUE,Fully disclosed
233622,Helios Pre Workout Atomic Bombsicle,Beta-Alanine,amino acid,1,1,TRUE,TRUE,Fully disclosed
233622,Helios Pre Workout Atomic Bombsicle,Caffeine Anhydrous,non-nutrient/non-botanical,1,1,TRUE,TRUE,Fully disclosed
233622,Helios Pre Workout Atomic Bombsicle,Choline Bitartrate,vitamin,1,1,TRUE,TRUE,Fully disclosed
233622,Helios Pre Workout Atomic Bombsicle,Glucuronolactone,non-nutrient/non-botanical,1,1,TRUE,TRUE,Fully disclosed
233622,Helios Pre Workout Atomic Bombsicle,Huperzine-A,non-nutrient/non-botanical,1,1,TRUE,TRUE,Fully disclosed
233622,Helios Pre Workout Atomic Bombsicle,L-Citrulline,amino acid,1,1,TRUE,TRUE,Fully disclosed
233622,Helios Pre Workout Atomic Bombsicle,N-Acetyl L Tyrosine,non-nutrient/non-botanical,1,1,TRUE,TRUE,Fully disclosed
233622,Helios Pre Workout Atomic Bombsicle,N-Phenethyl Dimethylamine Citrate,non-nutrient/non-botanical,1,1,TRUE,TRUE,Fully disclosed
233622,Helios Pre Workout Atomic Bombsicle,Octopamine HCl,non-nutrient/non-botanical,1,1,TRUE,TRUE,Fully disclosed
233622,Helios Pre Workout Atomic Bombsicle,Theobromine HCl,non-nutrient/non-botanical,1,1,TRUE,TRUE,Fully disclosed
233622,Helios Pre Workout Atomic Bombsicle,Yohimbine HCl,non-nutrient/non-botanical,1,1,TRUE,TRUE,Fully disclosed
233626,Helios Pre Workout Blue Razz,2-Aminoisoheptane,non-nutrient/non-botanical,1,1,TRUE,TRUE,Fully disclosed
233626,Helios Pre Workout Blue Razz,Beta-Alanine,amino acid,1,1,TRUE,TRUE,Fully disclosed
233626,Helios Pre Workout Blue Razz,Caffeine Anhydrous,non-nutrient/non-botanical,1,1,TRUE,TRUE,Fully disclosed
233626,Helios Pre Workout Blue Razz,Choline Bitartrate,vitamin,1,1,TRUE,TRUE,Fully disclosed
233626,Helios Pre Workout Blue Razz,Glucuronolactone,non-nutrient/non-botanical,1,1,TRUE,TRUE,Fully disclosed
233626,Helios Pre Workout Blue Razz,Huperzine-A,non-nutrient/non-botanical,1,1,TRUE,TRUE,Fully disclosed
233626,Helios Pre Workout Blue Razz,L-Citrulline,amino acid,1,1,TRUE,TRUE,Fully disclosed
233626,Helios Pre Workout Blue Razz,N-Acetyl L Tyrosine,non-nutrient/non-botanical,1,1,TRUE,TRUE,Fully disclosed
233626,Helios Pre Workout Blue Razz,N-Phenethyl Dimethylamine Citrate,non-nutrient/non-botanical,1,1,TRUE,TRUE,Fully disclosed
233626,Helios Pre Workout Blue Razz,Octopamine HCl,non-nutrient/non-botanical,1,1,TRUE,TRUE,Fully disclosed
233626,Helios Pre Workout Blue Razz,Theobromine HCl,non-nutrient/non-botanical,1,1,TRUE,TRUE,Fully disclosed
233626,Helios Pre Workout Blue Razz,Yohimbine HCl,non-nutrient/non-botanical,1,1,TRUE,TRUE,Fully disclosed
235589,Hooligan Extreme Pre-Workout Formula Strawberry Margarita,Agmatine Sulfate,non-nutrient/non-botanical,2,2,TRUE,TRUE,Fully disclosed
235589,Hooligan Extreme Pre-Workout Formula Strawberry Margarita,Beta-Alanine,amino acid,2,2,TRUE,TRUE,Fully disclosed
235589,Hooligan Extreme Pre-Workout Formula Strawberry Margarita,Betaine Anhydrous,non-nutrient/non-botanical,2,2,TRUE,TRUE,Fully disclosed
235589,Hooligan Extreme Pre-Workout Formula Strawberry Margarita,BioPerine,botanical,2,2,TRUE,TRUE,Fully disclosed
235589,Hooligan Extreme Pre-Workout Formula Strawberry Margarita,Caffeine Anhydrous,non-nutrient/non-botanical,2,2,TRUE,TRUE,Fully disclosed
235589,Hooligan Extreme Pre-Workout Formula Strawberry Margarita,Dicaffeine Malate,non-nutrient/non-botanical,2,2,TRUE,TRUE,Fully disclosed
235589,Hooligan Extreme Pre-Workout Formula Strawberry Margarita,Himalayan Pink Salt,non-nutrient/non-botanical,2,2,TRUE,TRUE,Fully disclosed
235589,Hooligan Extreme Pre-Workout Formula Strawberry Margarita,L-Alpha GPC,non-nutrient/non-botanical,2,2,TRUE,TRUE,Fully disclosed
235589,Hooligan Extreme Pre-Workout Formula Strawberry Margarita,L-Citrulline,amino acid,2,2,TRUE,TRUE,Fully disclosed
235589,Hooligan Extreme Pre-Workout Formula Strawberry Margarita,Sodium,mineral,2,2,TRUE,TRUE,Fully disclosed
235589,Hooligan Extreme Pre-Workout Formula Strawberry Margarita,Theobromine,non-nutrient/non-botanical,2,2,TRUE,TRUE,Fully disclosed
235589,Hooligan Extreme Pre-Workout Formula Strawberry Margarita,Tyrosine,amino acid,2,2,TRUE,TRUE,Fully disclosed
235589,Hooligan Extreme Pre-Workout Formula Strawberry Margarita,Vitamin B12,vitamin,2,2,TRUE,TRUE,Fully disclosed
235589,Hooligan Extreme Pre-Workout Formula Strawberry Margarita,Vitamin B3,vitamin,2,2,TRUE,TRUE,Fully disclosed
235589,Hooligan Extreme Pre-Workout Formula Strawberry Margarita,Vitamin B6,vitamin,2,2,TRUE,TRUE,Fully disclosed
235589,Hooligan Extreme Pre-Workout Formula Strawberry Margarita,elevATP,blend,2,2,TRUE,TRUE,Fully disclosed
239974,5150 High Stimulant Pre-Workout Green Apple,Beta-Alanine,amino acid,1,1,TRUE,TRUE,Fully disclosed
239974,5150 High Stimulant Pre-Workout Green Apple,Caffeine,non-nutrient/non-botanical,1,1,FALSE,FALSE,Not disclosed
239974,5150 High Stimulant Pre-Workout Green Apple,Caffeine Anhydrous,non-nutrient/non-botanical,1,1,FALSE,FALSE,Not disclosed
239974,5150 High Stimulant Pre-Workout Green Apple,Caffeine Blend,blend,1,1,TRUE,TRUE,Fully disclosed
239974,5150 High Stimulant Pre-Workout Green Apple,Choline Bitartrate,vitamin,1,1,TRUE,TRUE,Fully disclosed
239974,5150 High Stimulant Pre-Workout Green Apple,Dicaffeine Malate,non-nutrient/non-botanical,1,1,FALSE,FALSE,Not disclosed
239974,5150 High Stimulant Pre-Workout Green Apple,Gotu Kola extract,botanical,1,1,FALSE,FALSE,Not disclosed
239974,5150 High Stimulant Pre-Workout Green Apple,Green Coffee Bean extract,botanical,1,1,FALSE,FALSE,Not disclosed
239974,5150 High Stimulant Pre-Workout Green Apple,Guarana extract,botanical,1,1,FALSE,FALSE,Not disclosed
239974,5150 High Stimulant Pre-Workout Green Apple,Hordenine Hydrochloride,non-nutrient/non-botanical,1,1,TRUE,TRUE,Fully disclosed
239974,5150 High Stimulant Pre-Workout Green Apple,L-Citrulline,amino acid,1,1,TRUE,TRUE,Fully disclosed
239974,5150 High Stimulant Pre-Workout Green Apple,L-Taurine,non-nutrient/non-botanical,1,1,TRUE,TRUE,Fully disclosed
239974,5150 High Stimulant Pre-Workout Green Apple,N-Acetyl L-Tyrosine,non-nutrient/non-botanical,1,1,TRUE,TRUE,Fully disclosed
239974,5150 High Stimulant Pre-Workout Green Apple,Rauvolfia canescens,botanical,1,1,FALSE,FALSE,Not disclosed
239974,5150 High Stimulant Pre-Workout Green Apple,Synephrine Hydrochloride,non-nutrient/non-botanical,1,1,TRUE,TRUE,Fully disclosed
239974,5150 High Stimulant Pre-Workout Green Apple,Theobromine,non-nutrient/non-botanical,1,1,FALSE,FALSE,Not disclosed
239974,5150 High Stimulant Pre-Workout Green Apple,Vitamin B12,vitamin,1,1,TRUE,TRUE,Fully disclosed
239974,5150 High Stimulant Pre-Workout Green Apple,Vitamin B3,vitamin,1,1,TRUE,TRUE,Fully disclosed
239974,5150 High Stimulant Pre-Workout Green Apple,Yerba Mate extract,botanical,1,1,FALSE,FALSE,Not disclosed
240233,Pre Workout Raspberry Punch,Agmatine Sulfate,non-nutrient/non-botanical,1,1,TRUE,TRUE,Fully disclosed
240233,Pre Workout Raspberry Punch,BioPerine,botanical,1,1,TRUE,TRUE,Fully disclosed
240233,Pre Workout Raspberry Punch,Caffeine Anhydrous,non-nutrient/non-botanical,1,1,TRUE,TRUE,Fully disclosed
240233,Pre Workout Raspberry Punch,Caffeine Citrate,non-nutrient/non-botanical,1,1,TRUE,TRUE,Fully disclosed
240233,Pre Workout Raspberry Punch,CarnoSyn,amino acid,1,1,TRUE,TRUE,Fully disclosed
240233,Pre Workout Raspberry Punch,Choline,vitamin,1,1,TRUE,TRUE,Fully disclosed
240233,Pre Workout Raspberry Punch,Choline Bitartrate,vitamin,1,1,TRUE,TRUE,Fully disclosed
240233,Pre Workout Raspberry Punch,Citrulline Malate,non-nutrient/non-botanical,1,1,TRUE,TRUE,Fully disclosed
240233,Pre Workout Raspberry Punch,Creapure,non-nutrient/non-botanical,1,1,TRUE,TRUE,Fully disclosed
240233,Pre Workout Raspberry Punch,Dicaffeine Malate,non-nutrient/non-botanical,1,1,TRUE,TRUE,Fully disclosed
240233,Pre Workout Raspberry Punch,Hawthorne,botanical,1,1,TRUE,TRUE,Fully disclosed
240233,Pre Workout Raspberry Punch,Huperzine A,non-nutrient/non-botanical,1,1,TRUE,TRUE,Fully disclosed
240233,Pre Workout Raspberry Punch,L-Isoleucine,amino acid,1,1,TRUE,TRUE,Fully disclosed
240233,Pre Workout Raspberry Punch,L-Leucine,amino acid,1,1,TRUE,TRUE,Fully disclosed
240233,Pre Workout Raspberry Punch,L-Valine,amino acid,1,1,TRUE,TRUE,Fully disclosed
240233,Pre Workout Raspberry Punch,Vitamin B12,vitamin,1,1,TRUE,TRUE,Fully disclosed
240233,Pre Workout Raspberry Punch,Vitamin B6,vitamin,1,1,TRUE,TRUE,Fully disclosed
240233,Pre Workout Raspberry Punch,Vitamin C,vitamin,1,1,TRUE,TRUE,Fully disclosed
242064,Savage Pre-Workout Blue Raspberry,2-Aminoisoheptane,non-nutrient/non-botanical,1,1,TRUE,TRUE,Fully disclosed
242064,Savage Pre-Workout Blue Raspberry,Agmatine Sulfate,non-nutrient/non-botanical,1,1,TRUE,TRUE,Fully disclosed
242064,Savage Pre-Workout Blue Raspberry,Beta-Alanine,amino acid,1,1,TRUE,TRUE,Fully disclosed
242064,Savage Pre-Workout Blue Raspberry,Caffeine Anhydrous,non-nutrient/non-botanical,1,1,TRUE,TRUE,Fully disclosed
242064,Savage Pre-Workout Blue Raspberry,Citrulline Malate,non-nutrient/non-botanical,1,1,TRUE,TRUE,Fully disclosed
242064,Savage Pre-Workout Blue Raspberry,D-Aspartic Acid,amino acid,1,1,TRUE,TRUE,Fully disclosed
242064,Savage Pre-Workout Blue Raspberry,Green Tea extract,botanical,1,1,TRUE,TRUE,Fully disclosed
242064,Savage Pre-Workout Blue Raspberry,Huperzine A,non-nutrient/non-botanical,1,1,TRUE,TRUE,Fully disclosed
242064,Savage Pre-Workout Blue Raspberry,L-Theanine,amino acid,1,1,TRUE,TRUE,Fully disclosed
242064,Savage Pre-Workout Blue Raspberry,N-Acetyl-L-Tyrosine,non-nutrient/non-botanical,1,1,TRUE,TRUE,Fully disclosed
242064,Savage Pre-Workout Blue Raspberry,Yohimbine HCl,non-nutrient/non-botanical,1,1,TRUE,TRUE,Fully disclosed
243793,Klean Pre-Workout Natural Lemon Tea Flavor,Nitrates,other,1,1,TRUE,TRUE,Fully disclosed
243793,Klean Pre-Workout Natural Lemon Tea Flavor,Sodium,mineral,1,1,TRUE,TRUE,Fully disclosed
243793,Klean Pre-Workout Natural Lemon Tea Flavor,TruBeet Beet root extract,botanical,1,1,TRUE,TRUE,Fully disclosed
243793,Klean Pre-Workout Natural Lemon Tea Flavor,Vitamin C,vitamin,1,1,TRUE,TRUE,Fully disclosed
243793,Klean Pre-Workout Natural Lemon Tea Flavor,organic Caffeine,non-nutrient/non-botanical,1,1,TRUE,TRUE,Fully disclosed
243942,Organic Pre-Workout Passionfruit Guava,"Energy, Focus and Stamina",blend,1,1,TRUE,TRUE,Fully disclosed
243942,Organic Pre-Workout Passionfruit Guava,Metabolic Boost,blend,1,1,TRUE,TRUE,Fully disclosed
243942,Organic Pre-Workout Passionfruit Guava,Natural flavoring,other,1,1,TRUE,TRUE,Fully disclosed
243942,Organic Pre-Workout Passionfruit Guava,Potassium,mineral,1,1,TRUE,TRUE,Fully disclosed
243942,Organic Pre-Workout Passionfruit Guava,Sodium,mineral,1,1,FALSE,FALSE,Not disclosed
243942,Organic Pre-Workout Passionfruit Guava,Sugar,sugar,1,1,TRUE,TRUE,Fully disclosed
243942,Organic Pre-Workout Passionfruit Guava,Vascularity and Pump,blend,1,1,TRUE,TRUE,Fully disclosed
243942,Organic Pre-Workout Passionfruit Guava,certified organic Acai,botanical,1,1,FALSE,FALSE,Not disclosed
243942,Organic Pre-Workout Passionfruit Guava,certified organic Aloe Vera,botanical,1,1,FALSE,FALSE,Not disclosed
243942,Organic Pre-Workout Passionfruit Guava,certified organic Beet,botanical,1,1,FALSE,FALSE,Not disclosed
243942,Organic Pre-Workout Passionfruit Guava,certified organic Blueberry,botanical,1,1,FALSE,FALSE,Not disclosed
243942,Organic Pre-Workout Passionfruit Guava,certified organic Coconut Water,botanical,1,1,FALSE,FALSE,Not disclosed
243942,Organic Pre-Workout Passionfruit Guava,certified organic Cordyceps Mushroom,other,1,1,FALSE,FALSE,Not disclosed
243942,Organic Pre-Workout Passionfruit Guava,certified organic Cranberry,botanical,1,1,FALSE,FALSE,Not disclosed
243942,Organic Pre-Workout Passionfruit Guava,certified organic Eleuthero,botanical,1,1,FALSE,FALSE,Not disclosed
243942,Organic Pre-Workout Passionfruit Guava,certified organic Ginseng,botanical,1,1,FALSE,FALSE,Not disclosed
243942,Organic Pre-Workout Passionfruit Guava,certified organic Goji,botanical,1,1,FALSE,FALSE,Not disclosed
243942,Organic Pre-Workout Passionfruit Guava,certified organic Green Coffee extract,botanical,1,1,FALSE,FALSE,Not disclosed
243942,Organic Pre-Workout Passionfruit Guava,certified organic Green Tea extract,botanical,1,1,FALSE,FALSE,Not disclosed
243942,Organic Pre-Workout Passionfruit Guava,certified organic Guava flavor,botanical,1,1,FALSE,FALSE,Not disclosed
243942,Organic Pre-Workout Passionfruit Guava,certified organic Luo Han Guo berry extract,botanical,1,1,FALSE,FALSE,Not disclosed
243942,Organic Pre-Workout Passionfruit Guava,certified organic Maca,botanical,1,1,FALSE,FALSE,Not disclosed
243942,Organic Pre-Workout Passionfruit Guava,certified organic Matcha Green Tea,botanical,1,1,FALSE,FALSE,Not disclosed
243942,Organic Pre-Workout Passionfruit Guava,certified organic Passionfruit flavor,botanical,1,1,FALSE,FALSE,Not disclosed
243942,Organic Pre-Workout Passionfruit Guava,certified organic Pomegranate,botanical,1,1,FALSE,FALSE,Not disclosed
243942,Organic Pre-Workout Passionfruit Guava,certified organic Raspberry,botanical,1,1,FALSE,FALSE,Not disclosed
243942,Organic Pre-Workout Passionfruit Guava,certified organic Rhodiola rosea,botanical,1,1,FALSE,FALSE,Not disclosed
243942,Organic Pre-Workout Passionfruit Guava,certified organic Strawberry,botanical,1,1,FALSE,FALSE,Not disclosed
243942,Organic Pre-Workout Passionfruit Guava,certified organic Yerba Mate extract,botanical,1,1,FALSE,FALSE,Not disclosed
243944,Organic Pre-Workout Strawberry Mango,"Energy, Focus and Stamina",blend,1,1,TRUE,TRUE,Fully disclosed
243944,Organic Pre-Workout Strawberry Mango,Metabolic Boost,blend,1,1,TRUE,TRUE,Fully disclosed
243944,Organic Pre-Workout Strawberry Mango,Natural flavoring,other,1,1,TRUE,TRUE,Fully disclosed
243944,Organic Pre-Workout Strawberry Mango,Sodium,mineral,1,1,TRUE,TRUE,Fully disclosed
243944,Organic Pre-Workout Strawberry Mango,Vascularity and Pump,blend,1,1,TRUE,TRUE,Fully disclosed
243944,Organic Pre-Workout Strawberry Mango,certified organic Acai,botanical,1,1,FALSE,FALSE,Not disclosed
243944,Organic Pre-Workout Strawberry Mango,certified organic Aloe Vera,botanical,1,1,FALSE,FALSE,Not disclosed
243944,Organic Pre-Workout Strawberry Mango,certified organic Beet,botanical,1,1,FALSE,FALSE,Not disclosed
243944,Organic Pre-Workout Strawberry Mango,certified organic Blueberry,botanical,1,1,FALSE,FALSE,Not disclosed
243944,Organic Pre-Workout Strawberry Mango,certified organic Coconut Water,botanical,1,1,FALSE,FALSE,Not disclosed
243944,Organic Pre-Workout Strawberry Mango,certified organic Cordyceps Mushroom,other,1,1,FALSE,FALSE,Not disclosed
243944,Organic Pre-Workout Strawberry Mango,certified organic Cranberry,botanical,1,1,FALSE,FALSE,Not disclosed
243944,Organic Pre-Workout Strawberry Mango,certified organic Eleuthero,botanical,1,1,FALSE,FALSE,Not disclosed
243944,Organic Pre-Workout Strawberry Mango,certified organic Ginseng,botanical,1,1,FALSE,FALSE,Not disclosed
243944,Organic Pre-Workout Strawberry Mango,certified organic Green Coffee extract,botanical,1,1,FALSE,FALSE,Not disclosed
243944,Organic Pre-Workout Strawberry Mango,certified organic Green Tea extract,botanical,1,1,FALSE,FALSE,Not disclosed
243944,Organic Pre-Workout Strawberry Mango,certified organic Luo Han Guo berry extract,botanical,1,1,FALSE,FALSE,Not disclosed
243944,Organic Pre-Workout Strawberry Mango,certified organic Lycii,botanical,1,1,FALSE,FALSE,Not disclosed
243944,Organic Pre-Workout Strawberry Mango,certified organic Maca,botanical,1,1,FALSE,FALSE,Not disclosed
243944,Organic Pre-Workout Strawberry Mango,certified organic Mango,botanical,1,1,FALSE,FALSE,Not disclosed
243944,Organic Pre-Workout Strawberry Mango,certified organic Matcha Green Tea,botanical,1,1,FALSE,FALSE,Not disclosed
243944,Organic Pre-Workout Strawberry Mango,certified organic Pomegranate,botanical,1,1,FALSE,FALSE,Not disclosed
243944,Organic Pre-Workout Strawberry Mango,certified organic Raspberry,botanical,1,1,FALSE,FALSE,Not disclosed
243944,Organic Pre-Workout Strawberry Mango,certified organic Rhodiola rosea,botanical,1,1,FALSE,FALSE,Not disclosed
243944,Organic Pre-Workout Strawberry Mango,certified organic Strawberry,botanical,1,1,FALSE,FALSE,Not disclosed
243944,Organic Pre-Workout Strawberry Mango,certified organic Strawberry flavor,other,1,1,FALSE,FALSE,Not disclosed
243944,Organic Pre-Workout Strawberry Mango,certified organic Yerba Mate extract,botanical,1,1,FALSE,FALSE,Not disclosed
243944,Organic Pre-Workout Strawberry Mango,natural Mango flavor,botanical,1,1,FALSE,FALSE,Not disclosed
243982,Klean Pre-Workout Natural Lemon Tea Flavor,Nitrates,other,1,1,TRUE,TRUE,Fully disclosed
243982,Klean Pre-Workout Natural Lemon Tea Flavor,Sodium,mineral,1,1,TRUE,TRUE,Fully disclosed
243982,Klean Pre-Workout Natural Lemon Tea Flavor,TruBeet Beet root extract,botanical,1,1,TRUE,TRUE,Fully disclosed
243982,Klean Pre-Workout Natural Lemon Tea Flavor,Vitamin C,vitamin,1,1,TRUE,TRUE,Fully disclosed
243982,Klean Pre-Workout Natural Lemon Tea Flavor,organic Caffeine,non-nutrient/non-botanical,1,1,TRUE,TRUE,Fully disclosed
244013,Pre-Workout Pink Blast,Betaine Anhydrous,non-nutrient/non-botanical,1,1,TRUE,TRUE,Fully disclosed
244013,Pre-Workout Pink Blast,Black Pepper extract,botanical,1,1,TRUE,TRUE,Fully disclosed
244013,Pre-Workout Pink Blast,Caffeine,non-nutrient/non-botanical,1,1,TRUE,TRUE,Fully disclosed
244013,Pre-Workout Pink Blast,CarnoSyn,amino acid,1,1,TRUE,TRUE,Fully disclosed
244013,Pre-Workout Pink Blast,Citicoline,non-nutrient/non-botanical,1,1,TRUE,TRUE,Fully disclosed
244013,Pre-Workout Pink Blast,Huperzia serrata extract,botanical,1,1,TRUE,TRUE,Fully disclosed
244013,Pre-Workout Pink Blast,L-Arginine,amino acid,1,1,TRUE,TRUE,Fully disclosed
244013,Pre-Workout Pink Blast,L-Citrulline Malate,non-nutrient/non-botanical,1,1,TRUE,TRUE,Fully disclosed
244013,Pre-Workout Pink Blast,L-Taurine,non-nutrient/non-botanical,1,1,TRUE,TRUE,Fully disclosed
244013,Pre-Workout Pink Blast,L-Tyrosine,amino acid,1,1,TRUE,TRUE,Fully disclosed
244013,Pre-Workout Pink Blast,N-Acetyl L-Tyrosine,non-nutrient/non-botanical,1,1,TRUE,TRUE,Fully disclosed
244013,Pre-Workout Pink Blast,Sodium,mineral,1,1,TRUE,TRUE,Fully disclosed
244022,Pre-Workout Electric Lemonade,Betaine Anhydrous,non-nutrient/non-botanical,1,1,TRUE,TRUE,Fully disclosed
244022,Pre-Workout Electric Lemonade,Black Pepper extract,botanical,1,1,TRUE,TRUE,Fully disclosed
244022,Pre-Workout Electric Lemonade,Caffeine,non-nutrient/non-botanical,1,1,TRUE,TRUE,Fully disclosed
244022,Pre-Workout Electric Lemonade,CarnoSyn,amino acid,1,1,TRUE,TRUE,Fully disclosed
244022,Pre-Workout Electric Lemonade,Citicoline,non-nutrient/non-botanical,1,1,TRUE,TRUE,Fully disclosed
244022,Pre-Workout Electric Lemonade,Huperzia serrata extract,botanical,1,1,TRUE,TRUE,Fully disclosed
244022,Pre-Workout Electric Lemonade,L-Arginine,amino acid,1,1,TRUE,TRUE,Fully disclosed
244022,Pre-Workout Electric Lemonade,L-Citrulline Malate,non-nutrient/non-botanical,1,1,TRUE,TRUE,Fully disclosed
244022,Pre-Workout Electric Lemonade,L-Taurine,non-nutrient/non-botanical,1,1,TRUE,TRUE,Fully disclosed
244022,Pre-Workout Electric Lemonade,L-Tyrosine,amino acid,1,1,TRUE,TRUE,Fully disclosed
244022,Pre-Workout Electric Lemonade,N-Acetyl L-Tyrosine,non-nutrient/non-botanical,1,1,TRUE,TRUE,Fully disclosed
244022,Pre-Workout Electric Lemonade,Sodium,mineral,1,1,TRUE,TRUE,Fully disclosed
244118,Sasquatch Pre-Workout,Caffeine,non-nutrient/non-botanical,1,1,TRUE,TRUE,Fully disclosed
244118,Sasquatch Pre-Workout,Calcium,mineral,1,1,TRUE,TRUE,Fully disclosed
244118,Sasquatch Pre-Workout,CarnoSyn,amino acid,1,1,TRUE,TRUE,Fully disclosed
244118,Sasquatch Pre-Workout,Choline,vitamin,1,1,TRUE,TRUE,Fully disclosed
244118,Sasquatch Pre-Workout,Coenzyme Q10,non-nutrient/non-botanical,1,1,TRUE,TRUE,Fully disclosed
244118,Sasquatch Pre-Workout,CreaPure Creatine Monohydrate,non-nutrient/non-botanical,1,1,TRUE,TRUE,Fully disclosed
244118,Sasquatch Pre-Workout,Hawthorn berry extract,botanical,1,1,TRUE,TRUE,Fully disclosed
244118,Sasquatch Pre-Workout,Inavea Pure Acacia,botanical,1,1,TRUE,TRUE,Fully disclosed
244118,Sasquatch Pre-Workout,L-Citrulline,amino acid,1,1,TRUE,TRUE,Fully disclosed
244118,Sasquatch Pre-Workout,Magnesium,mineral,1,1,TRUE,TRUE,Fully disclosed
244118,Sasquatch Pre-Workout,N-Acetyl-L-Tyrosine,non-nutrient/non-botanical,1,1,TRUE,TRUE,Fully disclosed
244118,Sasquatch Pre-Workout,Phosphorus,mineral,1,1,TRUE,TRUE,Fully disclosed
244118,Sasquatch Pre-Workout,Potassium,mineral,1,1,TRUE,TRUE,Fully disclosed
244118,Sasquatch Pre-Workout,S7,blend,1,1,TRUE,TRUE,Fully disclosed
244118,Sasquatch Pre-Workout,Sodium,mineral,1,1,TRUE,TRUE,Fully disclosed
244118,Sasquatch Pre-Workout,Taurine,non-nutrient/non-botanical,1,1,TRUE,TRUE,Fully disclosed
244118,Sasquatch Pre-Workout,Thiamine,vitamin,1,1,TRUE,TRUE,Fully disclosed
244118,Sasquatch Pre-Workout,Vitamin B12,vitamin,1,1,TRUE,TRUE,Fully disclosed
244118,Sasquatch Pre-Workout,Vitamin B6,vitamin,1,1,TRUE,TRUE,Fully disclosed
244118,Sasquatch Pre-Workout,Vitamin C,vitamin,1,1,TRUE,TRUE,Fully disclosed
244118,Sasquatch Pre-Workout,Vitamin E,vitamin,1,1,TRUE,TRUE,Fully disclosed
245694,Energizing Pre-Workout Pink Lemonade,Beta-Alanine,amino acid,1,1,TRUE,TRUE,Fully disclosed
245694,Energizing Pre-Workout Pink Lemonade,Caffeine Anhydrous,non-nutrient/non-botanical,1,1,TRUE,TRUE,Fully disclosed
245694,Energizing Pre-Workout Pink Lemonade,Creatine Monohydrate,non-nutrient/non-botanical,1,1,TRUE,TRUE,Fully disclosed
245694,Energizing Pre-Workout Pink Lemonade,Explosive Energy + Mental Focus Igniter,blend,1,1,TRUE,TRUE,Fully disclosed
245694,Energizing Pre-Workout Pink Lemonade,Folate,vitamin,1,1,TRUE,TRUE,Fully disclosed
245694,Energizing Pre-Workout Pink Lemonade,L-Arginine Alpha-Ketoglutarate,non-nutrient/non-botanical,1,1,TRUE,TRUE,Fully disclosed
245694,Energizing Pre-Workout Pink Lemonade,L-Tyrosine,amino acid,1,1,TRUE,TRUE,Fully disclosed
245694,Energizing Pre-Workout Pink Lemonade,Niacin,vitamin,1,1,TRUE,TRUE,Fully disclosed
245694,Energizing Pre-Workout Pink Lemonade,Strength + Performance Blend,blend,1,1,TRUE,TRUE,Fully disclosed
245694,Energizing Pre-Workout Pink Lemonade,Taurine,non-nutrient/non-botanical,1,1,TRUE,TRUE,Fully disclosed
245694,Energizing Pre-Workout Pink Lemonade,Vitamin B12,vitamin,1,1,TRUE,TRUE,Fully disclosed
245694,Energizing Pre-Workout Pink Lemonade,Vitamin B6,vitamin,1,1,TRUE,TRUE,Fully disclosed
245694,Energizing Pre-Workout Pink Lemonade,Vitamin C,vitamin,1,1,TRUE,TRUE,Fully disclosed
246833,Zuum Pre-Workout Sour Green Apple,AstraGin,blend,1,1,TRUE,TRUE,Fully disclosed
246833,Zuum Pre-Workout Sour Green Apple,Astragalus membranaceus 10:1 root extract,botanical,1,1,FALSE,FALSE,Not disclosed
246833,Zuum Pre-Workout Sour Green Apple,Biotin,vitamin,1,1,TRUE,TRUE,Fully disclosed
246833,Zuum Pre-Workout Sour Green Apple,Calcium,mineral,1,1,TRUE,TRUE,Fully disclosed
246833,Zuum Pre-Workout Sour Green Apple,Chloride,mineral,1,1,TRUE,TRUE,Fully disclosed
246833,Zuum Pre-Workout Sour Green Apple,L-Citrulline,amino acid,1,1,TRUE,TRUE,Fully disclosed
246833,Zuum Pre-Workout Sour Green Apple,L-Theanine,amino acid,1,1,TRUE,TRUE,Fully disclosed
246833,Zuum Pre-Workout Sour Green Apple,Panax Notoginseng 50:1 root extract,botanical,1,1,TRUE,TRUE,Fully disclosed
246833,Zuum Pre-Workout Sour Green Apple,Potassium,mineral,1,1,TRUE,TRUE,Fully disclosed
246833,Zuum Pre-Workout Sour Green Apple,Sodium,mineral,1,1,TRUE,TRUE,Fully disclosed
246833,Zuum Pre-Workout Sour Green Apple,Vitamin B1,vitamin,1,1,TRUE,TRUE,Fully disclosed
246833,Zuum Pre-Workout Sour Green Apple,natural Caffeine,non-nutrient/non-botanical,1,1,TRUE,TRUE,Fully disclosed
247878,Pre-Workout Aloha Pineapple,Beta-Alanine,amino acid,1,1,TRUE,TRUE,Fully disclosed
247878,Pre-Workout Aloha Pineapple,Caffeine,non-nutrient/non-botanical,1,1,TRUE,TRUE,Fully disclosed
247878,Pre-Workout Aloha Pineapple,L-Citrulline Malate,non-nutrient/non-botanical,1,1,TRUE,TRUE,Fully disclosed
247878,Pre-Workout Aloha Pineapple,L-Theanine,non-nutrient/non-botanical,1,1,TRUE,TRUE,Fully disclosed
247878,Pre-Workout Aloha Pineapple,L-Tyrosine,amino acid,1,1,TRUE,TRUE,Fully disclosed
248858,Wrecked Pre-Workout Rainbow Burst,Agmatine Sulfate,non-nutrient/non-botanical,1,1,TRUE,TRUE,Fully disclosed
248858,Wrecked Pre-Workout Rainbow Burst,Beta-Alanine,amino acid,1,1,TRUE,TRUE,Fully disclosed
248858,Wrecked Pre-Workout Rainbow Burst,Betaine Anhydrous,non-nutrient/non-botanical,1,1,TRUE,TRUE,Fully disclosed
248858,Wrecked Pre-Workout Rainbow Burst,Blueberry,botanical,1,1,FALSE,FALSE,Not disclosed
248858,Wrecked Pre-Workout Rainbow Burst,Broccoli,botanical,1,1,FALSE,FALSE,Not disclosed
248858,Wrecked Pre-Workout Rainbow Burst,Caffeine Anhydrous,non-nutrient/non-botanical,1,1,TRUE,TRUE,Fully disclosed
248858,Wrecked Pre-Workout Rainbow Burst,Di-Caffeine Malate,non-nutrient/non-botanical,1,1,TRUE,TRUE,Fully disclosed
248858,Wrecked Pre-Workout Rainbow Burst,Green Coffee bean extract,botanical,1,1,FALSE,FALSE,Not disclosed
248858,Wrecked Pre-Workout Rainbow Burst,Green Tea extract,botanical,1,1,FALSE,FALSE,Not disclosed
248858,Wrecked Pre-Workout Rainbow Burst,Higenamine HCl,non-nutrient/non-botanical,1,1,TRUE,TRUE,Fully disclosed
248858,Wrecked Pre-Workout Rainbow Burst,Himalayan Pink Salt,non-nutrient/non-botanical,1,1,TRUE,TRUE,Fully disclosed
248858,Wrecked Pre-Workout Rainbow Burst,Hordenine HCl,non-nutrient/non-botanical,1,1,TRUE,TRUE,Fully disclosed
248858,Wrecked Pre-Workout Rainbow Burst,Inositol Hexanicotinate,non-nutrient/non-botanical,1,1,TRUE,TRUE,Fully disclosed
248858,Wrecked Pre-Workout Rainbow Burst,Isopropylnorsynephrine,non-nutrient/non-botanical,1,1,TRUE,TRUE,Fully disclosed
248858,Wrecked Pre-Workout Rainbow Burst,Kale,botanical,1,1,FALSE,FALSE,Not disclosed
248858,Wrecked Pre-Workout Rainbow Burst,L-Citrulline Malate,non-nutrient/non-botanical,1,1,TRUE,TRUE,Fully disclosed
248858,Wrecked Pre-Workout Rainbow Burst,L-Tyrosine,amino acid,1,1,TRUE,TRUE,Fully disclosed
248858,Wrecked Pre-Workout Rainbow Burst,Lion's Mane Mushroom,botanical,1,1,TRUE,TRUE,Fully disclosed
248858,Wrecked Pre-Workout Rainbow Burst,N-Methyltyramine,non-nutrient/non-botanical,1,1,TRUE,TRUE,Fully disclosed
248858,Wrecked Pre-Workout Rainbow Burst,Rauwolscine,non-nutrient/non-botanical,1,1,TRUE,TRUE,Fully disclosed
248858,Wrecked Pre-Workout Rainbow Burst,S7,blend,1,1,TRUE,TRUE,Fully disclosed
248858,Wrecked Pre-Workout Rainbow Burst,Tart Cherry,botanical,1,1,FALSE,FALSE,Not disclosed
248858,Wrecked Pre-Workout Rainbow Burst,Theobromine,non-nutrient/non-botanical,1,1,TRUE,TRUE,Fully disclosed
248858,Wrecked Pre-Workout Rainbow Burst,Turmeric extract,botanical,1,1,FALSE,FALSE,Not disclosed
248858,Wrecked Pre-Workout Rainbow Burst,VasoDrive-AP,protein,1,1,TRUE,TRUE,Fully disclosed
248861,Bucked Up Pre-Workout Grape Gainz,Actigin,blend,1,1,TRUE,TRUE,Fully disclosed
248861,Bucked Up Pre-Workout Grape Gainz,AlphaSize Alpha GPC,non-nutrient/non-botanical,1,1,TRUE,TRUE,Fully disclosed
248861,Bucked Up Pre-Workout Grape Gainz,AstraGin,blend,1,1,TRUE,TRUE,Fully disclosed
248861,Bucked Up Pre-Workout Grape Gainz,Astragalus,botanical,1,1,FALSE,FALSE,Not disclosed
248861,Bucked Up Pre-Workout Grape Gainz,Beta-Alanine,amino acid,1,1,TRUE,TRUE,Fully disclosed
248861,Bucked Up Pre-Workout Grape Gainz,Caffeine Anhydrous,non-nutrient/non-botanical,1,1,TRUE,TRUE,Fully disclosed
248861,Bucked Up Pre-Workout Grape Gainz,Citrulline Malate,non-nutrient/non-botanical,1,1,TRUE,TRUE,Fully disclosed
248861,Bucked Up Pre-Workout Grape Gainz,Deer Antler Velvet Extract,animal part or source,1,1,TRUE,TRUE,Fully disclosed
248861,Bucked Up Pre-Workout Grape Gainz,Himalayan Rock Salt,non-nutrient/non-botanical,1,1,TRUE,TRUE,Fully disclosed
248861,Bucked Up Pre-Workout Grape Gainz,Panax notoginseng,botanical,1,1,FALSE,FALSE,Not disclosed
248861,Bucked Up Pre-Workout Grape Gainz,Rosa roxburghii,botanical,1,1,FALSE,FALSE,Not disclosed
248861,Bucked Up Pre-Workout Grape Gainz,Taurine,non-nutrient/non-botanical,1,1,TRUE,TRUE,Fully disclosed
248861,Bucked Up Pre-Workout Grape Gainz,Vitamin B12,vitamin,1,1,TRUE,TRUE,Fully disclosed
248864,Spazmatic Pre-Workout Drink Watermelon Taffy,Caffeine,non-nutrient/non-botanical,1,1,TRUE,TRUE,Fully disclosed
248864,Spazmatic Pre-Workout Drink Watermelon Taffy,Caffeine Anhydrous,non-nutrient/non-botanical,1,1,TRUE,TRUE,Fully disclosed
248864,Spazmatic Pre-Workout Drink Watermelon Taffy,Clutch Spazoid Pump Team,blend,1,1,FALSE,FALSE,Not disclosed
248864,Spazmatic Pre-Workout Drink Watermelon Taffy,Eliminate Distractions Focus Duo:,other,1,1,FALSE,FALSE,Not disclosed
248864,Spazmatic Pre-Workout Drink Watermelon Taffy,Green Tea,botanical,1,1,TRUE,TRUE,Fully disclosed
248864,Spazmatic Pre-Workout Drink Watermelon Taffy,Higenamine Hydrochloride,non-nutrient/non-botanical,1,1,TRUE,TRUE,Fully disclosed
248864,Spazmatic Pre-Workout Drink Watermelon Taffy,Hordenine Hydrochloride,non-nutrient/non-botanical,1,1,TRUE,TRUE,Fully disclosed
248864,Spazmatic Pre-Workout Drink Watermelon Taffy,Huperzine A,non-nutrient/non-botanical,1,1,TRUE,TRUE,Fully disclosed
248864,Spazmatic Pre-Workout Drink Watermelon Taffy,L-Citrulline,amino acid,1,1,TRUE,TRUE,Fully disclosed
248864,Spazmatic Pre-Workout Drink Watermelon Taffy,L-Norvaline,amino acid,1,1,TRUE,TRUE,Fully disclosed
248864,Spazmatic Pre-Workout Drink Watermelon Taffy,L-Taurine,non-nutrient/non-botanical,1,1,TRUE,TRUE,Fully disclosed
248864,Spazmatic Pre-Workout Drink Watermelon Taffy,L-Tyrosine,amino acid,1,1,TRUE,TRUE,Fully disclosed
248864,Spazmatic Pre-Workout Drink Watermelon Taffy,Magnesium,mineral,1,1,TRUE,TRUE,Fully disclosed
248864,Spazmatic Pre-Workout Drink Watermelon Taffy,N-Phenethyl Dimethylamine Citrate,non-nutrient/non-botanical,1,1,TRUE,TRUE,Fully disclosed
248864,Spazmatic Pre-Workout Drink Watermelon Taffy,Niacin,vitamin,1,1,TRUE,TRUE,Fully disclosed
248864,Spazmatic Pre-Workout Drink Watermelon Taffy,Potassium,mineral,1,1,TRUE,TRUE,Fully disclosed
248864,Spazmatic Pre-Workout Drink Watermelon Taffy,Sodium,mineral,1,1,TRUE,TRUE,Fully disclosed
248864,Spazmatic Pre-Workout Drink Watermelon Taffy,Total SPAZ Energy Squad,blend,1,1,FALSE,FALSE,Not disclosed
248864,Spazmatic Pre-Workout Drink Watermelon Taffy,Vitamin B12,vitamin,1,1,TRUE,TRUE,Fully disclosed
249302,Rage Extreme Pre-Workout Pineapple Splash,3-aminopropanoic acid,amino acid,1,1,TRUE,TRUE,Fully disclosed
249302,Rage Extreme Pre-Workout Pineapple Splash,Arginine Carglumate,non-nutrient/non-botanical,1,1,TRUE,TRUE,Fully disclosed
249302,Rage Extreme Pre-Workout Pineapple Splash,Beet extract,botanical,1,1,TRUE,TRUE,Fully disclosed
249302,Rage Extreme Pre-Workout Pineapple Splash,Caffeine Anhydrous,non-nutrient/non-botanical,1,1,FALSE,FALSE,Not disclosed
249302,Rage Extreme Pre-Workout Pineapple Splash,Caffeine Complex,blend,1,1,TRUE,TRUE,Fully disclosed
249302,Rage Extreme Pre-Workout Pineapple Splash,Citrulline Malate,non-nutrient/non-botanical,1,1,TRUE,TRUE,Fully disclosed
249302,Rage Extreme Pre-Workout Pineapple Splash,Cytidine 5'-Diphosphocholine,non-nutrient/non-botanical,1,1,TRUE,TRUE,Fully disclosed
249302,Rage Extreme Pre-Workout Pineapple Splash,Dicaffeine Malate,non-nutrient/non-botanical,1,1,FALSE,FALSE,Not disclosed
249302,Rage Extreme Pre-Workout Pineapple Splash,Hordenine HCl,non-nutrient/non-botanical,1,1,TRUE,TRUE,Fully disclosed
249302,Rage Extreme Pre-Workout Pineapple Splash,Huperzine A,non-nutrient/non-botanical,1,1,TRUE,TRUE,Fully disclosed
249302,Rage Extreme Pre-Workout Pineapple Splash,L-Ornithine,amino acid,1,1,TRUE,TRUE,Fully disclosed
249302,Rage Extreme Pre-Workout Pineapple Splash,N-Acetyl-L-Tyrosine,non-nutrient/non-botanical,1,1,TRUE,TRUE,Fully disclosed
249302,Rage Extreme Pre-Workout Pineapple Splash,Niacin,vitamin,1,1,TRUE,TRUE,Fully disclosed
249302,Rage Extreme Pre-Workout Pineapple Splash,Octopamine HCl,non-nutrient/non-botanical,1,1,TRUE,TRUE,Fully disclosed
249302,Rage Extreme Pre-Workout Pineapple Splash,Rage Performance Complex,blend,1,1,FALSE,FALSE,Not disclosed
249302,Rage Extreme Pre-Workout Pineapple Splash,Rage Vasodilation Matrix,blend,1,1,FALSE,FALSE,Not disclosed
249994,Black Powder Pre Workout,Absorption,blend,2,2,TRUE,TRUE,Fully disclosed
249994,Black Powder Pre Workout,Activated Charcoal,non-nutrient/non-botanical,2,2,TRUE,TRUE,Fully disclosed
249994,Black Powder Pre Workout,Agmatine Sulfate,non-nutrient/non-botanical,2,2,TRUE,TRUE,Fully disclosed
249994,Black Powder Pre Workout,Alphasize 50WSP,non-nutrient/non-botanical,2,2,TRUE,TRUE,Fully disclosed
249994,Black Powder Pre Workout,Betaine Anhydrous,non-nutrient/non-botanical,2,2,TRUE,TRUE,Fully disclosed
249994,Black Powder Pre Workout,Black Pepper fruit extract,botanical,2,2,TRUE,TRUE,Fully disclosed
249994,Black Powder Pre Workout,Caffeine Anhydrous,non-nutrient/non-botanical,2,2,TRUE,TRUE,Fully disclosed
249994,Black Powder Pre Workout,Caffeine Citrate,non-nutrient/non-botanical,2,2,TRUE,TRUE,Fully disclosed
249994,Black Powder Pre Workout,CarnoSyn,amino acid,2,2,TRUE,TRUE,Fully disclosed
249994,Black Powder Pre Workout,Choline,vitamin,2,2,TRUE,TRUE,Fully disclosed
249994,Black Powder Pre Workout,Choline Bitartrate,vitamin,2,2,TRUE,TRUE,Fully disclosed
249994,Black Powder Pre Workout,Creatine MagnaPOWER,non-nutrient/non-botanical,2,2,TRUE,TRUE,Fully disclosed
249994,Black Powder Pre Workout,Creatine Monohydrate,non-nutrient/non-botanical,2,2,TRUE,TRUE,Fully disclosed
249994,Black Powder Pre Workout,Detox Agent,blend,2,2,TRUE,TRUE,Fully disclosed
249994,Black Powder Pre Workout,Di-Caffeine Malate,non-nutrient/non-botanical,2,2,TRUE,TRUE,Fully disclosed
249994,Black Powder Pre Workout,L-Taurine,non-nutrient/non-botanical,2,2,TRUE,TRUE,Fully disclosed
249994,Black Powder Pre Workout,L-Theanine,amino acid,2,2,TRUE,TRUE,Fully disclosed
249994,Black Powder Pre Workout,L-Tyrosine,amino acid,2,2,TRUE,TRUE,Fully disclosed
249994,Black Powder Pre Workout,Lock & Load Focus,blend,2,2,TRUE,TRUE,Fully disclosed
249994,Black Powder Pre Workout,Magnesium,mineral,2,2,TRUE,TRUE,Fully disclosed
249994,Black Powder Pre Workout,Operation Muscle Feed,blend,2,2,TRUE,TRUE,Fully disclosed
249994,Black Powder Pre Workout,Performance Fuel,blend,2,2,TRUE,TRUE,Fully disclosed
249994,Black Powder Pre Workout,Rapid Fire Energy,blend,2,2,TRUE,TRUE,Fully disclosed
249994,Black Powder Pre Workout,Vitamin B12,vitamin,2,2,TRUE,TRUE,Fully disclosed
249994,Black Powder Pre Workout,Vitamin B6,vitamin,2,2,TRUE,TRUE,Fully disclosed
249994,Black Powder Pre Workout,elevATP,blend,2,2,TRUE,TRUE,Fully disclosed
252036,Gainful Pre-Workout Sour Watermelon,Beta-Alanine,amino acid,1,1,TRUE,TRUE,Fully disclosed
252036,Gainful Pre-Workout Sour Watermelon,Caffeine Anhydrous,non-nutrient/non-botanical,1,1,TRUE,TRUE,Fully disclosed
252036,Gainful Pre-Workout Sour Watermelon,Isoleucine,amino acid,1,1,TRUE,TRUE,Fully disclosed
252036,Gainful Pre-Workout Sour Watermelon,L-Citrulline DL-Malate,non-nutrient/non-botanical,1,1,TRUE,TRUE,Fully disclosed
252036,Gainful Pre-Workout Sour Watermelon,L-Theanine,non-nutrient/non-botanical,1,1,TRUE,TRUE,Fully disclosed
252036,Gainful Pre-Workout Sour Watermelon,Leucine,amino acid,1,1,TRUE,TRUE,Fully disclosed
252036,Gainful Pre-Workout Sour Watermelon,Valine,amino acid,1,1,TRUE,TRUE,Fully disclosed
255344,Gold Standard Pre-Workout Fruit Punch,Acetyl-L-Carnitine Hydrochloride,non-nutrient/non-botanical,1,1,TRUE,TRUE,Fully disclosed
255344,Gold Standard Pre-Workout Fruit Punch,AstraGin Proprietary Blend,blend,1,1,TRUE,TRUE,Fully disclosed
255344,Gold Standard Pre-Workout Fruit Punch,Beta-Alanine,amino acid,1,1,TRUE,TRUE,Fully disclosed
255344,Gold Standard Pre-Workout Fruit Punch,Caffeine,non-nutrient/non-botanical,1,1,TRUE,TRUE,Fully disclosed
255344,Gold Standard Pre-Workout Fruit Punch,Calcium,mineral,1,1,TRUE,TRUE,Fully disclosed
255344,Gold Standard Pre-Workout Fruit Punch,Citrus Bioflavonoid Complex,non-nutrient/non-botanical,1,1,TRUE,TRUE,Fully disclosed
255344,Gold Standard Pre-Workout Fruit Punch,Creatine Monohydrate,non-nutrient/non-botanical,1,1,TRUE,TRUE,Fully disclosed
255344,Gold Standard Pre-Workout Fruit Punch,Energy & Focus Complex,blend,1,1,FALSE,FALSE,Not disclosed
255344,Gold Standard Pre-Workout Fruit Punch,Folate,vitamin,1,1,TRUE,TRUE,Fully disclosed
255344,Gold Standard Pre-Workout Fruit Punch,Folic Acid,vitamin,1,1,TRUE,TRUE,Fully disclosed
255344,Gold Standard Pre-Workout Fruit Punch,"L-Citrulline, Micronized",amino acid,1,1,TRUE,TRUE,Fully disclosed
255344,Gold Standard Pre-Workout Fruit Punch,Muscle Matrix,blend,1,1,FALSE,FALSE,Not disclosed
255344,Gold Standard Pre-Workout Fruit Punch,N-Acetyl L-Tyrosine,non-nutrient/non-botanical,1,1,TRUE,TRUE,Fully disclosed
255344,Gold Standard Pre-Workout Fruit Punch,Niacin,vitamin,1,1,TRUE,TRUE,Fully disclosed
255344,Gold Standard Pre-Workout Fruit Punch,Pantothenic Acid,vitamin,1,1,TRUE,TRUE,Fully disclosed
255344,Gold Standard Pre-Workout Fruit Punch,Performance Composite,blend,1,1,FALSE,FALSE,Not disclosed
255344,Gold Standard Pre-Workout Fruit Punch,Sodium,mineral,1,1,TRUE,TRUE,Fully disclosed
255344,Gold Standard Pre-Workout Fruit Punch,Thiamine,vitamin,1,1,TRUE,TRUE,Fully disclosed
255344,Gold Standard Pre-Workout Fruit Punch,Vitamin B12,vitamin,1,1,TRUE,TRUE,Fully disclosed
255344,Gold Standard Pre-Workout Fruit Punch,Vitamin B6,vitamin,1,1,TRUE,TRUE,Fully disclosed
255344,Gold Standard Pre-Workout Fruit Punch,Vitamin D,vitamin,1,1,TRUE,TRUE,Fully disclosed
256278,Bucked Up Pre-Workout Blue Snow Cone,ActiGin,blend,1,1,TRUE,TRUE,Fully disclosed
256278,Bucked Up Pre-Workout Blue Snow Cone,AlphaSize Alpha GPC,non-nutrient/non-botanical,1,1,TRUE,TRUE,Fully disclosed
256278,Bucked Up Pre-Workout Blue Snow Cone,AstraGin,blend,1,1,TRUE,TRUE,Fully disclosed
256278,Bucked Up Pre-Workout Blue Snow Cone,Beta-Alanine,amino acid,1,1,TRUE,TRUE,Fully disclosed
256278,Bucked Up Pre-Workout Blue Snow Cone,Caffeine Anhydrous,non-nutrient/non-botanical,1,1,TRUE,TRUE,Fully disclosed
256278,Bucked Up Pre-Workout Blue Snow Cone,Citrulline Malate,non-nutrient/non-botanical,1,1,TRUE,TRUE,Fully disclosed
256278,Bucked Up Pre-Workout Blue Snow Cone,Deer Antler Velvet Extract,animal part or source,1,1,TRUE,TRUE,Fully disclosed
256278,Bucked Up Pre-Workout Blue Snow Cone,Himalayan Rock Salt,non-nutrient/non-botanical,1,1,TRUE,TRUE,Fully disclosed
256278,Bucked Up Pre-Workout Blue Snow Cone,Sodium,mineral,1,1,TRUE,TRUE,Fully disclosed
256278,Bucked Up Pre-Workout Blue Snow Cone,Taurine,non-nutrient/non-botanical,1,1,TRUE,TRUE,Fully disclosed
256278,Bucked Up Pre-Workout Blue Snow Cone,Vitamin B12,vitamin,1,1,TRUE,TRUE,Fully disclosed
256288,Bucked Up Pre-Workout Red Snow Cone,ActiGin,blend,1,1,TRUE,TRUE,Fully disclosed
256288,Bucked Up Pre-Workout Red Snow Cone,AlphaSize Alpha GPC,non-nutrient/non-botanical,1,1,TRUE,TRUE,Fully disclosed
256288,Bucked Up Pre-Workout Red Snow Cone,AstraGin,blend,1,1,TRUE,TRUE,Fully disclosed
256288,Bucked Up Pre-Workout Red Snow Cone,Beta-Alanine,amino acid,1,1,TRUE,TRUE,Fully disclosed
256288,Bucked Up Pre-Workout Red Snow Cone,Caffeine Anhydrous,non-nutrient/non-botanical,1,1,TRUE,TRUE,Fully disclosed
256288,Bucked Up Pre-Workout Red Snow Cone,Citrulline Malate,non-nutrient/non-botanical,1,1,TRUE,TRUE,Fully disclosed
256288,Bucked Up Pre-Workout Red Snow Cone,Deer Antler Velvet Extract,animal part or source,1,1,TRUE,TRUE,Fully disclosed
256288,Bucked Up Pre-Workout Red Snow Cone,Himalayan Rock Salt,mineral,1,1,TRUE,TRUE,Fully disclosed
256288,Bucked Up Pre-Workout Red Snow Cone,Sodium,mineral,1,1,TRUE,TRUE,Fully disclosed
256288,Bucked Up Pre-Workout Red Snow Cone,Taurine,non-nutrient/non-botanical,1,1,TRUE,TRUE,Fully disclosed
256288,Bucked Up Pre-Workout Red Snow Cone,Vitamin B12,vitamin,1,1,TRUE,TRUE,Fully disclosed
25737,Volt Pre-Workout Watermelon,Agmatine Sulfate,non-nutrient/non-botanical,1,1,FALSE,FALSE,Not disclosed
25737,Volt Pre-Workout Watermelon,Beta-Alanine,amino acid,1,1,FALSE,FALSE,Not disclosed
25737,Volt Pre-Workout Watermelon,Caffeine Anhydrous,non-nutrient/non-botanical,1,1,FALSE,FALSE,Not disclosed
25737,Volt Pre-Workout Watermelon,Calcium,mineral,1,1,TRUE,TRUE,Fully disclosed
25737,Volt Pre-Workout Watermelon,Electric Energy Blend,blend,1,1,TRUE,TRUE,Fully disclosed
25737,Volt Pre-Workout Watermelon,L-Citrulline,amino acid,1,1,FALSE,FALSE,Not disclosed
25737,Volt Pre-Workout Watermelon,Nicotinamide Adenine Dinucleotide Hydride,non-nutrient/non-botanical,1,1,FALSE,FALSE,Not disclosed
25737,Volt Pre-Workout Watermelon,Olive leaf extract,botanical,1,1,FALSE,FALSE,Not disclosed
25737,Volt Pre-Workout Watermelon,Rauwolfia root extract,botanical,1,1,FALSE,FALSE,Not disclosed
25737,Volt Pre-Workout Watermelon,Rhodiola rosea root extract,botanical,1,1,FALSE,FALSE,Not disclosed
25737,Volt Pre-Workout Watermelon,Sugar,sugar,1,1,FALSE,FALSE,Not disclosed
25737,Volt Pre-Workout Watermelon,Volt(TM) Performance Matrix,blend,1,1,TRUE,TRUE,Fully disclosed
257528,K-XR Original Pre-Workout Blackberry Lemonade,Beta-Alanine,amino acid,1,1,TRUE,TRUE,Fully disclosed
257528,K-XR Original Pre-Workout Blackberry Lemonade,Caffeine,non-nutrient/non-botanical,1,1,TRUE,TRUE,Fully disclosed
257528,K-XR Original Pre-Workout Blackberry Lemonade,Caffeine Anhydrous,non-nutrient/non-botanical,1,1,FALSE,FALSE,Not disclosed
257528,K-XR Original Pre-Workout Blackberry Lemonade,Caffeine Blend,blend,1,1,TRUE,TRUE,Fully disclosed
257528,K-XR Original Pre-Workout Blackberry Lemonade,Caffeine Citrate,non-nutrient/non-botanical,1,1,FALSE,FALSE,Not disclosed
257528,K-XR Original Pre-Workout Blackberry Lemonade,Choline,vitamin,1,1,TRUE,TRUE,Fully disclosed
257528,K-XR Original Pre-Workout Blackberry Lemonade,Cognition and Focal Enhancing Matrix,blend,1,1,FALSE,FALSE,Not disclosed
257528,K-XR Original Pre-Workout Blackberry Lemonade,DMAE Bitartrate,non-nutrient/non-botanical,1,1,TRUE,TRUE,Fully disclosed
257528,K-XR Original Pre-Workout Blackberry Lemonade,Huperzia serrata Club Moss extract,botanical,1,1,TRUE,TRUE,Fully disclosed
257528,K-XR Original Pre-Workout Blackberry Lemonade,Infinergy Dicaffeine Malate,non-nutrient/non-botanical,1,1,FALSE,FALSE,Not disclosed
257528,K-XR Original Pre-Workout Blackberry Lemonade,Intense Energy Matrix,blend,1,1,FALSE,FALSE,Not disclosed
257528,K-XR Original Pre-Workout Blackberry Lemonade,Niacin,vitamin,1,1,TRUE,TRUE,Fully disclosed
257528,K-XR Original Pre-Workout Blackberry Lemonade,Power Performance Matrix,blend,1,1,FALSE,FALSE,Not disclosed
257528,K-XR Original Pre-Workout Blackberry Lemonade,Rauwolfia vomitoria root extract,botanical,1,1,TRUE,TRUE,Fully disclosed
257528,K-XR Original Pre-Workout Blackberry Lemonade,Taurine,non-nutrient/non-botanical,1,1,TRUE,TRUE,Fully disclosed
257528,K-XR Original Pre-Workout Blackberry Lemonade,Theobromine,non-nutrient/non-botanical,1,1,TRUE,TRUE,Fully disclosed
257528,K-XR Original Pre-Workout Blackberry Lemonade,VitaCholine,vitamin,1,1,TRUE,TRUE,Fully disclosed
257528,K-XR Original Pre-Workout Blackberry Lemonade,Vitamin B12,vitamin,1,1,TRUE,TRUE,Fully disclosed
257528,K-XR Original Pre-Workout Blackberry Lemonade,elevATP,blend,1,1,TRUE,TRUE,Fully disclosed
257529,K-XR Original Pre-Workout Gummy Bear,Beta Alanine,amino acid,1,1,TRUE,TRUE,Fully disclosed
257529,K-XR Original Pre-Workout Gummy Bear,Caffeine Anhydrous,non-nutrient/non-botanical,1,1,FALSE,FALSE,Not disclosed
257529,K-XR Original Pre-Workout Gummy Bear,Caffeine Blend:,blend,1,1,TRUE,TRUE,Fully disclosed
257529,K-XR Original Pre-Workout Gummy Bear,Caffeine Citrate,non-nutrient/non-botanical,1,1,FALSE,FALSE,Not disclosed
257529,K-XR Original Pre-Workout Gummy Bear,Choline,vitamin,1,1,TRUE,TRUE,Fully disclosed
257529,K-XR Original Pre-Workout Gummy Bear,Cognition and Focal Enhancing Matrix,blend,1,1,FALSE,FALSE,Not disclosed
257529,K-XR Original Pre-Workout Gummy Bear,DMAE Bitartrate,non-nutrient/non-botanical,1,1,TRUE,TRUE,Fully disclosed
257529,K-XR Original Pre-Workout Gummy Bear,Huperzia serrata Club Moss extract,botanical,1,1,TRUE,TRUE,Fully disclosed
257529,K-XR Original Pre-Workout Gummy Bear,Infinergy Dicaffeine Malate,non-nutrient/non-botanical,1,1,FALSE,FALSE,Not disclosed
257529,K-XR Original Pre-Workout Gummy Bear,Intense Energy Matrix,blend,1,1,FALSE,FALSE,Not disclosed
257529,K-XR Original Pre-Workout Gummy Bear,Niacin,vitamin,1,1,TRUE,TRUE,Fully disclosed
257529,K-XR Original Pre-Workout Gummy Bear,Power Performance Matrix,blend,1,1,FALSE,FALSE,Not disclosed
257529,K-XR Original Pre-Workout Gummy Bear,Rauwolfia vomitoria root extract,botanical,1,1,TRUE,TRUE,Fully disclosed
257529,K-XR Original Pre-Workout Gummy Bear,Taurine,non-nutrient/non-botanical,1,1,TRUE,TRUE,Fully disclosed
257529,K-XR Original Pre-Workout Gummy Bear,Theobromine,non-nutrient/non-botanical,1,1,TRUE,TRUE,Fully disclosed
257529,K-XR Original Pre-Workout Gummy Bear,VitaCholine,vitamin,1,1,TRUE,TRUE,Fully disclosed
257529,K-XR Original Pre-Workout Gummy Bear,Vitamin B12,vitamin,1,1,TRUE,TRUE,Fully disclosed
257529,K-XR Original Pre-Workout Gummy Bear,elevATP,blend,1,1,TRUE,TRUE,Fully disclosed
257530,K-XR Original Pre-Workout Miami Vice,Beta-Alanine,amino acid,1,1,TRUE,TRUE,Fully disclosed
257530,K-XR Original Pre-Workout Miami Vice,Caffeine Anhydrous,non-nutrient/non-botanical,1,1,FALSE,FALSE,Not disclosed
257530,K-XR Original Pre-Workout Miami Vice,Caffeine Blend,blend,1,1,TRUE,TRUE,Fully disclosed
257530,K-XR Original Pre-Workout Miami Vice,Caffeine Citrate,non-nutrient/non-botanical,1,1,FALSE,FALSE,Not disclosed
257530,K-XR Original Pre-Workout Miami Vice,Choline,vitamin,1,1,TRUE,TRUE,Fully disclosed
257530,K-XR Original Pre-Workout Miami Vice,Cognition and Focal Enhancing Matrix,blend,1,1,FALSE,FALSE,Not disclosed
257530,K-XR Original Pre-Workout Miami Vice,DMAE Bitartrate,non-nutrient/non-botanical,1,1,TRUE,TRUE,Fully disclosed
257530,K-XR Original Pre-Workout Miami Vice,Huperzia serrata Club Moss extract,botanical,1,1,TRUE,TRUE,Fully disclosed
257530,K-XR Original Pre-Workout Miami Vice,Infinergy Dicaffeine Malate,non-nutrient/non-botanical,1,1,FALSE,FALSE,Not disclosed
257530,K-XR Original Pre-Workout Miami Vice,Intense Energy Matrix,blend,1,1,FALSE,FALSE,Not disclosed
257530,K-XR Original Pre-Workout Miami Vice,Niacin,vitamin,1,1,TRUE,TRUE,Fully disclosed
257530,K-XR Original Pre-Workout Miami Vice,Power Performance Matrix,blend,1,1,FALSE,FALSE,Not disclosed
257530,K-XR Original Pre-Workout Miami Vice,Rauwolfia vomitoria root extract,botanical,1,1,TRUE,TRUE,Fully disclosed
257530,K-XR Original Pre-Workout Miami Vice,Taurine,non-nutrient/non-botanical,1,1,TRUE,TRUE,Fully disclosed
257530,K-XR Original Pre-Workout Miami Vice,Theobromine,non-nutrient/non-botanical,1,1,TRUE,TRUE,Fully disclosed
257530,K-XR Original Pre-Workout Miami Vice,VitaCholine,vitamin,1,1,TRUE,TRUE,Fully disclosed
257530,K-XR Original Pre-Workout Miami Vice,Vitamin B12,vitamin,1,1,TRUE,TRUE,Fully disclosed
257530,K-XR Original Pre-Workout Miami Vice,elevATP,blend,1,1,TRUE,TRUE,Fully disclosed
257531,K-XR Original Pre-Workout Patriot Pop,Beta Alanine,amino acid,1,1,TRUE,TRUE,Fully disclosed
257531,K-XR Original Pre-Workout Patriot Pop,Caffeine Anhydrous,non-nutrient/non-botanical,1,1,FALSE,FALSE,Not disclosed
257531,K-XR Original Pre-Workout Patriot Pop,Caffeine Blend:,blend,1,1,TRUE,TRUE,Fully disclosed
257531,K-XR Original Pre-Workout Patriot Pop,Caffeine Citrate,non-nutrient/non-botanical,1,1,FALSE,FALSE,Not disclosed
257531,K-XR Original Pre-Workout Patriot Pop,Choline,vitamin,1,1,TRUE,TRUE,Fully disclosed
257531,K-XR Original Pre-Workout Patriot Pop,Cognition and Focal Enhancing Matrix,blend,1,1,FALSE,FALSE,Not disclosed
257531,K-XR Original Pre-Workout Patriot Pop,DMAE Bitartrate,non-nutrient/non-botanical,1,1,TRUE,TRUE,Fully disclosed
257531,K-XR Original Pre-Workout Patriot Pop,Huperzia serrata Club Moss extract,botanical,1,1,TRUE,TRUE,Fully disclosed
257531,K-XR Original Pre-Workout Patriot Pop,Infinergy Dicaffeine Malate,non-nutrient/non-botanical,1,1,FALSE,FALSE,Not disclosed
257531,K-XR Original Pre-Workout Patriot Pop,Intense Energy Matrix,blend,1,1,FALSE,FALSE,Not disclosed
257531,K-XR Original Pre-Workout Patriot Pop,Niacin,vitamin,1,1,TRUE,TRUE,Fully disclosed
257531,K-XR Original Pre-Workout Patriot Pop,Power Performance Matrix,blend,1,1,FALSE,FALSE,Not disclosed
257531,K-XR Original Pre-Workout Patriot Pop,Rauwolfia vomitoria root extract,botanical,1,1,TRUE,TRUE,Fully disclosed
257531,K-XR Original Pre-Workout Patriot Pop,Taurine,non-nutrient/non-botanical,1,1,TRUE,TRUE,Fully disclosed
257531,K-XR Original Pre-Workout Patriot Pop,Theobromine,non-nutrient/non-botanical,1,1,TRUE,TRUE,Fully disclosed
257531,K-XR Original Pre-Workout Patriot Pop,VitaCholine,vitamin,1,1,TRUE,TRUE,Fully disclosed
257531,K-XR Original Pre-Workout Patriot Pop,Vitamin B12,vitamin,1,1,TRUE,TRUE,Fully disclosed
257531,K-XR Original Pre-Workout Patriot Pop,elevATP,blend,1,1,TRUE,TRUE,Fully disclosed
257532,K-XR Original Pre-Workout Peach Mango,Beta Alanine,amino acid,1,1,TRUE,TRUE,Fully disclosed
257532,K-XR Original Pre-Workout Peach Mango,Caffeine Anhydrous,non-nutrient/non-botanical,1,1,FALSE,FALSE,Not disclosed
257532,K-XR Original Pre-Workout Peach Mango,Caffeine Blend,blend,1,1,TRUE,TRUE,Fully disclosed
257532,K-XR Original Pre-Workout Peach Mango,Caffeine Citrate,non-nutrient/non-botanical,1,1,FALSE,FALSE,Not disclosed
257532,K-XR Original Pre-Workout Peach Mango,Choline,vitamin,1,1,TRUE,TRUE,Fully disclosed
257532,K-XR Original Pre-Workout Peach Mango,Cognition and Focal Enhancing Matrix,blend,1,1,FALSE,FALSE,Not disclosed
257532,K-XR Original Pre-Workout Peach Mango,DMAE Bitartrate,non-nutrient/non-botanical,1,1,TRUE,TRUE,Fully disclosed
257532,K-XR Original Pre-Workout Peach Mango,Huperzia serrata Club Moss extract,botanical,1,1,TRUE,TRUE,Fully disclosed
257532,K-XR Original Pre-Workout Peach Mango,Infinergy Dicaffeine Malate,non-nutrient/non-botanical,1,1,FALSE,FALSE,Not disclosed
257532,K-XR Original Pre-Workout Peach Mango,Intense Energy Matrix,blend,1,1,FALSE,FALSE,Not disclosed
257532,K-XR Original Pre-Workout Peach Mango,Niacin,vitamin,1,1,TRUE,TRUE,Fully disclosed
257532,K-XR Original Pre-Workout Peach Mango,Power Performance Matrix,blend,1,1,FALSE,FALSE,Not disclosed
257532,K-XR Original Pre-Workout Peach Mango,Rauwolfia vomitoria root extract,botanical,1,1,TRUE,TRUE,Fully disclosed
257532,K-XR Original Pre-Workout Peach Mango,Taurine,non-nutrient/non-botanical,1,1,TRUE,TRUE,Fully disclosed
257532,K-XR Original Pre-Workout Peach Mango,Theobromine,non-nutrient/non-botanical,1,1,TRUE,TRUE,Fully disclosed
257532,K-XR Original Pre-Workout Peach Mango,VitaCholine,vitamin,1,1,TRUE,TRUE,Fully disclosed
257532,K-XR Original Pre-Workout Peach Mango,Vitamin B12,vitamin,1,1,TRUE,TRUE,Fully disclosed
257532,K-XR Original Pre-Workout Peach Mango,elevATP,blend,1,1,TRUE,TRUE,Fully disclosed
257774,SuperPump Aggression Pre-Workout Lights Out Lemon,Agmatine Sulfate,non-nutrient/non-botanical,1,1,TRUE,TRUE,Fully disclosed
257774,SuperPump Aggression Pre-Workout Lights Out Lemon,Beta-Alanine,amino acid,1,1,TRUE,TRUE,Fully disclosed
257774,SuperPump Aggression Pre-Workout Lights Out Lemon,Betaine Anhydrous,non-nutrient/non-botanical,1,1,TRUE,TRUE,Fully disclosed
257774,SuperPump Aggression Pre-Workout Lights Out Lemon,Black Pepper extract,botanical,1,1,TRUE,TRUE,Fully disclosed
257774,SuperPump Aggression Pre-Workout Lights Out Lemon,Caffeine Anhydrous,non-nutrient/non-botanical,1,1,TRUE,TRUE,Fully disclosed
257774,SuperPump Aggression Pre-Workout Lights Out Lemon,Choline,vitamin,1,1,TRUE,TRUE,Fully disclosed
257774,SuperPump Aggression Pre-Workout Lights Out Lemon,Choline Bitartrate,vitamin,1,1,TRUE,TRUE,Fully disclosed
257774,SuperPump Aggression Pre-Workout Lights Out Lemon,DMAE,non-nutrient/non-botanical,1,1,TRUE,TRUE,Fully disclosed
257774,SuperPump Aggression Pre-Workout Lights Out Lemon,Huperzia serrata extract,botanical,1,1,TRUE,TRUE,Fully disclosed
257774,SuperPump Aggression Pre-Workout Lights Out Lemon,L-Citrulline,amino acid,1,1,TRUE,TRUE,Fully disclosed
257774,SuperPump Aggression Pre-Workout Lights Out Lemon,L-Tyrosine,amino acid,1,1,TRUE,TRUE,Fully disclosed
257774,SuperPump Aggression Pre-Workout Lights Out Lemon,N-Palmitoylethanolamide,non-nutrient/non-botanical,1,1,TRUE,TRUE,Fully disclosed
257774,SuperPump Aggression Pre-Workout Lights Out Lemon,Rauwolfia vomitoria extract,botanical,1,1,TRUE,TRUE,Fully disclosed
257774,SuperPump Aggression Pre-Workout Lights Out Lemon,Theobromine,non-nutrient/non-botanical,1,1,TRUE,TRUE,Fully disclosed
258636,Pre-Workout Drink Mix Dragon Fruit,Beet,botanical,1,1,TRUE,TRUE,Fully disclosed
258636,Pre-Workout Drink Mix Dragon Fruit,Beta-Alanine,amino acid,1,1,TRUE,TRUE,Fully disclosed
258636,Pre-Workout Drink Mix Dragon Fruit,Caffeine Anhydrous,non-nutrient/non-botanical,1,1,TRUE,TRUE,Fully disclosed
258636,Pre-Workout Drink Mix Dragon Fruit,Coconut Water Concentrate,botanical,1,1,TRUE,TRUE,Fully disclosed
258636,Pre-Workout Drink Mix Dragon Fruit,Creatine Monohydrate,non-nutrient/non-botanical,1,1,TRUE,TRUE,Fully disclosed
258636,Pre-Workout Drink Mix Dragon Fruit,Maca extract,botanical,1,1,TRUE,TRUE,Fully disclosed
258636,Pre-Workout Drink Mix Dragon Fruit,Magnesium,mineral,1,1,TRUE,TRUE,Fully disclosed
258636,Pre-Workout Drink Mix Dragon Fruit,Pomegranate Fruit Juice,botanical,1,1,TRUE,TRUE,Fully disclosed
258636,Pre-Workout Drink Mix Dragon Fruit,Potassium,mineral,1,1,TRUE,TRUE,Fully disclosed
258636,Pre-Workout Drink Mix Dragon Fruit,Sodium,mineral,1,1,TRUE,TRUE,Fully disclosed
258636,Pre-Workout Drink Mix Dragon Fruit,Vitamin C,vitamin,1,1,TRUE,TRUE,Fully disclosed
259898,Klean Pre-Workout Natural Lemon Tea Flavor,Nitrate,non-nutrient/non-botanical,1,1,TRUE,TRUE,Fully disclosed
259898,Klean Pre-Workout Natural Lemon Tea Flavor,Sodium,mineral,1,1,TRUE,TRUE,Fully disclosed
259898,Klean Pre-Workout Natural Lemon Tea Flavor,TruBeet Beet root extract,botanical,1,1,TRUE,TRUE,Fully disclosed
259898,Klean Pre-Workout Natural Lemon Tea Flavor,Vitamin C,vitamin,1,1,TRUE,TRUE,Fully disclosed
259898,Klean Pre-Workout Natural Lemon Tea Flavor,organic Caffeine,non-nutrient/non-botanical,1,1,TRUE,TRUE,Fully disclosed
259904,Klean Pre-Workout Natural Lemon Tea Flavor,Nitrate,non-nutrient/non-botanical,1,1,TRUE,TRUE,Fully disclosed
259904,Klean Pre-Workout Natural Lemon Tea Flavor,Sodium,mineral,1,1,TRUE,TRUE,Fully disclosed
259904,Klean Pre-Workout Natural Lemon Tea Flavor,TruBeet Beet root extract,botanical,1,1,TRUE,TRUE,Fully disclosed
259904,Klean Pre-Workout Natural Lemon Tea Flavor,Vitamin C,vitamin,1,1,TRUE,TRUE,Fully disclosed
259904,Klean Pre-Workout Natural Lemon Tea Flavor,organic Caffeine,non-nutrient/non-botanical,1,1,TRUE,TRUE,Fully disclosed
260041,Pre-Workout Explosion Fruit Punch,Advanced Pump Complex,blend,1,1,TRUE,TRUE,Fully disclosed
260041,Pre-Workout Explosion Fruit Punch,Beta-Alanine,amino acid,1,1,TRUE,TRUE,Fully disclosed
260041,Pre-Workout Explosion Fruit Punch,Caffeine,non-nutrient/non-botanical,1,1,TRUE,TRUE,Fully disclosed
260041,Pre-Workout Explosion Fruit Punch,Caffeine Anhydrous,non-nutrient/non-botanical,1,1,FALSE,FALSE,Not disclosed
260041,Pre-Workout Explosion Fruit Punch,Choline Bitartrate,vitamin,1,1,FALSE,FALSE,Not disclosed
260041,Pre-Workout Explosion Fruit Punch,Creatine Monohydrate,non-nutrient/non-botanical,1,1,TRUE,TRUE,Fully disclosed
260041,Pre-Workout Explosion Fruit Punch,L-Arginine Alpha-Ketoglutarate,non-nutrient/non-botanical,1,1,TRUE,TRUE,Fully disclosed
260041,Pre-Workout Explosion Fruit Punch,L-Arginine HCl,amino acid,1,1,FALSE,FALSE,Not disclosed
260041,Pre-Workout Explosion Fruit Punch,L-Citrulline,amino acid,1,1,FALSE,FALSE,Not disclosed
260041,Pre-Workout Explosion Fruit Punch,L-Citrulline Malate,non-nutrient/non-botanical,1,1,FALSE,FALSE,Not disclosed
260041,Pre-Workout Explosion Fruit Punch,L-Tyrosine,amino acid,1,1,FALSE,FALSE,Not disclosed
260041,Pre-Workout Explosion Fruit Punch,Niacin,vitamin,1,1,TRUE,TRUE,Fully disclosed
260041,Pre-Workout Explosion Fruit Punch,Pre-Workout Explosion Blend,blend,1,1,TRUE,TRUE,Fully disclosed
260041,Pre-Workout Explosion Fruit Punch,Sugars,sugar,1,1,FALSE,FALSE,Not disclosed
260041,Pre-Workout Explosion Fruit Punch,Taurine,non-nutrient/non-botanical,1,1,FALSE,FALSE,Not disclosed
260041,Pre-Workout Explosion Fruit Punch,Vitamin C,vitamin,1,1,TRUE,TRUE,Fully disclosed
260876,V1 Pre-Workout Mango Peach Rings,Agmatine Sulfate,non-nutrient/non-botanical,1,1,TRUE,TRUE,Fully disclosed
260876,V1 Pre-Workout Mango Peach Rings,Alpha-Glycerylphosphorylcholine,non-nutrient/non-botanical,1,1,TRUE,TRUE,Fully disclosed
260876,V1 Pre-Workout Mango Peach Rings,Bacopa monnieri,botanical,1,1,TRUE,TRUE,Fully disclosed
260876,V1 Pre-Workout Mango Peach Rings,Beta-Alanine,amino acid,1,1,TRUE,TRUE,Fully disclosed
260876,V1 Pre-Workout Mango Peach Rings,Caffeine Anhydrous,non-nutrient/non-botanical,1,1,TRUE,TRUE,Fully disclosed
260876,V1 Pre-Workout Mango Peach Rings,Glycerol,other,1,1,TRUE,TRUE,Fully disclosed
260876,V1 Pre-Workout Mango Peach Rings,Huperzine A,non-nutrient/non-botanical,1,1,TRUE,TRUE,Fully disclosed
260876,V1 Pre-Workout Mango Peach Rings,Isopropylnorsynephrine,non-nutrient/non-botanical,1,1,TRUE,TRUE,Fully disclosed
260876,V1 Pre-Workout Mango Peach Rings,L-Citrulline,amino acid,1,1,TRUE,TRUE,Fully disclosed
260876,V1 Pre-Workout Mango Peach Rings,L-Norvaline,amino acid,1,1,TRUE,TRUE,Fully disclosed
260876,V1 Pre-Workout Mango Peach Rings,ProGBB,non-nutrient/non-botanical,1,1,TRUE,TRUE,Fully disclosed
261086,Alphagen High Energy Pre-Workout Blackberry Lemonade,AlphaSize,non-nutrient/non-botanical,1,1,TRUE,TRUE,Fully disclosed
261086,Alphagen High Energy Pre-Workout Blackberry Lemonade,AstraGin,blend,1,1,TRUE,TRUE,Fully disclosed
261086,Alphagen High Energy Pre-Workout Blackberry Lemonade,Beta-Alanine,amino acid,1,1,TRUE,TRUE,Fully disclosed
261086,Alphagen High Energy Pre-Workout Blackberry Lemonade,Bioperine Nature's Thermonutrient,botanical,1,1,TRUE,TRUE,Fully disclosed
261086,Alphagen High Energy Pre-Workout Blackberry Lemonade,Caffeine Anhydrous,non-nutrient/non-botanical,1,1,TRUE,TRUE,Fully disclosed
261086,Alphagen High Energy Pre-Workout Blackberry Lemonade,Creatine Monohydrate,non-nutrient/non-botanical,1,1,TRUE,TRUE,Fully disclosed
261086,Alphagen High Energy Pre-Workout Blackberry Lemonade,Dimethylaminoethanol (DMAE) Bitartrate,non-nutrient/non-botanical,1,1,TRUE,TRUE,Fully disclosed
261086,Alphagen High Energy Pre-Workout Blackberry Lemonade,Huperzine A,non-nutrient/non-botanical,1,1,TRUE,TRUE,Fully disclosed
261086,Alphagen High Energy Pre-Workout Blackberry Lemonade,L-Citrulline DL-Malate,non-nutrient/non-botanical,1,1,TRUE,TRUE,Fully disclosed
261086,Alphagen High Energy Pre-Workout Blackberry Lemonade,L-Theanine,amino acid,1,1,TRUE,TRUE,Fully disclosed
261086,Alphagen High Energy Pre-Workout Blackberry Lemonade,L-Tyrosine,amino acid,1,1,TRUE,TRUE,Fully disclosed
261086,Alphagen High Energy Pre-Workout Blackberry Lemonade,Methylliberine,non-nutrient/non-botanical,1,1,TRUE,TRUE,Fully disclosed
261086,Alphagen High Energy Pre-Workout Blackberry Lemonade,Mucuna pruriens,botanical,1,1,TRUE,TRUE,Fully disclosed
261086,Alphagen High Energy Pre-Workout Blackberry Lemonade,N-Phenethyl Dimethylamine Citrate,non-nutrient/non-botanical,1,1,TRUE,TRUE,Fully disclosed
261086,Alphagen High Energy Pre-Workout Blackberry Lemonade,Synephrine HCl,non-nutrient/non-botanical,1,1,TRUE,TRUE,Fully disclosed
261086,Alphagen High Energy Pre-Workout Blackberry Lemonade,Theacrine,non-nutrient/non-botanical,1,1,TRUE,TRUE,Fully disclosed
261086,Alphagen High Energy Pre-Workout Blackberry Lemonade,Theobromine,non-nutrient/non-botanical,1,1,TRUE,TRUE,Fully disclosed
261152,Mr Hyde Icon Pre Workout Poseidon Blueberry Lemon Wrath,BCAA Blend,blend,1,1,TRUE,TRUE,Fully disclosed
261152,Mr Hyde Icon Pre Workout Poseidon Blueberry Lemon Wrath,Beta Alanine,amino acid,1,1,TRUE,TRUE,Fully disclosed
261152,Mr Hyde Icon Pre Workout Poseidon Blueberry Lemon Wrath,Betaine Anhydrous,non-nutrient/non-botanical,1,1,TRUE,TRUE,Fully disclosed
261152,Mr Hyde Icon Pre Workout Poseidon Blueberry Lemon Wrath,Caffeine Anhydrous,non-nutrient/non-botanical,1,1,TRUE,TRUE,Fully disclosed
261152,Mr Hyde Icon Pre Workout Poseidon Blueberry Lemon Wrath,CaloriBurn GP,blend,1,1,TRUE,TRUE,Fully disclosed
261152,Mr Hyde Icon Pre Workout Poseidon Blueberry Lemon Wrath,Capros,botanical,1,1,TRUE,TRUE,Fully disclosed
261152,Mr Hyde Icon Pre Workout Poseidon Blueberry Lemon Wrath,Cordyceps militaris,other,1,1,TRUE,TRUE,Fully disclosed
261152,Mr Hyde Icon Pre Workout Poseidon Blueberry Lemon Wrath,Creatine Hydrochloride,non-nutrient/non-botanical,1,1,TRUE,TRUE,Fully disclosed
261152,Mr Hyde Icon Pre Workout Poseidon Blueberry Lemon Wrath,Ganoderma lucidum,botanical,1,1,TRUE,TRUE,Fully disclosed
261152,Mr Hyde Icon Pre Workout Poseidon Blueberry Lemon Wrath,Hericium erinaceus,botanical,1,1,TRUE,TRUE,Fully disclosed
261152,Mr Hyde Icon Pre Workout Poseidon Blueberry Lemon Wrath,Iconic Energy Matrix,blend,1,1,TRUE,TRUE,Fully disclosed
261152,Mr Hyde Icon Pre Workout Poseidon Blueberry Lemon Wrath,Iconic Pump & Performance Matrix,blend,1,1,TRUE,TRUE,Fully disclosed
261152,Mr Hyde Icon Pre Workout Poseidon Blueberry Lemon Wrath,Iconic Strength & Power Matrix,blend,1,1,TRUE,TRUE,Fully disclosed
261152,Mr Hyde Icon Pre Workout Poseidon Blueberry Lemon Wrath,Iconic mTOR Activation & Recovery Matrix,blend,1,1,TRUE,TRUE,Fully disclosed
261152,Mr Hyde Icon Pre Workout Poseidon Blueberry Lemon Wrath,L-Isoleucine,amino acid,1,1,TRUE,TRUE,Fully disclosed
261152,Mr Hyde Icon Pre Workout Poseidon Blueberry Lemon Wrath,L-Leucine,amino acid,1,1,TRUE,TRUE,Fully disclosed
261152,Mr Hyde Icon Pre Workout Poseidon Blueberry Lemon Wrath,L-Valine,amino acid,1,1,TRUE,TRUE,Fully disclosed
261152,Mr Hyde Icon Pre Workout Poseidon Blueberry Lemon Wrath,Lentinula edodes,botanical,1,1,TRUE,TRUE,Fully disclosed
261152,Mr Hyde Icon Pre Workout Poseidon Blueberry Lemon Wrath,Methylliberine,non-nutrient/non-botanical,1,1,TRUE,TRUE,Fully disclosed
261152,Mr Hyde Icon Pre Workout Poseidon Blueberry Lemon Wrath,Nattokinase,enzyme,1,1,TRUE,TRUE,Fully disclosed
261152,Mr Hyde Icon Pre Workout Poseidon Blueberry Lemon Wrath,Nitrosigine Arginine Silicate Inositol,non-nutrient/non-botanical,1,1,TRUE,TRUE,Fully disclosed
261152,Mr Hyde Icon Pre Workout Poseidon Blueberry Lemon Wrath,Pleurotus eryngii,botanical,1,1,TRUE,TRUE,Fully disclosed
261152,Mr Hyde Icon Pre Workout Poseidon Blueberry Lemon Wrath,Theacrine,non-nutrient/non-botanical,1,1,TRUE,TRUE,Fully disclosed
261152,Mr Hyde Icon Pre Workout Poseidon Blueberry Lemon Wrath,Trametes versicolor,other,1,1,TRUE,TRUE,Fully disclosed
261152,Mr Hyde Icon Pre Workout Poseidon Blueberry Lemon Wrath,elevATP,blend,1,1,TRUE,TRUE,Fully disclosed
261156,Mr Hyde Icon Pre Workout Athena Mango Citrus Warfare,Beta-Alanine,amino acid,1,1,TRUE,TRUE,Fully disclosed
261156,Mr Hyde Icon Pre Workout Athena Mango Citrus Warfare,Betaine Anhydrous,non-nutrient/non-botanical,1,1,TRUE,TRUE,Fully disclosed
261156,Mr Hyde Icon Pre Workout Athena Mango Citrus Warfare,Branched-Chain Amino Acids,blend,1,1,TRUE,TRUE,Fully disclosed
261156,Mr Hyde Icon Pre Workout Athena Mango Citrus Warfare,Caffeine Anhydrous,non-nutrient/non-botanical,1,1,TRUE,TRUE,Fully disclosed
261156,Mr Hyde Icon Pre Workout Athena Mango Citrus Warfare,CaloriBurn GP,blend,1,1,TRUE,TRUE,Fully disclosed
261156,Mr Hyde Icon Pre Workout Athena Mango Citrus Warfare,Capros,botanical,1,1,TRUE,TRUE,Fully disclosed
261156,Mr Hyde Icon Pre Workout Athena Mango Citrus Warfare,Cordyceps militaris,other,1,1,FALSE,FALSE,Not disclosed
261156,Mr Hyde Icon Pre Workout Athena Mango Citrus Warfare,Creatine HCl,non-nutrient/non-botanical,1,1,TRUE,TRUE,Fully disclosed
261156,Mr Hyde Icon Pre Workout Athena Mango Citrus Warfare,Ganoderma Lucidum,other,1,1,FALSE,FALSE,Not disclosed
261156,Mr Hyde Icon Pre Workout Athena Mango Citrus Warfare,Hericium erinaceus,botanical,1,1,FALSE,FALSE,Not disclosed
261156,Mr Hyde Icon Pre Workout Athena Mango Citrus Warfare,Iconic Energy Matrix,blend,1,1,TRUE,TRUE,Fully disclosed
261156,Mr Hyde Icon Pre Workout Athena Mango Citrus Warfare,Iconic Pump & Performance Matrix,blend,1,1,TRUE,TRUE,Fully disclosed
261156,Mr Hyde Icon Pre Workout Athena Mango Citrus Warfare,Iconic Strength & Power Matrix,blend,1,1,TRUE,TRUE,Fully disclosed
261156,Mr Hyde Icon Pre Workout Athena Mango Citrus Warfare,Iconic mTOR Activation & Recovery Matrix,blend,1,1,TRUE,TRUE,Fully disclosed
261156,Mr Hyde Icon Pre Workout Athena Mango Citrus Warfare,L-Isoleucine,amino acid,1,1,TRUE,TRUE,Fully disclosed
261156,Mr Hyde Icon Pre Workout Athena Mango Citrus Warfare,L-Leucine,amino acid,1,1,TRUE,TRUE,Fully disclosed
261156,Mr Hyde Icon Pre Workout Athena Mango Citrus Warfare,L-Valine,amino acid,1,1,TRUE,TRUE,Fully disclosed
261156,Mr Hyde Icon Pre Workout Athena Mango Citrus Warfare,Lentinula edodes,botanical,1,1,FALSE,FALSE,Not disclosed
261156,Mr Hyde Icon Pre Workout Athena Mango Citrus Warfare,Methylliberine,non-nutrient/non-botanical,1,1,TRUE,TRUE,Fully disclosed
261156,Mr Hyde Icon Pre Workout Athena Mango Citrus Warfare,NSK-SD40,enzyme,1,1,TRUE,TRUE,Fully disclosed
261156,Mr Hyde Icon Pre Workout Athena Mango Citrus Warfare,Nitrosigine,non-nutrient/non-botanical,1,1,TRUE,TRUE,Fully disclosed
261156,Mr Hyde Icon Pre Workout Athena Mango Citrus Warfare,PeakO2,blend,1,1,TRUE,TRUE,Fully disclosed
261156,Mr Hyde Icon Pre Workout Athena Mango Citrus Warfare,Pleurotus eryngii,botanical,1,1,FALSE,FALSE,Not disclosed
261156,Mr Hyde Icon Pre Workout Athena Mango Citrus Warfare,Theacrine,non-nutrient/non-botanical,1,1,TRUE,TRUE,Fully disclosed
261156,Mr Hyde Icon Pre Workout Athena Mango Citrus Warfare,Trametes versicolor,other,1,1,FALSE,FALSE,Not disclosed
261156,Mr Hyde Icon Pre Workout Athena Mango Citrus Warfare,elevATP,blend,1,1,TRUE,TRUE,Fully disclosed
261158,Mr Hyde Icon Pre Workout Zeus Raspberry Lime Thunder,Beta-Alanine,amino acid,1,1,TRUE,TRUE,Fully disclosed
261158,Mr Hyde Icon Pre Workout Zeus Raspberry Lime Thunder,Betaine Anhydrous,non-nutrient/non-botanical,1,1,TRUE,TRUE,Fully disclosed
261158,Mr Hyde Icon Pre Workout Zeus Raspberry Lime Thunder,Branched-Chain Amino Acids,blend,1,1,TRUE,TRUE,Fully disclosed
261158,Mr Hyde Icon Pre Workout Zeus Raspberry Lime Thunder,Caffeine Anhydrous,non-nutrient/non-botanical,1,1,TRUE,TRUE,Fully disclosed
261158,Mr Hyde Icon Pre Workout Zeus Raspberry Lime Thunder,CaloriBurn GP,blend,1,1,TRUE,TRUE,Fully disclosed
261158,Mr Hyde Icon Pre Workout Zeus Raspberry Lime Thunder,Capros,botanical,1,1,TRUE,TRUE,Fully disclosed
261158,Mr Hyde Icon Pre Workout Zeus Raspberry Lime Thunder,Cordyceps militaris,other,1,1,FALSE,FALSE,Not disclosed
261158,Mr Hyde Icon Pre Workout Zeus Raspberry Lime Thunder,Creatine HCl,non-nutrient/non-botanical,1,1,TRUE,TRUE,Fully disclosed
261158,Mr Hyde Icon Pre Workout Zeus Raspberry Lime Thunder,Dynamine,non-nutrient/non-botanical,1,1,TRUE,TRUE,Fully disclosed
261158,Mr Hyde Icon Pre Workout Zeus Raspberry Lime Thunder,Ganoderma Lucidum,other,1,1,FALSE,FALSE,Not disclosed
261158,Mr Hyde Icon Pre Workout Zeus Raspberry Lime Thunder,Hericium erinaceus,botanical,1,1,FALSE,FALSE,Not disclosed
261158,Mr Hyde Icon Pre Workout Zeus Raspberry Lime Thunder,Iconic Energy Matrix,blend,1,1,TRUE,TRUE,Fully disclosed
261158,Mr Hyde Icon Pre Workout Zeus Raspberry Lime Thunder,Iconic Pump & Performance Matrix,blend,1,1,TRUE,TRUE,Fully disclosed
261158,Mr Hyde Icon Pre Workout Zeus Raspberry Lime Thunder,Iconic Strength & Power Matrix,blend,1,1,TRUE,TRUE,Fully disclosed
261158,Mr Hyde Icon Pre Workout Zeus Raspberry Lime Thunder,Iconic mTOR Activation & Recovery Matrix,blend,1,1,TRUE,TRUE,Fully disclosed
261158,Mr Hyde Icon Pre Workout Zeus Raspberry Lime Thunder,L-Isoleucine,amino acid,1,1,TRUE,TRUE,Fully disclosed
261158,Mr Hyde Icon Pre Workout Zeus Raspberry Lime Thunder,L-Leucine,amino acid,1,1,TRUE,TRUE,Fully disclosed
261158,Mr Hyde Icon Pre Workout Zeus Raspberry Lime Thunder,L-Valine,amino acid,1,1,TRUE,TRUE,Fully disclosed
261158,Mr Hyde Icon Pre Workout Zeus Raspberry Lime Thunder,Lentinula edodes,botanical,1,1,FALSE,FALSE,Not disclosed
261158,Mr Hyde Icon Pre Workout Zeus Raspberry Lime Thunder,NSK-SD40,enzyme,1,1,TRUE,TRUE,Fully disclosed
261158,Mr Hyde Icon Pre Workout Zeus Raspberry Lime Thunder,Nitrosigine,non-nutrient/non-botanical,1,1,TRUE,TRUE,Fully disclosed
261158,Mr Hyde Icon Pre Workout Zeus Raspberry Lime Thunder,PeakO2,blend,1,1,TRUE,TRUE,Fully disclosed
261158,Mr Hyde Icon Pre Workout Zeus Raspberry Lime Thunder,Pleurotus eryngii,botanical,1,1,FALSE,FALSE,Not disclosed
261158,Mr Hyde Icon Pre Workout Zeus Raspberry Lime Thunder,Theacrine,non-nutrient/non-botanical,1,1,TRUE,TRUE,Fully disclosed
261158,Mr Hyde Icon Pre Workout Zeus Raspberry Lime Thunder,Trametes versicolor,other,1,1,FALSE,FALSE,Not disclosed
261158,Mr Hyde Icon Pre Workout Zeus Raspberry Lime Thunder,elevATP,blend,1,1,TRUE,TRUE,Fully disclosed
261160,Hyde Pre Workout Blue Raspberry,Beta-Alanine,amino acid,1,1,TRUE,TRUE,Fully disclosed
261160,Hyde Pre Workout Blue Raspberry,Caffeine Anhydrous,non-nutrient/non-botanical,1,1,TRUE,TRUE,Fully disclosed
261160,Hyde Pre Workout Blue Raspberry,Creatine Monohydrate,non-nutrient/non-botanical,1,1,TRUE,TRUE,Fully disclosed
261160,Hyde Pre Workout Blue Raspberry,L-Citrulline,amino acid,1,1,TRUE,TRUE,Fully disclosed
261160,Hyde Pre Workout Blue Raspberry,L-Tyrosine,amino acid,1,1,TRUE,TRUE,Fully disclosed
261160,Hyde Pre Workout Blue Raspberry,N-Acetyl L-Carnitine,non-nutrient/non-botanical,1,1,TRUE,TRUE,Fully disclosed
261160,Hyde Pre Workout Blue Raspberry,Niacin,vitamin,1,1,TRUE,TRUE,Fully disclosed
261160,Hyde Pre Workout Blue Raspberry,Vitamin B1,vitamin,1,1,TRUE,TRUE,Fully disclosed
261160,Hyde Pre Workout Blue Raspberry,Vitamin B12,vitamin,1,1,TRUE,TRUE,Fully disclosed
261160,Hyde Pre Workout Blue Raspberry,Vitamin C,vitamin,1,1,TRUE,TRUE,Fully disclosed
261160,Hyde Pre Workout Blue Raspberry,Zinc,mineral,1,1,TRUE,TRUE,Fully disclosed
261364,Rise Pre-Workout Blackberry Blast,Beta-Alanine,amino acid,1,1,TRUE,TRUE,Fully disclosed
261364,Rise Pre-Workout Blackberry Blast,Betaine Anhydrous,non-nutrient/non-botanical,1,1,TRUE,TRUE,Fully disclosed
261364,Rise Pre-Workout Blackberry Blast,Caffeine Anhydrous,non-nutrient/non-botanical,1,1,TRUE,TRUE,Fully disclosed
261364,Rise Pre-Workout Blackberry Blast,Calcium,mineral,1,1,TRUE,TRUE,Fully disclosed
261364,Rise Pre-Workout Blackberry Blast,Coconut (Cocus nucifera) Water powder,botanical,1,1,TRUE,TRUE,Fully disclosed
261364,Rise Pre-Workout Blackberry Blast,L-Citrulline Malate,non-nutrient/non-botanical,1,1,TRUE,TRUE,Fully disclosed
261364,Rise Pre-Workout Blackberry Blast,L-Theanine,amino acid,1,1,TRUE,TRUE,Fully disclosed
261364,Rise Pre-Workout Blackberry Blast,"Red Ginseng, Powder",botanical,1,1,TRUE,TRUE,Fully disclosed
261364,Rise Pre-Workout Blackberry Blast,Sodium,mineral,1,1,TRUE,TRUE,Fully disclosed
261364,Rise Pre-Workout Blackberry Blast,Theobromine,non-nutrient/non-botanical,1,1,TRUE,TRUE,Fully disclosed
261367,Pre-Workout for Women Pina Colada,Caffeine Anhydrous,non-nutrient/non-botanical,1,1,TRUE,TRUE,Fully disclosed
261367,Pre-Workout for Women Pina Colada,L-Arginine Alpha Ketoglutarate,non-nutrient/non-botanical,1,1,TRUE,TRUE,Fully disclosed
261367,Pre-Workout for Women Pina Colada,L-Carnitine Tartrate,non-nutrient/non-botanical,1,1,TRUE,TRUE,Fully disclosed
261367,Pre-Workout for Women Pina Colada,L-Citrulline DL-Malate,non-nutrient/non-botanical,1,1,TRUE,TRUE,Fully disclosed
261367,Pre-Workout for Women Pina Colada,Niacin,vitamin,1,1,TRUE,TRUE,Fully disclosed
261367,Pre-Workout for Women Pina Colada,Taurine,non-nutrient/non-botanical,1,1,TRUE,TRUE,Fully disclosed
261367,Pre-Workout for Women Pina Colada,Theobromine,non-nutrient/non-botanical,1,1,TRUE,TRUE,Fully disclosed
261367,Pre-Workout for Women Pina Colada,Velvet Bean extract,botanical,1,1,TRUE,TRUE,Fully disclosed
263197,PreFo Extremely Concentrated Pre-Workout Candy Keys,Acetyl-L-Carnitine HCl,non-nutrient/non-botanical,2,2,TRUE,TRUE,Fully disclosed
263197,PreFo Extremely Concentrated Pre-Workout Candy Keys,Agmatine Sulphate,non-nutrient/non-botanical,2,2,TRUE,TRUE,Fully disclosed
263197,PreFo Extremely Concentrated Pre-Workout Candy Keys,Bacopa monnieri extract,botanical,2,2,TRUE,TRUE,Fully disclosed
263197,PreFo Extremely Concentrated Pre-Workout Candy Keys,Caffeine,non-nutrient/non-botanical,2,2,TRUE,TRUE,Fully disclosed
263197,PreFo Extremely Concentrated Pre-Workout Candy Keys,Caffeine Anhydrous,non-nutrient/non-botanical,2,2,TRUE,TRUE,Fully disclosed
263197,PreFo Extremely Concentrated Pre-Workout Candy Keys,Citrulline Malate,non-nutrient/non-botanical,2,2,TRUE,TRUE,Fully disclosed
263197,PreFo Extremely Concentrated Pre-Workout Candy Keys,Dicaffeine Malate,non-nutrient/non-botanical,2,2,TRUE,TRUE,Fully disclosed
263197,PreFo Extremely Concentrated Pre-Workout Candy Keys,French Pine bark extract,botanical,2,2,TRUE,TRUE,Fully disclosed
263197,PreFo Extremely Concentrated Pre-Workout Candy Keys,L-Theanine,amino acid,2,2,TRUE,TRUE,Fully disclosed
263197,PreFo Extremely Concentrated Pre-Workout Candy Keys,Panax ginseng,botanical,2,2,TRUE,TRUE,Fully disclosed
263198,PreFo Extremely Concentrated Pre-Workout Strawberry Marshmallow Candy,Acetyl-L-Carnitine HCl,non-nutrient/non-botanical,2,2,TRUE,TRUE,Fully disclosed
263198,PreFo Extremely Concentrated Pre-Workout Strawberry Marshmallow Candy,Agmatine Sulphate,non-nutrient/non-botanical,2,2,TRUE,TRUE,Fully disclosed
263198,PreFo Extremely Concentrated Pre-Workout Strawberry Marshmallow Candy,Bacopa monnieri extract,botanical,2,2,TRUE,TRUE,Fully disclosed
263198,PreFo Extremely Concentrated Pre-Workout Strawberry Marshmallow Candy,Caffeine,non-nutrient/non-botanical,2,2,TRUE,TRUE,Fully disclosed
263198,PreFo Extremely Concentrated Pre-Workout Strawberry Marshmallow Candy,Caffeine Anhydrous,non-nutrient/non-botanical,2,2,TRUE,TRUE,Fully disclosed
263198,PreFo Extremely Concentrated Pre-Workout Strawberry Marshmallow Candy,Citrulline Malate,non-nutrient/non-botanical,2,2,TRUE,TRUE,Fully disclosed
263198,PreFo Extremely Concentrated Pre-Workout Strawberry Marshmallow Candy,Dicaffeine Malate,non-nutrient/non-botanical,2,2,TRUE,TRUE,Fully disclosed
263198,PreFo Extremely Concentrated Pre-Workout Strawberry Marshmallow Candy,French Pine bark extract,botanical,2,2,TRUE,TRUE,Fully disclosed
263198,PreFo Extremely Concentrated Pre-Workout Strawberry Marshmallow Candy,L-Theanine,amino acid,2,2,TRUE,TRUE,Fully disclosed
263198,PreFo Extremely Concentrated Pre-Workout Strawberry Marshmallow Candy,Panax ginseng,botanical,2,2,TRUE,TRUE,Fully disclosed
264517,Pre-Workout Baja Burst,Betaine Anhydrous,non-nutrient/non-botanical,1,1,TRUE,TRUE,Fully disclosed
264517,Pre-Workout Baja Burst,Betaine Nitrate,non-nutrient/non-botanical,1,1,TRUE,TRUE,Fully disclosed
264517,Pre-Workout Baja Burst,Caffeine Anhydrous,non-nutrient/non-botanical,1,1,TRUE,TRUE,Fully disclosed
264517,Pre-Workout Baja Burst,Calcium,mineral,1,1,TRUE,TRUE,Fully disclosed
264517,Pre-Workout Baja Burst,Calcium Potassium Phosphate Citrate,non-nutrient/non-botanical,1,1,TRUE,TRUE,Fully disclosed
264517,Pre-Workout Baja Burst,CarnoSyn,amino acid,1,1,TRUE,TRUE,Fully disclosed
264517,Pre-Workout Baja Burst,Choline,vitamin,1,1,TRUE,TRUE,Fully disclosed
264517,Pre-Workout Baja Burst,Choline Bitartrate,vitamin,1,1,TRUE,TRUE,Fully disclosed
264517,Pre-Workout Baja Burst,Huperzia serrata extract,botanical,1,1,TRUE,TRUE,Fully disclosed
264517,Pre-Workout Baja Burst,Phosphorus,mineral,1,1,TRUE,TRUE,Fully disclosed
264517,Pre-Workout Baja Burst,Potassium,mineral,1,1,TRUE,TRUE,Fully disclosed
264517,Pre-Workout Baja Burst,Sodium,mineral,1,1,TRUE,TRUE,Fully disclosed
264517,Pre-Workout Baja Burst,Sodium Nitrate,other,1,1,TRUE,TRUE,Fully disclosed
264517,Pre-Workout Baja Burst,Theobromine,non-nutrient/non-botanical,1,1,TRUE,TRUE,Fully disclosed
264517,Pre-Workout Baja Burst,Vitashure Caffeine SR,non-nutrient/non-botanical,1,1,TRUE,TRUE,Fully disclosed
264520,Pre-Workout Candy Watermelon,Beta-Alanine,amino acid,1,1,TRUE,TRUE,Fully disclosed
264520,Pre-Workout Candy Watermelon,Betaine Anhydrous,non-nutrient/non-botanical,1,1,TRUE,TRUE,Fully disclosed
264520,Pre-Workout Candy Watermelon,Black Pepper extract,botanical,1,1,TRUE,TRUE,Fully disclosed
264520,Pre-Workout Candy Watermelon,Caffeine,non-nutrient/non-botanical,1,1,TRUE,TRUE,Fully disclosed
264520,Pre-Workout Candy Watermelon,Citicoline,non-nutrient/non-botanical,1,1,TRUE,TRUE,Fully disclosed
264520,Pre-Workout Candy Watermelon,Huperzia serrata extract,botanical,1,1,TRUE,TRUE,Fully disclosed
264520,Pre-Workout Candy Watermelon,L-Arginine,amino acid,1,1,TRUE,TRUE,Fully disclosed
264520,Pre-Workout Candy Watermelon,L-Citrulline Malate,non-nutrient/non-botanical,1,1,TRUE,TRUE,Fully disclosed
264520,Pre-Workout Candy Watermelon,L-Taurine,non-nutrient/non-botanical,1,1,TRUE,TRUE,Fully disclosed
264520,Pre-Workout Candy Watermelon,L-Tyrosine,amino acid,1,1,TRUE,TRUE,Fully disclosed
264520,Pre-Workout Candy Watermelon,N-Acetyl L-Tyrosine,non-nutrient/non-botanical,1,1,TRUE,TRUE,Fully disclosed
264520,Pre-Workout Candy Watermelon,Sodium,mineral,1,1,TRUE,TRUE,Fully disclosed
264524,Pre-Workout Mango Extreme,Betaine Anhydrous,non-nutrient/non-botanical,1,1,TRUE,TRUE,Fully disclosed
264524,Pre-Workout Mango Extreme,Betaine Nitrate,non-nutrient/non-botanical,1,1,TRUE,TRUE,Fully disclosed
264524,Pre-Workout Mango Extreme,Caffeine Anhydrous,non-nutrient/non-botanical,1,1,TRUE,TRUE,Fully disclosed
264524,Pre-Workout Mango Extreme,Calcium,mineral,1,1,TRUE,TRUE,Fully disclosed
264524,Pre-Workout Mango Extreme,Calcium Potassium Phosphate Citrate,non-nutrient/non-botanical,1,1,TRUE,TRUE,Fully disclosed
264524,Pre-Workout Mango Extreme,CarnoSyn,amino acid,1,1,TRUE,TRUE,Fully disclosed
264524,Pre-Workout Mango Extreme,Choline,vitamin,1,1,TRUE,TRUE,Fully disclosed
264524,Pre-Workout Mango Extreme,Choline Bitartrate,vitamin,1,1,TRUE,TRUE,Fully disclosed
264524,Pre-Workout Mango Extreme,Huperzia serrata extract,botanical,1,1,TRUE,TRUE,Fully disclosed
264524,Pre-Workout Mango Extreme,Phosphorus,mineral,1,1,TRUE,TRUE,Fully disclosed
264524,Pre-Workout Mango Extreme,Potassium,mineral,1,1,TRUE,TRUE,Fully disclosed
264524,Pre-Workout Mango Extreme,Sodium,mineral,1,1,TRUE,TRUE,Fully disclosed
264524,Pre-Workout Mango Extreme,Sodium Nitrate,other,1,1,TRUE,TRUE,Fully disclosed
264524,Pre-Workout Mango Extreme,Theobromine,non-nutrient/non-botanical,1,1,TRUE,TRUE,Fully disclosed
264524,Pre-Workout Mango Extreme,Vitashure Caffeine SR,non-nutrient/non-botanical,1,1,TRUE,TRUE,Fully disclosed
264526,SunnyD Pre-Workout Tangy Original,Beta Alanine,amino acid,1,1,TRUE,TRUE,Fully disclosed
264526,SunnyD Pre-Workout Tangy Original,Betaine Anhydrous,non-nutrient/non-botanical,1,1,TRUE,TRUE,Fully disclosed
264526,SunnyD Pre-Workout Tangy Original,Betaine Nitrate,non-nutrient/non-botanical,1,1,TRUE,TRUE,Fully disclosed
264526,SunnyD Pre-Workout Tangy Original,Caffeine Anhydrous,non-nutrient/non-botanical,1,1,TRUE,TRUE,Fully disclosed
264526,SunnyD Pre-Workout Tangy Original,Calcium,mineral,1,1,TRUE,TRUE,Fully disclosed
264526,SunnyD Pre-Workout Tangy Original,Choline,vitamin,1,1,TRUE,TRUE,Fully disclosed
264526,SunnyD Pre-Workout Tangy Original,Huperzia serrata extract,botanical,1,1,TRUE,TRUE,Fully disclosed
264526,SunnyD Pre-Workout Tangy Original,Phosphorus,mineral,1,1,TRUE,TRUE,Fully disclosed
264526,SunnyD Pre-Workout Tangy Original,Potassium,mineral,1,1,TRUE,TRUE,Fully disclosed
264526,SunnyD Pre-Workout Tangy Original,Sodium,mineral,1,1,TRUE,TRUE,Fully disclosed
264526,SunnyD Pre-Workout Tangy Original,Sodium Nitrate,other,1,1,TRUE,TRUE,Fully disclosed
264526,SunnyD Pre-Workout Tangy Original,Theobromine,non-nutrient/non-botanical,1,1,TRUE,TRUE,Fully disclosed
264526,SunnyD Pre-Workout Tangy Original,Vitamin C,vitamin,1,1,TRUE,TRUE,Fully disclosed
264526,SunnyD Pre-Workout Tangy Original,Vitashure,TBD,1,1,TRUE,TRUE,Fully disclosed
265343,Hooligan Extreme Pre-Workout Formula Pain Killer,Agmatine Sulfate,non-nutrient/non-botanical,1,1,TRUE,TRUE,Fully disclosed
265343,Hooligan Extreme Pre-Workout Formula Pain Killer,Agmatine Sulphate,non-nutrient/non-botanical,1,1,TRUE,TRUE,Fully disclosed
265343,Hooligan Extreme Pre-Workout Formula Pain Killer,Alpha GPC,non-nutrient/non-botanical,2,2,TRUE,TRUE,Fully disclosed
265343,Hooligan Extreme Pre-Workout Formula Pain Killer,AstraGin,blend,2,2,TRUE,TRUE,Fully disclosed
265343,Hooligan Extreme Pre-Workout Formula Pain Killer,Beta Alanine,amino acid,1,1,TRUE,TRUE,Fully disclosed
265343,Hooligan Extreme Pre-Workout Formula Pain Killer,Beta-Alanine,amino acid,1,1,TRUE,TRUE,Fully disclosed
265343,Hooligan Extreme Pre-Workout Formula Pain Killer,Betaine Anhydrous,non-nutrient/non-botanical,2,2,TRUE,TRUE,Fully disclosed
265343,Hooligan Extreme Pre-Workout Formula Pain Killer,Caffeine Anhydrous,non-nutrient/non-botanical,2,2,TRUE,TRUE,Fully disclosed
265343,Hooligan Extreme Pre-Workout Formula Pain Killer,DiCitrulline Malate,non-nutrient/non-botanical,2,2,TRUE,TRUE,Fully disclosed
265343,Hooligan Extreme Pre-Workout Formula Pain Killer,ElevATP(TM) Ancient Peat & Apple extract,blend,1,1,TRUE,TRUE,Fully disclosed
265343,Hooligan Extreme Pre-Workout Formula Pain Killer,Folate,vitamin,2,2,TRUE,TRUE,Fully disclosed
265343,Hooligan Extreme Pre-Workout Formula Pain Killer,Himalayan Pink Salt,non-nutrient/non-botanical,2,2,TRUE,TRUE,Fully disclosed
265343,Hooligan Extreme Pre-Workout Formula Pain Killer,Hooligan Performance Matrix,blend,2,2,FALSE,FALSE,Not disclosed
265343,Hooligan Extreme Pre-Workout Formula Pain Killer,L-Citrulline,amino acid,2,2,TRUE,TRUE,Fully disclosed
265343,Hooligan Extreme Pre-Workout Formula Pain Killer,L-Tyrosine,amino acid,2,2,TRUE,TRUE,Fully disclosed
265343,Hooligan Extreme Pre-Workout Formula Pain Killer,Lions Mane,other,2,2,TRUE,TRUE,Fully disclosed
265343,Hooligan Extreme Pre-Workout Formula Pain Killer,Rhodiola rosea,botanical,2,2,TRUE,TRUE,Fully disclosed
265343,Hooligan Extreme Pre-Workout Formula Pain Killer,Sodium,mineral,2,2,TRUE,TRUE,Fully disclosed
265343,Hooligan Extreme Pre-Workout Formula Pain Killer,Theobromine,non-nutrient/non-botanical,2,2,TRUE,TRUE,Fully disclosed
265343,Hooligan Extreme Pre-Workout Formula Pain Killer,Vitamin B12,vitamin,2,2,TRUE,TRUE,Fully disclosed
265343,Hooligan Extreme Pre-Workout Formula Pain Killer,Vitamin B3,vitamin,2,2,TRUE,TRUE,Fully disclosed
265343,Hooligan Extreme Pre-Workout Formula Pain Killer,Vitamin B6,vitamin,2,2,TRUE,TRUE,Fully disclosed
265343,Hooligan Extreme Pre-Workout Formula Pain Killer,elevATP,blend,1,1,TRUE,TRUE,Fully disclosed
265418,Assault Pre-Workout Blue Raspberry,Acetyl-L-Carnitine Hydrochloride,non-nutrient/non-botanical,1,1,TRUE,TRUE,Fully disclosed
265418,Assault Pre-Workout Blue Raspberry,Beta-Alanine,amino acid,1,1,TRUE,TRUE,Fully disclosed
265418,Assault Pre-Workout Blue Raspberry,Betaine Anhydrous,non-nutrient/non-botanical,1,1,TRUE,TRUE,Fully disclosed
265418,Assault Pre-Workout Blue Raspberry,Caffeine Anhydrous,non-nutrient/non-botanical,1,1,TRUE,TRUE,Fully disclosed
265418,Assault Pre-Workout Blue Raspberry,Calcium,mineral,1,1,TRUE,TRUE,Fully disclosed
265418,Assault Pre-Workout Blue Raspberry,Creatine Monohydrate,non-nutrient/non-botanical,1,1,TRUE,TRUE,Fully disclosed
265418,Assault Pre-Workout Blue Raspberry,Energy & Focus,blend,1,1,FALSE,FALSE,Not disclosed
265418,Assault Pre-Workout Blue Raspberry,L-Glycine,amino acid,1,1,TRUE,TRUE,Fully disclosed
265418,Assault Pre-Workout Blue Raspberry,Muscle Fuel,blend,1,1,FALSE,FALSE,Not disclosed
265418,Assault Pre-Workout Blue Raspberry,Strength & Performance,blend,1,1,FALSE,FALSE,Not disclosed
265418,Assault Pre-Workout Blue Raspberry,Taurine,non-nutrient/non-botanical,1,1,TRUE,TRUE,Fully disclosed
265418,Assault Pre-Workout Blue Raspberry,Vitamin B12,vitamin,1,1,TRUE,TRUE,Fully disclosed
265418,Assault Pre-Workout Blue Raspberry,Vitamin B6,vitamin,1,1,TRUE,TRUE,Fully disclosed
265418,Assault Pre-Workout Blue Raspberry,Vitamin C,vitamin,1,1,TRUE,TRUE,Fully disclosed
265418,Assault Pre-Workout Blue Raspberry,Vitamin E,vitamin,1,1,TRUE,TRUE,Fully disclosed
265446,Assault Pre-Workout Fruit Punch,Acetyl-L-Carnitine HCl,non-nutrient/non-botanical,1,1,TRUE,TRUE,Fully disclosed
265446,Assault Pre-Workout Fruit Punch,Beta-Alanine,amino acid,1,1,TRUE,TRUE,Fully disclosed
265446,Assault Pre-Workout Fruit Punch,Betaine Anhydrous,non-nutrient/non-botanical,1,1,TRUE,TRUE,Fully disclosed
265446,Assault Pre-Workout Fruit Punch,Caffeine Anhydrous,non-nutrient/non-botanical,1,1,TRUE,TRUE,Fully disclosed
265446,Assault Pre-Workout Fruit Punch,Calcium,mineral,1,1,TRUE,TRUE,Fully disclosed
265446,Assault Pre-Workout Fruit Punch,Creatine Monohydrate,non-nutrient/non-botanical,1,1,TRUE,TRUE,Fully disclosed
265446,Assault Pre-Workout Fruit Punch,Energy & Focus,blend,1,1,FALSE,FALSE,Not disclosed
265446,Assault Pre-Workout Fruit Punch,L-Glycine,amino acid,1,1,TRUE,TRUE,Fully disclosed
265446,Assault Pre-Workout Fruit Punch,Muscle Fuel,blend,1,1,FALSE,FALSE,Not disclosed
265446,Assault Pre-Workout Fruit Punch,Strength & Performance,blend,1,1,FALSE,FALSE,Not disclosed
265446,Assault Pre-Workout Fruit Punch,Taurine,non-nutrient/non-botanical,1,1,TRUE,TRUE,Fully disclosed
265446,Assault Pre-Workout Fruit Punch,Vitamin B12,vitamin,1,1,TRUE,TRUE,Fully disclosed
265446,Assault Pre-Workout Fruit Punch,Vitamin B6,vitamin,1,1,TRUE,TRUE,Fully disclosed
265446,Assault Pre-Workout Fruit Punch,Vitamin C,vitamin,1,1,TRUE,TRUE,Fully disclosed
265446,Assault Pre-Workout Fruit Punch,Vitamin E,vitamin,1,1,TRUE,TRUE,Fully disclosed
265452,Pre-Workout Pink Candy Blast,Beta Alanine,amino acid,2,2,TRUE,TRUE,Fully disclosed
265452,Pre-Workout Pink Candy Blast,Betaine Anhydrous,non-nutrient/non-botanical,2,2,TRUE,TRUE,Fully disclosed
265452,Pre-Workout Pink Candy Blast,Betaine Nitrate,non-nutrient/non-botanical,2,2,TRUE,TRUE,Fully disclosed
265452,Pre-Workout Pink Candy Blast,Caffeine Anhydrous,non-nutrient/non-botanical,2,2,TRUE,TRUE,Fully disclosed
265452,Pre-Workout Pink Candy Blast,Citicoline Sodium,non-nutrient/non-botanical,2,2,TRUE,TRUE,Fully disclosed
265452,Pre-Workout Pink Candy Blast,Creatine Monohydrate,non-nutrient/non-botanical,2,2,TRUE,TRUE,Fully disclosed
265452,Pre-Workout Pink Candy Blast,Huperzia serrata extract,botanical,2,2,TRUE,TRUE,Fully disclosed
265452,Pre-Workout Pink Candy Blast,L-Citrulline,amino acid,2,2,TRUE,TRUE,Fully disclosed
265452,Pre-Workout Pink Candy Blast,L-Tyrosine,amino acid,2,2,TRUE,TRUE,Fully disclosed
265452,Pre-Workout Pink Candy Blast,Malic Acid,non-nutrient/non-botanical,2,2,TRUE,TRUE,Fully disclosed
265452,Pre-Workout Pink Candy Blast,Rhodiola rosea root extract,botanical,2,2,TRUE,TRUE,Fully disclosed
265452,Pre-Workout Pink Candy Blast,Sodium,mineral,2,2,TRUE,TRUE,Fully disclosed
265452,Pre-Workout Pink Candy Blast,Theobromine,non-nutrient/non-botanical,2,2,TRUE,TRUE,Fully disclosed
265498,Pre Workout Strawberry Lemonade,Amino Blend,blend,1,1,TRUE,TRUE,Fully disclosed
265498,Pre Workout Strawberry Lemonade,Caffeine,non-nutrient/non-botanical,1,1,TRUE,TRUE,Fully disclosed
265498,Pre Workout Strawberry Lemonade,Capsimax Cayenne extract,botanical,1,1,TRUE,TRUE,Fully disclosed
265498,Pre Workout Strawberry Lemonade,Chromium,mineral,1,1,TRUE,TRUE,Fully disclosed
265498,Pre Workout Strawberry Lemonade,Coenzyme Q-10,non-nutrient/non-botanical,1,1,TRUE,TRUE,Fully disclosed
265498,Pre Workout Strawberry Lemonade,Folate,vitamin,1,1,TRUE,TRUE,Fully disclosed
265498,Pre Workout Strawberry Lemonade,Folic Acid,vitamin,1,1,TRUE,TRUE,Fully disclosed
265498,Pre Workout Strawberry Lemonade,Glycine Propionyl-L-Carnitine HCl,non-nutrient/non-botanical,1,1,FALSE,FALSE,Not disclosed
265498,Pre Workout Strawberry Lemonade,Green Tea Leaf Extract,botanical,1,1,TRUE,TRUE,Fully disclosed
265498,Pre Workout Strawberry Lemonade,L-Aspartic Acid,amino acid,1,1,FALSE,FALSE,Not disclosed
265498,Pre Workout Strawberry Lemonade,L-Citrulline,amino acid,1,1,FALSE,FALSE,Not disclosed
265498,Pre Workout Strawberry Lemonade,L-Tyrosine,amino acid,1,1,FALSE,FALSE,Not disclosed
265498,Pre Workout Strawberry Lemonade,Vitamin B12,vitamin,1,1,TRUE,TRUE,Fully disclosed
265498,Pre Workout Strawberry Lemonade,Vitamin B6,vitamin,1,1,TRUE,TRUE,Fully disclosed
265498,Pre Workout Strawberry Lemonade,Vitamin C,vitamin,1,1,TRUE,TRUE,Fully disclosed
265498,Pre Workout Strawberry Lemonade,added Sugars,sugar,1,1,TRUE,TRUE,Fully disclosed
267083,High Energy Pre-Workout Raspberry Lemonade,Asian Ginseng root powder,botanical,1,1,FALSE,FALSE,Not disclosed
267083,High Energy Pre-Workout Raspberry Lemonade,Beet root powder,botanical,1,1,FALSE,FALSE,Not disclosed
267083,High Energy Pre-Workout Raspberry Lemonade,Beta Alanine,amino acid,1,1,FALSE,FALSE,Not disclosed
267083,High Energy Pre-Workout Raspberry Lemonade,Black Pepper fruit extract,botanical,1,1,TRUE,TRUE,Fully disclosed
267083,High Energy Pre-Workout Raspberry Lemonade,Caffeine,non-nutrient/non-botanical,1,1,FALSE,FALSE,Not disclosed
267083,High Energy Pre-Workout Raspberry Lemonade,Calcium,mineral,1,1,TRUE,TRUE,Fully disclosed
267083,High Energy Pre-Workout Raspberry Lemonade,Clean Energy & Focus Blend,blend,1,1,TRUE,TRUE,Fully disclosed
267083,High Energy Pre-Workout Raspberry Lemonade,L-Citrulline,amino acid,1,1,FALSE,FALSE,Not disclosed
267083,High Energy Pre-Workout Raspberry Lemonade,L-Citrulline Malate,non-nutrient/non-botanical,1,1,FALSE,FALSE,Not disclosed
267083,High Energy Pre-Workout Raspberry Lemonade,L-Theanine,amino acid,1,1,FALSE,FALSE,Not disclosed
267083,High Energy Pre-Workout Raspberry Lemonade,L-Tyrosine,amino acid,1,1,FALSE,FALSE,Not disclosed
267083,High Energy Pre-Workout Raspberry Lemonade,Natural Performance Blend,blend,1,1,TRUE,TRUE,Fully disclosed
267083,High Energy Pre-Workout Raspberry Lemonade,Rhodiola root powder,botanical,1,1,FALSE,FALSE,Not disclosed
267083,High Energy Pre-Workout Raspberry Lemonade,Sodium,mineral,1,1,TRUE,TRUE,Fully disclosed
267083,High Energy Pre-Workout Raspberry Lemonade,Toothed Clubmoss extract,botanical,1,1,FALSE,FALSE,Not disclosed
267083,High Energy Pre-Workout Raspberry Lemonade,Vitamin B12,vitamin,1,1,TRUE,TRUE,Fully disclosed
267083,High Energy Pre-Workout Raspberry Lemonade,Vitamin B6,vitamin,1,1,TRUE,TRUE,Fully disclosed
267083,High Energy Pre-Workout Raspberry Lemonade,Vitamin C,vitamin,1,1,TRUE,TRUE,Fully disclosed
268565,Prophecy Ultimate Pre-Workout Peach Mango,Agmatine Sulfate,non-nutrient/non-botanical,2,2,TRUE,TRUE,Fully disclosed
268565,Prophecy Ultimate Pre-Workout Peach Mango,Beta-Alanine,amino acid,2,2,TRUE,TRUE,Fully disclosed
268565,Prophecy Ultimate Pre-Workout Peach Mango,Betaine Anhydrous,non-nutrient/non-botanical,2,2,TRUE,TRUE,Fully disclosed
268565,Prophecy Ultimate Pre-Workout Peach Mango,Bioperine,botanical,2,2,TRUE,TRUE,Fully disclosed
268565,Prophecy Ultimate Pre-Workout Peach Mango,Caffeine Anhydrous,non-nutrient/non-botanical,2,2,TRUE,TRUE,Fully disclosed
268565,Prophecy Ultimate Pre-Workout Peach Mango,Choline Bitartrate,vitamin,2,2,TRUE,TRUE,Fully disclosed
268565,Prophecy Ultimate Pre-Workout Peach Mango,Coconut Water powder,botanical,2,2,TRUE,TRUE,Fully disclosed
268565,Prophecy Ultimate Pre-Workout Peach Mango,Cordyceps militaris,botanical,2,2,FALSE,FALSE,Not disclosed
268565,Prophecy Ultimate Pre-Workout Peach Mango,Ganoderma lucidum,other,2,2,FALSE,FALSE,Not disclosed
268565,Prophecy Ultimate Pre-Workout Peach Mango,Hericium erinaceus,botanical,2,2,FALSE,FALSE,Not disclosed
268565,Prophecy Ultimate Pre-Workout Peach Mango,Hordeum vulgare seed extract,botanical,2,2,TRUE,TRUE,Fully disclosed
268565,Prophecy Ultimate Pre-Workout Peach Mango,Huperzine A,non-nutrient/non-botanical,2,2,TRUE,TRUE,Fully disclosed
268565,Prophecy Ultimate Pre-Workout Peach Mango,L-Citrulline,amino acid,1,1,TRUE,TRUE,Fully disclosed
268565,Prophecy Ultimate Pre-Workout Peach Mango,L-Citrulline Malate,non-nutrient/non-botanical,1,1,TRUE,TRUE,Fully disclosed
268565,Prophecy Ultimate Pre-Workout Peach Mango,L-Tyrosine,amino acid,2,2,TRUE,TRUE,Fully disclosed
268565,Prophecy Ultimate Pre-Workout Peach Mango,Lentinula edodes,botanical,2,2,FALSE,FALSE,Not disclosed
268565,Prophecy Ultimate Pre-Workout Peach Mango,MagicLION,botanical,2,2,TRUE,TRUE,Fully disclosed
268565,Prophecy Ultimate Pre-Workout Peach Mango,PeakO2,blend,2,2,TRUE,TRUE,Fully disclosed
268565,Prophecy Ultimate Pre-Workout Peach Mango,Pleurotus eryngii,botanical,2,2,FALSE,FALSE,Not disclosed
268565,Prophecy Ultimate Pre-Workout Peach Mango,Prophecy Ultimate Pre-Workout Matrix,blend,2,2,FALSE,FALSE,Not disclosed
268565,Prophecy Ultimate Pre-Workout Peach Mango,Taurine,non-nutrient/non-botanical,2,2,TRUE,TRUE,Fully disclosed
268565,Prophecy Ultimate Pre-Workout Peach Mango,TeaCrine,non-nutrient/non-botanical,2,2,TRUE,TRUE,Fully disclosed
268565,Prophecy Ultimate Pre-Workout Peach Mango,Trametes versicolor,botanical,2,2,FALSE,FALSE,Not disclosed
268565,Prophecy Ultimate Pre-Workout Peach Mango,Vitamin B12,vitamin,2,2,TRUE,TRUE,Fully disclosed
268565,Prophecy Ultimate Pre-Workout Peach Mango,Vitamin B6,vitamin,2,2,TRUE,TRUE,Fully disclosed
268565,Prophecy Ultimate Pre-Workout Peach Mango,Vitamin C,vitamin,2,2,TRUE,TRUE,Fully disclosed
268684,Godzilla Pre-Workout Monsterberry Lime,Beta Alanine,amino acid,2,2,TRUE,TRUE,Fully disclosed
268684,Godzilla Pre-Workout Monsterberry Lime,Betaine Anhydrous,non-nutrient/non-botanical,2,2,TRUE,TRUE,Fully disclosed
268684,Godzilla Pre-Workout Monsterberry Lime,Caffeine Anhydrous,non-nutrient/non-botanical,2,2,TRUE,TRUE,Fully disclosed
268684,Godzilla Pre-Workout Monsterberry Lime,Choline,vitamin,2,2,TRUE,TRUE,Fully disclosed
268684,Godzilla Pre-Workout Monsterberry Lime,Choline Bitartrate,vitamin,2,2,TRUE,TRUE,Fully disclosed
268684,Godzilla Pre-Workout Monsterberry Lime,Citrulline Nitrate,non-nutrient/non-botanical,2,2,TRUE,TRUE,Fully disclosed
268684,Godzilla Pre-Workout Monsterberry Lime,Creatine Monohydrate,non-nutrient/non-botanical,2,2,TRUE,TRUE,Fully disclosed
268684,Godzilla Pre-Workout Monsterberry Lime,L-Citrulline,amino acid,2,2,TRUE,TRUE,Fully disclosed
268684,Godzilla Pre-Workout Monsterberry Lime,Pink Himalayan Sea Salt,non-nutrient/non-botanical,2,2,TRUE,TRUE,Fully disclosed
268684,Godzilla Pre-Workout Monsterberry Lime,Potassium,mineral,2,2,TRUE,TRUE,Fully disclosed
268684,Godzilla Pre-Workout Monsterberry Lime,RYSE Pump Fuel,blend,2,2,TRUE,TRUE,Fully disclosed
268684,Godzilla Pre-Workout Monsterberry Lime,Sodium,mineral,2,2,TRUE,TRUE,Fully disclosed
268684,Godzilla Pre-Workout Monsterberry Lime,Theobromine,non-nutrient/non-botanical,2,2,TRUE,TRUE,Fully disclosed
268684,Godzilla Pre-Workout Monsterberry Lime,Thinkamine,TBD,2,2,TRUE,TRUE,Fully disclosed
268684,Godzilla Pre-Workout Monsterberry Lime,VasoDrive-AP,blend,2,2,TRUE,TRUE,Fully disclosed
268684,Godzilla Pre-Workout Monsterberry Lime,ZumXR Extended-Release Caffeine,non-nutrient/non-botanical,2,2,TRUE,TRUE,Fully disclosed
270994,ION Pre-Workout Blue Ice,Betaine Anhydrous,non-nutrient/non-botanical,1,1,TRUE,TRUE,Fully disclosed
270994,ION Pre-Workout Blue Ice,Caffeine Anhydrous,non-nutrient/non-botanical,1,1,TRUE,TRUE,Fully disclosed
270994,ION Pre-Workout Blue Ice,Carnosyn,amino acid,1,1,TRUE,TRUE,Fully disclosed
270994,ION Pre-Workout Blue Ice,Choline,vitamin,1,1,TRUE,TRUE,Fully disclosed
270994,ION Pre-Workout Blue Ice,Choline Bitartrate,vitamin,1,1,TRUE,TRUE,Fully disclosed
270994,ION Pre-Workout Blue Ice,Creatine Monohydrate,non-nutrient/non-botanical,1,1,TRUE,TRUE,Fully disclosed
270994,ION Pre-Workout Blue Ice,L-Citrulline DL-Malate,non-nutrient/non-botanical,1,1,TRUE,TRUE,Fully disclosed
270994,ION Pre-Workout Blue Ice,L-Tyrosine,amino acid,1,1,TRUE,TRUE,Fully disclosed
2722,RapidDrive Pre-Workout Amino Complex Fruit Punch,"Beta-Alanine, Micronized",amino acid,1,1,TRUE,TRUE,Fully disclosed
2722,RapidDrive Pre-Workout Amino Complex Fruit Punch,"Citrulline, Micronized",amino acid,1,1,TRUE,TRUE,Fully disclosed
2722,RapidDrive Pre-Workout Amino Complex Fruit Punch,"L-Arginine, Micronized",amino acid,1,1,TRUE,TRUE,Fully disclosed
2722,RapidDrive Pre-Workout Amino Complex Fruit Punch,"L-Isoleucine, Micronized",amino acid,1,1,TRUE,TRUE,Fully disclosed
2722,RapidDrive Pre-Workout Amino Complex Fruit Punch,"L-Leucine, Micronized",amino acid,1,1,TRUE,TRUE,Fully disclosed
2722,RapidDrive Pre-Workout Amino Complex Fruit Punch,"L-Valine, Micronized",amino acid,1,1,TRUE,TRUE,Fully disclosed
2722,RapidDrive Pre-Workout Amino Complex Fruit Punch,Micronized L-Taurine,non-nutrient/non-botanical,1,1,TRUE,TRUE,Fully disclosed
2722,RapidDrive Pre-Workout Amino Complex Fruit Punch,Micronized alpha-Ketogluarate,non-nutrient/non-botanical,1,1,TRUE,TRUE,Fully disclosed
2722,RapidDrive Pre-Workout Amino Complex Fruit Punch,micronized L-Carnitine,non-nutrient/non-botanical,1,1,TRUE,TRUE,Fully disclosed
272539,Pre-Workout Powder Blue Raspberry Flavor,Arginine Alpha Keto-Glutarate,non-nutrient/non-botanical,1,1,FALSE,FALSE,Not disclosed
272539,Pre-Workout Powder Blue Raspberry Flavor,Caffeine Anhydrous,non-nutrient/non-botanical,1,1,TRUE,TRUE,Fully disclosed
272539,Pre-Workout Powder Blue Raspberry Flavor,Calcium,mineral,1,1,TRUE,TRUE,Fully disclosed
272539,Pre-Workout Powder Blue Raspberry Flavor,CarnoSyn Beta-Alanine,amino acid,1,1,FALSE,FALSE,Not disclosed
272539,Pre-Workout Powder Blue Raspberry Flavor,Dipotassium Phosphate,mineral,1,1,FALSE,FALSE,Not disclosed
272539,Pre-Workout Powder Blue Raspberry Flavor,Magnesium,mineral,1,1,TRUE,TRUE,Fully disclosed
272539,Pre-Workout Powder Blue Raspberry Flavor,Magnesium Citrate,mineral,1,1,FALSE,FALSE,Not disclosed
272539,Pre-Workout Powder Blue Raspberry Flavor,Methylcobalamin,vitamin,1,1,FALSE,FALSE,Not disclosed
272539,Pre-Workout Powder Blue Raspberry Flavor,Potassium,mineral,1,1,TRUE,TRUE,Fully disclosed
272539,Pre-Workout Powder Blue Raspberry Flavor,Proprietary Energy Blend,blend,1,1,TRUE,TRUE,Fully disclosed
272539,Pre-Workout Powder Blue Raspberry Flavor,Proprietary Performance Blend,blend,1,1,TRUE,TRUE,Fully disclosed
272539,Pre-Workout Powder Blue Raspberry Flavor,Pyridoxine Hydrochloride,vitamin,1,1,FALSE,FALSE,Not disclosed
272539,Pre-Workout Powder Blue Raspberry Flavor,Sodium,mineral,1,1,TRUE,TRUE,Fully disclosed
272539,Pre-Workout Powder Blue Raspberry Flavor,Sodium Citrate,mineral,1,1,FALSE,FALSE,Not disclosed
272539,Pre-Workout Powder Blue Raspberry Flavor,Taurine,non-nutrient/non-botanical,1,1,FALSE,FALSE,Not disclosed
272539,Pre-Workout Powder Blue Raspberry Flavor,Vitamin B12,vitamin,1,1,TRUE,TRUE,Fully disclosed
272539,Pre-Workout Powder Blue Raspberry Flavor,Vitamin B6,vitamin,1,1,TRUE,TRUE,Fully disclosed
272539,Pre-Workout Powder Blue Raspberry Flavor,micronized Creatine Monohydrate,non-nutrient/non-botanical,1,1,FALSE,FALSE,Not disclosed
272885,Go Pre-Workout Whoop Assault Watermelon,Alpha-GPC,non-nutrient/non-botanical,1,1,TRUE,TRUE,Fully disclosed
272885,Go Pre-Workout Whoop Assault Watermelon,Bacopa Extract,botanical,1,1,TRUE,TRUE,Fully disclosed
272885,Go Pre-Workout Whoop Assault Watermelon,Caffeine,non-nutrient/non-botanical,1,1,TRUE,TRUE,Fully disclosed
272885,Go Pre-Workout Whoop Assault Watermelon,Chloride,mineral,1,1,TRUE,TRUE,Fully disclosed
272885,Go Pre-Workout Whoop Assault Watermelon,D-Ribose,sugar,1,1,TRUE,TRUE,Fully disclosed
272885,Go Pre-Workout Whoop Assault Watermelon,KSM-66 Ashwagandha root extract,botanical,1,1,TRUE,TRUE,Fully disclosed
272885,Go Pre-Workout Whoop Assault Watermelon,L-Citrulline,amino acid,1,1,TRUE,TRUE,Fully disclosed
272885,Go Pre-Workout Whoop Assault Watermelon,L-Theanine,amino acid,1,1,TRUE,TRUE,Fully disclosed
272885,Go Pre-Workout Whoop Assault Watermelon,Magnesium,mineral,1,1,TRUE,TRUE,Fully disclosed
272885,Go Pre-Workout Whoop Assault Watermelon,N-Acetyl L-Carnitine Hydrochloride,non-nutrient/non-botanical,1,1,TRUE,TRUE,Fully disclosed
272885,Go Pre-Workout Whoop Assault Watermelon,Phosphatidylserine,fat,1,1,TRUE,TRUE,Fully disclosed
272885,Go Pre-Workout Whoop Assault Watermelon,Potassium,mineral,1,1,TRUE,TRUE,Fully disclosed
272885,Go Pre-Workout Whoop Assault Watermelon,Rhodiola rosea Extract,botanical,1,1,TRUE,TRUE,Fully disclosed
272885,Go Pre-Workout Whoop Assault Watermelon,Sodium,mineral,1,1,TRUE,TRUE,Fully disclosed
272885,Go Pre-Workout Whoop Assault Watermelon,Theobromine,non-nutrient/non-botanical,1,1,TRUE,TRUE,Fully disclosed
272885,Go Pre-Workout Whoop Assault Watermelon,Vitamin C,vitamin,1,1,TRUE,TRUE,Fully disclosed
272885,Go Pre-Workout Whoop Assault Watermelon,White Tea leaf extract,botanical,1,1,TRUE,TRUE,Fully disclosed
272888,Go Pre-Workout Mango Mayhem,Alpha-GPC,non-nutrient/non-botanical,1,1,TRUE,TRUE,Fully disclosed
272888,Go Pre-Workout Mango Mayhem,Bacopa leaf extract,botanical,1,1,TRUE,TRUE,Fully disclosed
272888,Go Pre-Workout Mango Mayhem,Caffeine,non-nutrient/non-botanical,1,1,TRUE,TRUE,Fully disclosed
272888,Go Pre-Workout Mango Mayhem,Chloride,mineral,1,1,TRUE,TRUE,Fully disclosed
272888,Go Pre-Workout Mango Mayhem,D-Ribose,sugar,1,1,TRUE,TRUE,Fully disclosed
272888,Go Pre-Workout Mango Mayhem,KSM-66 Ashwagandha root extract,botanical,1,1,TRUE,TRUE,Fully disclosed
272888,Go Pre-Workout Mango Mayhem,L-Citrulline,amino acid,1,1,TRUE,TRUE,Fully disclosed
272888,Go Pre-Workout Mango Mayhem,L-Theanine,amino acid,1,1,TRUE,TRUE,Fully disclosed
272888,Go Pre-Workout Mango Mayhem,Magnesium,mineral,1,1,TRUE,TRUE,Fully disclosed
272888,Go Pre-Workout Mango Mayhem,N-Acetyl L-Carnitine Hydrochloride,non-nutrient/non-botanical,1,1,TRUE,TRUE,Fully disclosed
272888,Go Pre-Workout Mango Mayhem,Phosphatidylserine,fat,1,1,TRUE,TRUE,Fully disclosed
272888,Go Pre-Workout Mango Mayhem,Potassium,mineral,1,1,TRUE,TRUE,Fully disclosed
272888,Go Pre-Workout Mango Mayhem,Rhodiola rosea extract,botanical,1,1,TRUE,TRUE,Fully disclosed
272888,Go Pre-Workout Mango Mayhem,Sodium,mineral,1,1,TRUE,TRUE,Fully disclosed
272888,Go Pre-Workout Mango Mayhem,Theobromine,non-nutrient/non-botanical,1,1,TRUE,TRUE,Fully disclosed
272888,Go Pre-Workout Mango Mayhem,Vitamin C,vitamin,1,1,TRUE,TRUE,Fully disclosed
272888,Go Pre-Workout Mango Mayhem,White Tea leaf extract,botanical,1,1,TRUE,TRUE,Fully disclosed
272898,Go Pre-Workout Sour Apple Sniper,Alpha-GPC,non-nutrient/non-botanical,1,1,TRUE,TRUE,Fully disclosed
272898,Go Pre-Workout Sour Apple Sniper,Bacopa Extract,botanical,1,1,TRUE,TRUE,Fully disclosed
272898,Go Pre-Workout Sour Apple Sniper,Caffeine,non-nutrient/non-botanical,1,1,TRUE,TRUE,Fully disclosed
272898,Go Pre-Workout Sour Apple Sniper,Chloride,mineral,1,1,TRUE,TRUE,Fully disclosed
272898,Go Pre-Workout Sour Apple Sniper,D-Ribose,sugar,1,1,TRUE,TRUE,Fully disclosed
272898,Go Pre-Workout Sour Apple Sniper,KSM-66 Ashwagandha root extract,botanical,1,1,TRUE,TRUE,Fully disclosed
272898,Go Pre-Workout Sour Apple Sniper,L-Citrulline,amino acid,1,1,TRUE,TRUE,Fully disclosed
272898,Go Pre-Workout Sour Apple Sniper,L-Theanine,amino acid,1,1,TRUE,TRUE,Fully disclosed
272898,Go Pre-Workout Sour Apple Sniper,Magnesium,mineral,1,1,TRUE,TRUE,Fully disclosed
272898,Go Pre-Workout Sour Apple Sniper,N-Acetyl L-Carnitine Hydrochloride,non-nutrient/non-botanical,1,1,TRUE,TRUE,Fully disclosed
272898,Go Pre-Workout Sour Apple Sniper,Phosphatidylserine,fat,1,1,TRUE,TRUE,Fully disclosed
272898,Go Pre-Workout Sour Apple Sniper,Potassium,mineral,1,1,TRUE,TRUE,Fully disclosed
272898,Go Pre-Workout Sour Apple Sniper,Rhodiola rosea extract,botanical,1,1,TRUE,TRUE,Fully disclosed
272898,Go Pre-Workout Sour Apple Sniper,Sodium,mineral,1,1,TRUE,TRUE,Fully disclosed
272898,Go Pre-Workout Sour Apple Sniper,Theobromine,non-nutrient/non-botanical,1,1,TRUE,TRUE,Fully disclosed
272898,Go Pre-Workout Sour Apple Sniper,Vitamin C,vitamin,1,1,TRUE,TRUE,Fully disclosed
272898,Go Pre-Workout Sour Apple Sniper,White Tea leaf extract,botanical,1,1,TRUE,TRUE,Fully disclosed
273080,Pre-Workout Powder Fruit Punch Flavor,Arginine Alpha Keto-Glutarate,non-nutrient/non-botanical,1,1,FALSE,FALSE,Not disclosed
273080,Pre-Workout Powder Fruit Punch Flavor,Caffeine Anhydrous,non-nutrient/non-botanical,1,1,TRUE,TRUE,Fully disclosed
273080,Pre-Workout Powder Fruit Punch Flavor,Calcium,mineral,1,1,TRUE,TRUE,Fully disclosed
273080,Pre-Workout Powder Fruit Punch Flavor,CarnoSyn Beta-Alanine,amino acid,1,1,FALSE,FALSE,Not disclosed
273080,Pre-Workout Powder Fruit Punch Flavor,Dipotassium Phosphate,mineral,1,1,FALSE,FALSE,Not disclosed
273080,Pre-Workout Powder Fruit Punch Flavor,Magnesium,mineral,1,1,TRUE,TRUE,Fully disclosed
273080,Pre-Workout Powder Fruit Punch Flavor,Magnesium Citrate,mineral,1,1,FALSE,FALSE,Not disclosed
273080,Pre-Workout Powder Fruit Punch Flavor,Methylcobalamin,vitamin,1,1,FALSE,FALSE,Not disclosed
273080,Pre-Workout Powder Fruit Punch Flavor,Potassium,mineral,1,1,TRUE,TRUE,Fully disclosed
273080,Pre-Workout Powder Fruit Punch Flavor,Proprietary Energy Blend,blend,1,1,TRUE,TRUE,Fully disclosed
273080,Pre-Workout Powder Fruit Punch Flavor,Proprietary Performance Blend,blend,1,1,TRUE,TRUE,Fully disclosed
273080,Pre-Workout Powder Fruit Punch Flavor,Pyridoxine Hydrochloride,vitamin,1,1,FALSE,FALSE,Not disclosed
273080,Pre-Workout Powder Fruit Punch Flavor,Sodium,mineral,1,1,TRUE,TRUE,Fully disclosed
273080,Pre-Workout Powder Fruit Punch Flavor,Sodium Citrate,mineral,1,1,FALSE,FALSE,Not disclosed
273080,Pre-Workout Powder Fruit Punch Flavor,Taurine,non-nutrient/non-botanical,1,1,FALSE,FALSE,Not disclosed
273080,Pre-Workout Powder Fruit Punch Flavor,Vitamin B12,vitamin,1,1,TRUE,TRUE,Fully disclosed
273080,Pre-Workout Powder Fruit Punch Flavor,Vitamin B6,vitamin,1,1,TRUE,TRUE,Fully disclosed
273080,Pre-Workout Powder Fruit Punch Flavor,micronized Creatine Monohydrate,non-nutrient/non-botanical,1,1,FALSE,FALSE,Not disclosed
273082,Pre-Workout Powder Mango Flavor,Arginine Alpha Keto-Glutarate,non-nutrient/non-botanical,1,1,FALSE,FALSE,Not disclosed
273082,Pre-Workout Powder Mango Flavor,Caffeine Anhydrous,non-nutrient/non-botanical,1,1,TRUE,TRUE,Fully disclosed
273082,Pre-Workout Powder Mango Flavor,Calcium,mineral,1,1,TRUE,TRUE,Fully disclosed
273082,Pre-Workout Powder Mango Flavor,CarnoSyn Beta-Alanine,amino acid,1,1,FALSE,FALSE,Not disclosed
273082,Pre-Workout Powder Mango Flavor,Dipotassium Phosphate,mineral,1,1,FALSE,FALSE,Not disclosed
273082,Pre-Workout Powder Mango Flavor,Magnesium,mineral,1,1,TRUE,TRUE,Fully disclosed
273082,Pre-Workout Powder Mango Flavor,Magnesium Citrate,mineral,1,1,FALSE,FALSE,Not disclosed
273082,Pre-Workout Powder Mango Flavor,Methylcobalamin,vitamin,1,1,FALSE,FALSE,Not disclosed
273082,Pre-Workout Powder Mango Flavor,Potassium,mineral,1,1,TRUE,TRUE,Fully disclosed
273082,Pre-Workout Powder Mango Flavor,Proprietary Energy Blend,blend,1,1,TRUE,TRUE,Fully disclosed
273082,Pre-Workout Powder Mango Flavor,Proprietary Performance Blend,blend,1,1,TRUE,TRUE,Fully disclosed
273082,Pre-Workout Powder Mango Flavor,Pyridoxine Hydrochloride,vitamin,1,1,FALSE,FALSE,Not disclosed
273082,Pre-Workout Powder Mango Flavor,Sodium,mineral,1,1,TRUE,TRUE,Fully disclosed
273082,Pre-Workout Powder Mango Flavor,Sodium Citrate,mineral,1,1,FALSE,FALSE,Not disclosed
273082,Pre-Workout Powder Mango Flavor,Taurine,non-nutrient/non-botanical,1,1,FALSE,FALSE,Not disclosed
273082,Pre-Workout Powder Mango Flavor,Vitamin B12,vitamin,1,1,TRUE,TRUE,Fully disclosed
273082,Pre-Workout Powder Mango Flavor,Vitamin B6,vitamin,1,1,TRUE,TRUE,Fully disclosed
273082,Pre-Workout Powder Mango Flavor,micronized Creatine Monohydrate,non-nutrient/non-botanical,1,1,FALSE,FALSE,Not disclosed
273084,Pre-Workout Powder Watermelon Flavor,Arginine Alpha Keto-Glutarate,non-nutrient/non-botanical,1,1,FALSE,FALSE,Not disclosed
273084,Pre-Workout Powder Watermelon Flavor,Caffeine Anhydrous,non-nutrient/non-botanical,1,1,TRUE,TRUE,Fully disclosed
273084,Pre-Workout Powder Watermelon Flavor,Calcium,mineral,1,1,TRUE,TRUE,Fully disclosed
273084,Pre-Workout Powder Watermelon Flavor,CarnoSyn Beta-Alanine,amino acid,1,1,FALSE,FALSE,Not disclosed
273084,Pre-Workout Powder Watermelon Flavor,Dipotassium Phosphate,mineral,1,1,FALSE,FALSE,Not disclosed
273084,Pre-Workout Powder Watermelon Flavor,Magnesium,mineral,1,1,TRUE,TRUE,Fully disclosed
273084,Pre-Workout Powder Watermelon Flavor,Magnesium Citrate,mineral,1,1,FALSE,FALSE,Not disclosed
273084,Pre-Workout Powder Watermelon Flavor,Methylcobalamin,vitamin,1,1,FALSE,FALSE,Not disclosed
273084,Pre-Workout Powder Watermelon Flavor,Potassium,mineral,1,1,TRUE,TRUE,Fully disclosed
273084,Pre-Workout Powder Watermelon Flavor,Proprietary Energy Blend,blend,1,1,TRUE,TRUE,Fully disclosed
273084,Pre-Workout Powder Watermelon Flavor,Proprietary Performance Blend,blend,1,1,TRUE,TRUE,Fully disclosed
273084,Pre-Workout Powder Watermelon Flavor,Pyridoxine Hydrochloride,vitamin,1,1,FALSE,FALSE,Not disclosed
273084,Pre-Workout Powder Watermelon Flavor,Sodium,mineral,1,1,TRUE,TRUE,Fully disclosed
273084,Pre-Workout Powder Watermelon Flavor,Sodium Citrate,mineral,1,1,FALSE,FALSE,Not disclosed
273084,Pre-Workout Powder Watermelon Flavor,Taurine,non-nutrient/non-botanical,1,1,FALSE,FALSE,Not disclosed
273084,Pre-Workout Powder Watermelon Flavor,Vitamin B12,vitamin,1,1,TRUE,TRUE,Fully disclosed
273084,Pre-Workout Powder Watermelon Flavor,Vitamin B6,vitamin,1,1,TRUE,TRUE,Fully disclosed
273084,Pre-Workout Powder Watermelon Flavor,micronized Creatine Monohydrate,non-nutrient/non-botanical,1,1,FALSE,FALSE,Not disclosed
273133,Hooligan Extreme Pre-Workout Formula Strawberry Margarita,Agmatine Sulphate,non-nutrient/non-botanical,2,2,TRUE,TRUE,Fully disclosed
273133,Hooligan Extreme Pre-Workout Formula Strawberry Margarita,Alpha GPC,non-nutrient/non-botanical,2,2,TRUE,TRUE,Fully disclosed
273133,Hooligan Extreme Pre-Workout Formula Strawberry Margarita,AstraGin,blend,2,2,TRUE,TRUE,Fully disclosed
273133,Hooligan Extreme Pre-Workout Formula Strawberry Margarita,Beta Alanine,amino acid,2,2,TRUE,TRUE,Fully disclosed
273133,Hooligan Extreme Pre-Workout Formula Strawberry Margarita,Betaine Anhydrous,non-nutrient/non-botanical,2,2,TRUE,TRUE,Fully disclosed
273133,Hooligan Extreme Pre-Workout Formula Strawberry Margarita,Caffeine Anhydrous,non-nutrient/non-botanical,2,2,TRUE,TRUE,Fully disclosed
273133,Hooligan Extreme Pre-Workout Formula Strawberry Margarita,CoffeeBerry whole Coffee fruit extract,botanical,2,2,TRUE,TRUE,Fully disclosed
273133,Hooligan Extreme Pre-Workout Formula Strawberry Margarita,Di-Caffeine Malate,non-nutrient/non-botanical,2,2,TRUE,TRUE,Fully disclosed
273133,Hooligan Extreme Pre-Workout Formula Strawberry Margarita,Folate,vitamin,2,2,TRUE,TRUE,Fully disclosed
273133,Hooligan Extreme Pre-Workout Formula Strawberry Margarita,Folic Acid,vitamin,2,2,TRUE,TRUE,Fully disclosed
273133,Hooligan Extreme Pre-Workout Formula Strawberry Margarita,Grape Seed Extract,botanical,2,2,TRUE,TRUE,Fully disclosed
273133,Hooligan Extreme Pre-Workout Formula Strawberry Margarita,Himalayan Pink Salt,non-nutrient/non-botanical,2,2,TRUE,TRUE,Fully disclosed
273133,Hooligan Extreme Pre-Workout Formula Strawberry Margarita,Hooligan V6 Performance Matrix,blend,2,2,FALSE,FALSE,Not disclosed
273133,Hooligan Extreme Pre-Workout Formula Strawberry Margarita,L-Citrulline,amino acid,2,2,TRUE,TRUE,Fully disclosed
273133,Hooligan Extreme Pre-Workout Formula Strawberry Margarita,L-Tyrosine,amino acid,2,2,TRUE,TRUE,Fully disclosed
273133,Hooligan Extreme Pre-Workout Formula Strawberry Margarita,Lion's Mane,botanical,2,2,TRUE,TRUE,Fully disclosed
273133,Hooligan Extreme Pre-Workout Formula Strawberry Margarita,Niacin,vitamin,2,2,TRUE,TRUE,Fully disclosed
273133,Hooligan Extreme Pre-Workout Formula Strawberry Margarita,Pantothenic Acid,vitamin,2,2,TRUE,TRUE,Fully disclosed
273133,Hooligan Extreme Pre-Workout Formula Strawberry Margarita,Rhodiola rosea root extract,botanical,2,2,TRUE,TRUE,Fully disclosed
273133,Hooligan Extreme Pre-Workout Formula Strawberry Margarita,Sodium,mineral,2,2,TRUE,TRUE,Fully disclosed
273133,Hooligan Extreme Pre-Workout Formula Strawberry Margarita,Theobromine,non-nutrient/non-botanical,2,2,TRUE,TRUE,Fully disclosed
273133,Hooligan Extreme Pre-Workout Formula Strawberry Margarita,Vitamin B12,vitamin,2,2,TRUE,TRUE,Fully disclosed
273133,Hooligan Extreme Pre-Workout Formula Strawberry Margarita,Vitamin B6,vitamin,2,2,TRUE,TRUE,Fully disclosed
273133,Hooligan Extreme Pre-Workout Formula Strawberry Margarita,elevATP,blend,2,2,TRUE,TRUE,Fully disclosed
275596,Pre-Workout Blueberry Raspberry,Calcium,mineral,1,1,TRUE,TRUE,Fully disclosed
275596,Pre-Workout Blueberry Raspberry,Coffee fruit extract,botanical,1,1,FALSE,FALSE,Not disclosed
275596,Pre-Workout Blueberry Raspberry,Iron,mineral,1,1,FALSE,FALSE,Not disclosed
275596,Pre-Workout Blueberry Raspberry,Potassium,mineral,1,1,TRUE,TRUE,Fully disclosed
275596,Pre-Workout Blueberry Raspberry,Sodium,mineral,1,1,TRUE,TRUE,Fully disclosed
275596,Pre-Workout Blueberry Raspberry,Vitamin D,vitamin,1,1,FALSE,FALSE,Not disclosed
275596,Pre-Workout Blueberry Raspberry,Whey Protein Isolate,protein,1,1,FALSE,FALSE,Not disclosed
275596,Pre-Workout Blueberry Raspberry,added Sugars,sugar,1,1,TRUE,TRUE,Fully disclosed
275689,Amplify Pump Pre Workout Peach Mango,Coconut Water powder,botanical,2,2,TRUE,TRUE,Fully disclosed
275689,Amplify Pump Pre Workout Peach Mango,Creatine HCl,non-nutrient/non-botanical,2,2,TRUE,TRUE,Fully disclosed
275689,Amplify Pump Pre Workout Peach Mango,Grape Seed Extract,botanical,2,2,TRUE,TRUE,Fully disclosed
275689,Amplify Pump Pre Workout Peach Mango,L-Citrulline,amino acid,2,2,TRUE,TRUE,Fully disclosed
275689,Amplify Pump Pre Workout Peach Mango,Magnesium,mineral,2,2,TRUE,TRUE,Fully disclosed
275689,Amplify Pump Pre Workout Peach Mango,Pink Himalayan Sea Salt,non-nutrient/non-botanical,2,2,TRUE,TRUE,Fully disclosed
275689,Amplify Pump Pre Workout Peach Mango,Potassium,mineral,2,2,TRUE,TRUE,Fully disclosed
275689,Amplify Pump Pre Workout Peach Mango,Sodium,mineral,2,2,TRUE,TRUE,Fully disclosed
275689,Amplify Pump Pre Workout Peach Mango,Taurine,non-nutrient/non-botanical,2,2,TRUE,TRUE,Fully disclosed
275690,Amplify Pump Pre Workout Watermelon,"Coconut Water, Powder",botanical,2,2,TRUE,TRUE,Fully disclosed
275690,Amplify Pump Pre Workout Watermelon,Creatine HCl,non-nutrient/non-botanical,2,2,TRUE,TRUE,Fully disclosed
275690,Amplify Pump Pre Workout Watermelon,Grape Seed Extract,botanical,2,2,TRUE,TRUE,Fully disclosed
275690,Amplify Pump Pre Workout Watermelon,L-Citrulline,amino acid,2,2,TRUE,TRUE,Fully disclosed
275690,Amplify Pump Pre Workout Watermelon,Magnesium,mineral,2,2,TRUE,TRUE,Fully disclosed
275690,Amplify Pump Pre Workout Watermelon,Pink Himalayan Sea Salt,non-nutrient/non-botanical,2,2,TRUE,TRUE,Fully disclosed
275690,Amplify Pump Pre Workout Watermelon,Potassium,mineral,2,2,TRUE,TRUE,Fully disclosed
275690,Amplify Pump Pre Workout Watermelon,Sodium,mineral,2,2,TRUE,TRUE,Fully disclosed
275690,Amplify Pump Pre Workout Watermelon,Taurine,non-nutrient/non-botanical,2,2,TRUE,TRUE,Fully disclosed
275691,Amplify Pump Pre Workout Unflavored,"Coconut Water, Powder",botanical,2,2,TRUE,TRUE,Fully disclosed
275691,Amplify Pump Pre Workout Unflavored,Creatine Hydrochloride,non-nutrient/non-botanical,2,2,TRUE,TRUE,Fully disclosed
275691,Amplify Pump Pre Workout Unflavored,Grape Seed Extract,botanical,2,2,TRUE,TRUE,Fully disclosed
275691,Amplify Pump Pre Workout Unflavored,L-Citrulline,amino acid,2,2,TRUE,TRUE,Fully disclosed
275691,Amplify Pump Pre Workout Unflavored,Magnesium,mineral,2,2,TRUE,TRUE,Fully disclosed
275691,Amplify Pump Pre Workout Unflavored,Pink Himalayan Sea Salt,non-nutrient/non-botanical,2,2,TRUE,TRUE,Fully disclosed
275691,Amplify Pump Pre Workout Unflavored,Potassium,mineral,2,2,TRUE,TRUE,Fully disclosed
275691,Amplify Pump Pre Workout Unflavored,Sodium,mineral,2,2,TRUE,TRUE,Fully disclosed
275691,Amplify Pump Pre Workout Unflavored,Taurine,non-nutrient/non-botanical,2,2,TRUE,TRUE,Fully disclosed
275692,Amplify Pump Pre Workout Sour Lemonade,"Coconut Water, Powder",botanical,2,2,TRUE,TRUE,Fully disclosed
275692,Amplify Pump Pre Workout Sour Lemonade,Creatine Hydrochloride,non-nutrient/non-botanical,2,2,TRUE,TRUE,Fully disclosed
275692,Amplify Pump Pre Workout Sour Lemonade,Grape Seed Extract,botanical,2,2,TRUE,TRUE,Fully disclosed
275692,Amplify Pump Pre Workout Sour Lemonade,L-Citrulline,amino acid,2,2,TRUE,TRUE,Fully disclosed
275692,Amplify Pump Pre Workout Sour Lemonade,Magnesium,mineral,2,2,TRUE,TRUE,Fully disclosed
275692,Amplify Pump Pre Workout Sour Lemonade,Pink Himalayan Sea Salt,non-nutrient/non-botanical,2,2,TRUE,TRUE,Fully disclosed
275692,Amplify Pump Pre Workout Sour Lemonade,Potassium,mineral,2,2,TRUE,TRUE,Fully disclosed
275692,Amplify Pump Pre Workout Sour Lemonade,Sodium,mineral,2,2,TRUE,TRUE,Fully disclosed
275692,Amplify Pump Pre Workout Sour Lemonade,Taurine,non-nutrient/non-botanical,2,2,TRUE,TRUE,Fully disclosed
277638,Pre-Workout Arctic White,Beta-Alanine,amino acid,1,1,TRUE,TRUE,Fully disclosed
277638,Pre-Workout Arctic White,Caffeine,non-nutrient/non-botanical,1,1,TRUE,TRUE,Fully disclosed
277638,Pre-Workout Arctic White,L-Citrulline Malate,non-nutrient/non-botanical,1,1,TRUE,TRUE,Fully disclosed
277638,Pre-Workout Arctic White,L-Theanine,amino acid,1,1,TRUE,TRUE,Fully disclosed
277638,Pre-Workout Arctic White,L-Tyrosine,amino acid,1,1,TRUE,TRUE,Fully disclosed
277643,Pre-Workout Mimosa,Beta-Alanine,amino acid,1,1,TRUE,TRUE,Fully disclosed
277643,Pre-Workout Mimosa,Caffeine,non-nutrient/non-botanical,1,1,TRUE,TRUE,Fully disclosed
277643,Pre-Workout Mimosa,L-Citrulline Malate,non-nutrient/non-botanical,1,1,TRUE,TRUE,Fully disclosed
277643,Pre-Workout Mimosa,L-Theanine,amino acid,1,1,TRUE,TRUE,Fully disclosed
277643,Pre-Workout Mimosa,L-Tyrosine,amino acid,1,1,TRUE,TRUE,Fully disclosed
278364,Pre-Workout Complex Tropical Punch,Agmatine Sulfate,non-nutrient/non-botanical,1,1,TRUE,TRUE,Fully disclosed
278364,Pre-Workout Complex Tropical Punch,Alpha GPC,non-nutrient/non-botanical,1,1,TRUE,TRUE,Fully disclosed
278364,Pre-Workout Complex Tropical Punch,Beta-Alanine,amino acid,1,1,TRUE,TRUE,Fully disclosed
278364,Pre-Workout Complex Tropical Punch,BetaPure,non-nutrient/non-botanical,1,1,TRUE,TRUE,Fully disclosed
278364,Pre-Workout Complex Tropical Punch,Bioperine,botanical,1,1,TRUE,TRUE,Fully disclosed
278364,Pre-Workout Complex Tropical Punch,Citrulline Malate,non-nutrient/non-botanical,1,1,TRUE,TRUE,Fully disclosed
278364,Pre-Workout Complex Tropical Punch,Dynamine,non-nutrient/non-botanical,1,1,TRUE,TRUE,Fully disclosed
278364,Pre-Workout Complex Tropical Punch,Higenamine,non-nutrient/non-botanical,1,1,TRUE,TRUE,Fully disclosed
278364,Pre-Workout Complex Tropical Punch,Hordenine Hydrochloride,non-nutrient/non-botanical,1,1,TRUE,TRUE,Fully disclosed
278364,Pre-Workout Complex Tropical Punch,L-Norvaline,amino acid,1,1,TRUE,TRUE,Fully disclosed
278364,Pre-Workout Complex Tropical Punch,L-Theanine,amino acid,1,1,TRUE,TRUE,Fully disclosed
278364,Pre-Workout Complex Tropical Punch,Magnesium,mineral,1,1,TRUE,TRUE,Fully disclosed
278364,Pre-Workout Complex Tropical Punch,Origin Focus Complex,blend,1,1,FALSE,FALSE,Not disclosed
278364,Pre-Workout Complex Tropical Punch,Origin Performance Complex,blend,1,1,FALSE,FALSE,Not disclosed
278364,Pre-Workout Complex Tropical Punch,Origin Pump Complex,blend,1,1,FALSE,FALSE,Not disclosed
278364,Pre-Workout Complex Tropical Punch,Potassium,mineral,1,1,TRUE,TRUE,Fully disclosed
278364,Pre-Workout Complex Tropical Punch,ThermoDiamine,non-nutrient/non-botanical,1,1,TRUE,TRUE,Fully disclosed
278364,Pre-Workout Complex Tropical Punch,Vitamin B1,vitamin,1,1,TRUE,TRUE,Fully disclosed
278364,Pre-Workout Complex Tropical Punch,Vitamin B12,vitamin,1,1,TRUE,TRUE,Fully disclosed
278364,Pre-Workout Complex Tropical Punch,Vitamin B6,vitamin,1,1,TRUE,TRUE,Fully disclosed
278364,Pre-Workout Complex Tropical Punch,natural Caffeine,non-nutrient/non-botanical,1,1,TRUE,TRUE,Fully disclosed
278413,Pre-Workout Don't Be A Beach,Beta-Alanine,amino acid,1,1,TRUE,TRUE,Fully disclosed
278413,Pre-Workout Don't Be A Beach,Caffeine,non-nutrient/non-botanical,1,1,TRUE,TRUE,Fully disclosed
278413,Pre-Workout Don't Be A Beach,L-Citrulline Malate,non-nutrient/non-botanical,1,1,TRUE,TRUE,Fully disclosed
278413,Pre-Workout Don't Be A Beach,L-Theanine,amino acid,1,1,TRUE,TRUE,Fully disclosed
278413,Pre-Workout Don't Be A Beach,L-Tyrosine,amino acid,1,1,TRUE,TRUE,Fully disclosed
278414,Pre-Workout Sherbet Swirl,Beta-Alanine,amino acid,1,1,TRUE,TRUE,Fully disclosed
278414,Pre-Workout Sherbet Swirl,Caffeine,non-nutrient/non-botanical,1,1,TRUE,TRUE,Fully disclosed
278414,Pre-Workout Sherbet Swirl,L-Citrulline Malate,non-nutrient/non-botanical,1,1,TRUE,TRUE,Fully disclosed
278414,Pre-Workout Sherbet Swirl,L-Theanine,amino acid,1,1,TRUE,TRUE,Fully disclosed
278414,Pre-Workout Sherbet Swirl,L-Tyrosine,amino acid,1,1,TRUE,TRUE,Fully disclosed
278415,Pre-Workout Sour Kiwiberry,Beta-Alanine,amino acid,1,1,TRUE,TRUE,Fully disclosed
278415,Pre-Workout Sour Kiwiberry,Caffeine,non-nutrient/non-botanical,1,1,TRUE,TRUE,Fully disclosed
278415,Pre-Workout Sour Kiwiberry,L-Citrulline Malate,non-nutrient/non-botanical,1,1,TRUE,TRUE,Fully disclosed
278415,Pre-Workout Sour Kiwiberry,L-Theanine,amino acid,1,1,TRUE,TRUE,Fully disclosed
278415,Pre-Workout Sour Kiwiberry,L-Tyrosine,amino acid,1,1,TRUE,TRUE,Fully disclosed
282491,Pre-Workout Non-Stimulant Raspberry Lime Ricky,ActiGin,blend,1,1,TRUE,TRUE,Fully disclosed
282491,Pre-Workout Non-Stimulant Raspberry Lime Ricky,AlphaSize,non-nutrient/non-botanical,1,1,TRUE,TRUE,Fully disclosed
282491,Pre-Workout Non-Stimulant Raspberry Lime Ricky,AstraGin,blend,1,1,TRUE,TRUE,Fully disclosed
282491,Pre-Workout Non-Stimulant Raspberry Lime Ricky,Beta-Alanine,amino acid,1,1,TRUE,TRUE,Fully disclosed
282491,Pre-Workout Non-Stimulant Raspberry Lime Ricky,Citrulline Malate,non-nutrient/non-botanical,1,1,TRUE,TRUE,Fully disclosed
282491,Pre-Workout Non-Stimulant Raspberry Lime Ricky,Deer Antler Velvet Extract,animal part or source,1,1,TRUE,TRUE,Fully disclosed
282491,Pre-Workout Non-Stimulant Raspberry Lime Ricky,Himalayan Rock Salt,mineral,1,1,TRUE,TRUE,Fully disclosed
282491,Pre-Workout Non-Stimulant Raspberry Lime Ricky,Sodium,mineral,1,1,TRUE,TRUE,Fully disclosed
282491,Pre-Workout Non-Stimulant Raspberry Lime Ricky,Taurine,non-nutrient/non-botanical,1,1,TRUE,TRUE,Fully disclosed
282491,Pre-Workout Non-Stimulant Raspberry Lime Ricky,Vitamin B12,vitamin,1,1,TRUE,TRUE,Fully disclosed
284034,Pre-Workout Explosion Icy Rocket Freeze,Advanced Pump Complex,blend,1,1,TRUE,TRUE,Fully disclosed
284034,Pre-Workout Explosion Icy Rocket Freeze,Beta-Alanine,amino acid,1,1,TRUE,TRUE,Fully disclosed
284034,Pre-Workout Explosion Icy Rocket Freeze,Betaine Anhydrous,non-nutrient/non-botanical,1,1,TRUE,TRUE,Fully disclosed
284034,Pre-Workout Explosion Icy Rocket Freeze,Caffeine,non-nutrient/non-botanical,1,1,TRUE,TRUE,Fully disclosed
284034,Pre-Workout Explosion Icy Rocket Freeze,Caffeine Anhydrous,non-nutrient/non-botanical,1,1,FALSE,FALSE,Not disclosed
284034,Pre-Workout Explosion Icy Rocket Freeze,Choline,vitamin,1,1,TRUE,TRUE,Fully disclosed
284034,Pre-Workout Explosion Icy Rocket Freeze,Choline Bitartrate,vitamin,1,1,FALSE,FALSE,Not disclosed
284034,Pre-Workout Explosion Icy Rocket Freeze,L-Arginine Alpha-Ketoglutarate,non-nutrient/non-botanical,1,1,TRUE,TRUE,Fully disclosed
284034,Pre-Workout Explosion Icy Rocket Freeze,L-Arginine Hydrochloride,amino acid,1,1,FALSE,FALSE,Not disclosed
284034,Pre-Workout Explosion Icy Rocket Freeze,L-Citrulline,amino acid,1,1,FALSE,FALSE,Not disclosed
284034,Pre-Workout Explosion Icy Rocket Freeze,L-Citrulline Malate,non-nutrient/non-botanical,1,1,FALSE,FALSE,Not disclosed
284034,Pre-Workout Explosion Icy Rocket Freeze,L-Tyrosine,amino acid,1,1,FALSE,FALSE,Not disclosed
284034,Pre-Workout Explosion Icy Rocket Freeze,Niacin,vitamin,1,1,TRUE,TRUE,Fully disclosed
284034,Pre-Workout Explosion Icy Rocket Freeze,Pre-Workout Explosion Blend,blend,1,1,TRUE,TRUE,Fully disclosed
284034,Pre-Workout Explosion Icy Rocket Freeze,Taurine,non-nutrient/non-botanical,1,1,FALSE,FALSE,Not disclosed
284034,Pre-Workout Explosion Icy Rocket Freeze,Vitamin C,vitamin,1,1,TRUE,TRUE,Fully disclosed
284034,Pre-Workout Explosion Icy Rocket Freeze,added Sugars,sugar,1,1,FALSE,FALSE,Not disclosed
284035,Pre-Workout Explosion Pink Lemonade,Advanced Pump Complex,blend,1,1,TRUE,TRUE,Fully disclosed
284035,Pre-Workout Explosion Pink Lemonade,Beta-Alanine,amino acid,1,1,TRUE,TRUE,Fully disclosed
284035,Pre-Workout Explosion Pink Lemonade,Caffeine,non-nutrient/non-botanical,1,1,TRUE,TRUE,Fully disclosed
284035,Pre-Workout Explosion Pink Lemonade,Caffeine Anhydrous,non-nutrient/non-botanical,1,1,FALSE,FALSE,Not disclosed
284035,Pre-Workout Explosion Pink Lemonade,Choline Bitartrate,vitamin,1,1,FALSE,FALSE,Not disclosed
284035,Pre-Workout Explosion Pink Lemonade,Creatine Monohydrate,non-nutrient/non-botanical,1,1,TRUE,TRUE,Fully disclosed
284035,Pre-Workout Explosion Pink Lemonade,L-Arginine Alpha-Ketoglutarate,non-nutrient/non-botanical,1,1,TRUE,TRUE,Fully disclosed
284035,Pre-Workout Explosion Pink Lemonade,L-Arginine HCl,amino acid,1,1,FALSE,FALSE,Not disclosed
284035,Pre-Workout Explosion Pink Lemonade,L-Citrulline,amino acid,1,1,FALSE,FALSE,Not disclosed
284035,Pre-Workout Explosion Pink Lemonade,L-Citrulline Malate,non-nutrient/non-botanical,1,1,FALSE,FALSE,Not disclosed
284035,Pre-Workout Explosion Pink Lemonade,L-Tyrosine,amino acid,1,1,FALSE,FALSE,Not disclosed
284035,Pre-Workout Explosion Pink Lemonade,Niacin,vitamin,1,1,TRUE,TRUE,Fully disclosed
284035,Pre-Workout Explosion Pink Lemonade,Pre-Workout Explosion Blend,blend,1,1,TRUE,TRUE,Fully disclosed
284035,Pre-Workout Explosion Pink Lemonade,Sugars,sugar,1,1,FALSE,FALSE,Not disclosed
284035,Pre-Workout Explosion Pink Lemonade,Taurine,non-nutrient/non-botanical,1,1,FALSE,FALSE,Not disclosed
284035,Pre-Workout Explosion Pink Lemonade,Vitamin C,vitamin,1,1,TRUE,TRUE,Fully disclosed
284036,Pre-Workout Explosion Ripped Watermelon,Advanced Amino Complex,blend,1,1,TRUE,TRUE,Fully disclosed
284036,Pre-Workout Explosion Ripped Watermelon,Beta-Alanine,amino acid,1,1,TRUE,TRUE,Fully disclosed
284036,Pre-Workout Explosion Ripped Watermelon,Caffeine Anhydrous,non-nutrient/non-botanical,1,1,TRUE,TRUE,Fully disclosed
284036,Pre-Workout Explosion Ripped Watermelon,Choline,vitamin,1,1,TRUE,TRUE,Fully disclosed
284036,Pre-Workout Explosion Ripped Watermelon,Choline Bitartrate,vitamin,1,1,FALSE,FALSE,Not disclosed
284036,Pre-Workout Explosion Ripped Watermelon,Green Coffee extract,botanical,1,1,TRUE,TRUE,Fully disclosed
284036,Pre-Workout Explosion Ripped Watermelon,L-Arginine Alpha-Ketoglutarate,non-nutrient/non-botanical,1,1,TRUE,TRUE,Fully disclosed
284036,Pre-Workout Explosion Ripped Watermelon,L-Arginine Hydrochloride,amino acid,1,1,FALSE,FALSE,Not disclosed
284036,Pre-Workout Explosion Ripped Watermelon,L-Carnitine L-Tartrate,non-nutrient/non-botanical,1,1,TRUE,TRUE,Fully disclosed
284036,Pre-Workout Explosion Ripped Watermelon,L-Citrulline,amino acid,1,1,FALSE,FALSE,Not disclosed
284036,Pre-Workout Explosion Ripped Watermelon,L-Citrulline Malate,non-nutrient/non-botanical,1,1,FALSE,FALSE,Not disclosed
284036,Pre-Workout Explosion Ripped Watermelon,L-Tyrosine,amino acid,1,1,FALSE,FALSE,Not disclosed
284036,Pre-Workout Explosion Ripped Watermelon,Niacin,vitamin,1,1,TRUE,TRUE,Fully disclosed
284036,Pre-Workout Explosion Ripped Watermelon,Pre-Workout Explosion Blend,blend,1,1,TRUE,TRUE,Fully disclosed
284036,Pre-Workout Explosion Ripped Watermelon,Taurine,non-nutrient/non-botanical,1,1,FALSE,FALSE,Not disclosed
284036,Pre-Workout Explosion Ripped Watermelon,Vitamin C,vitamin,1,1,TRUE,TRUE,Fully disclosed
285367,Black Powder Pre-Workout Cocoberry Boom,Absorption,blend,2,2,TRUE,TRUE,Fully disclosed
285367,Black Powder Pre-Workout Cocoberry Boom,Activated Charcoal,non-nutrient/non-botanical,2,2,TRUE,TRUE,Fully disclosed
285367,Black Powder Pre-Workout Cocoberry Boom,Agmatine Sulfate,non-nutrient/non-botanical,2,2,TRUE,TRUE,Fully disclosed
285367,Black Powder Pre-Workout Cocoberry Boom,Alphasize 50WSP,non-nutrient/non-botanical,2,2,TRUE,TRUE,Fully disclosed
285367,Black Powder Pre-Workout Cocoberry Boom,Betaine Anhydrous,non-nutrient/non-botanical,2,2,TRUE,TRUE,Fully disclosed
285367,Black Powder Pre-Workout Cocoberry Boom,Bioperine,botanical,2,2,TRUE,TRUE,Fully disclosed
285367,Black Powder Pre-Workout Cocoberry Boom,Caffeine Anhydrous,non-nutrient/non-botanical,2,2,TRUE,TRUE,Fully disclosed
285367,Black Powder Pre-Workout Cocoberry Boom,Caffeine Citrate,non-nutrient/non-botanical,2,2,TRUE,TRUE,Fully disclosed
285367,Black Powder Pre-Workout Cocoberry Boom,CarnoSyn,amino acid,2,2,TRUE,TRUE,Fully disclosed
285367,Black Powder Pre-Workout Cocoberry Boom,Choline,vitamin,2,2,TRUE,TRUE,Fully disclosed
285367,Black Powder Pre-Workout Cocoberry Boom,Choline Bitartrate,vitamin,2,2,TRUE,TRUE,Fully disclosed
285367,Black Powder Pre-Workout Cocoberry Boom,Creatine MagnaPOWER,non-nutrient/non-botanical,2,2,TRUE,TRUE,Fully disclosed
285367,Black Powder Pre-Workout Cocoberry Boom,Creatine Monohydrate,non-nutrient/non-botanical,2,2,TRUE,TRUE,Fully disclosed
285367,Black Powder Pre-Workout Cocoberry Boom,Detox Agent,blend,2,2,TRUE,TRUE,Fully disclosed
285367,Black Powder Pre-Workout Cocoberry Boom,Di-Caffeine Malate,non-nutrient/non-botanical,2,2,TRUE,TRUE,Fully disclosed
285367,Black Powder Pre-Workout Cocoberry Boom,L-Taurine,non-nutrient/non-botanical,2,2,TRUE,TRUE,Fully disclosed
285367,Black Powder Pre-Workout Cocoberry Boom,L-Theanine,amino acid,2,2,TRUE,TRUE,Fully disclosed
285367,Black Powder Pre-Workout Cocoberry Boom,L-Tyrosine,amino acid,2,2,TRUE,TRUE,Fully disclosed
285367,Black Powder Pre-Workout Cocoberry Boom,Lock & Load Focus,blend,2,2,TRUE,TRUE,Fully disclosed
285367,Black Powder Pre-Workout Cocoberry Boom,Magnesium,mineral,2,2,TRUE,TRUE,Fully disclosed
285367,Black Powder Pre-Workout Cocoberry Boom,Operation Muscle Feed,blend,2,2,TRUE,TRUE,Fully disclosed
285367,Black Powder Pre-Workout Cocoberry Boom,Performance Fuel,blend,2,2,TRUE,TRUE,Fully disclosed
285367,Black Powder Pre-Workout Cocoberry Boom,Rapid Fire Energy,blend,2,2,TRUE,TRUE,Fully disclosed
285367,Black Powder Pre-Workout Cocoberry Boom,Vitamin B12,vitamin,2,2,TRUE,TRUE,Fully disclosed
285367,Black Powder Pre-Workout Cocoberry Boom,Vitamin B6,vitamin,2,2,TRUE,TRUE,Fully disclosed
285367,Black Powder Pre-Workout Cocoberry Boom,elevATP,blend,2,2,TRUE,TRUE,Fully disclosed
285602,Pre-Workout Non-Stimulant Orange Mango,ActiGin,blend,1,1,TRUE,TRUE,Fully disclosed
285602,Pre-Workout Non-Stimulant Orange Mango,AlphaSize,non-nutrient/non-botanical,1,1,TRUE,TRUE,Fully disclosed
285602,Pre-Workout Non-Stimulant Orange Mango,AstraGin,blend,1,1,TRUE,TRUE,Fully disclosed
285602,Pre-Workout Non-Stimulant Orange Mango,Beta-Alanine,amino acid,1,1,TRUE,TRUE,Fully disclosed
285602,Pre-Workout Non-Stimulant Orange Mango,Citrulline Malate,non-nutrient/non-botanical,1,1,TRUE,TRUE,Fully disclosed
285602,Pre-Workout Non-Stimulant Orange Mango,Deer Antler Velvet Extract,animal part or source,1,1,TRUE,TRUE,Fully disclosed
285602,Pre-Workout Non-Stimulant Orange Mango,Himalayan Rock Salt,mineral,1,1,TRUE,TRUE,Fully disclosed
285602,Pre-Workout Non-Stimulant Orange Mango,Sodium,mineral,1,1,TRUE,TRUE,Fully disclosed
285602,Pre-Workout Non-Stimulant Orange Mango,Taurine,non-nutrient/non-botanical,1,1,TRUE,TRUE,Fully disclosed
285602,Pre-Workout Non-Stimulant Orange Mango,Vitamin B12,vitamin,1,1,TRUE,TRUE,Fully disclosed
286247,Pre JYM High-Performance Pre-Workout Rainbow Sherbet,Alpha-Glyceryl Phosphoryl Choline,non-nutrient/non-botanical,1,1,TRUE,TRUE,Fully disclosed
286247,Pre JYM High-Performance Pre-Workout Rainbow Sherbet,Beet root extract,botanical,1,1,TRUE,TRUE,Fully disclosed
286247,Pre JYM High-Performance Pre-Workout Rainbow Sherbet,Beta-Alanine,amino acid,1,1,TRUE,TRUE,Fully disclosed
286247,Pre JYM High-Performance Pre-Workout Rainbow Sherbet,Betaine,non-nutrient/non-botanical,1,1,TRUE,TRUE,Fully disclosed
286247,Pre JYM High-Performance Pre-Workout Rainbow Sherbet,BioPerine,botanical,1,1,TRUE,TRUE,Fully disclosed
286247,Pre JYM High-Performance Pre-Workout Rainbow Sherbet,Caffeine Anhydrous,non-nutrient/non-botanical,1,1,TRUE,TRUE,Fully disclosed
286247,Pre JYM High-Performance Pre-Workout Rainbow Sherbet,Calcium,mineral,1,1,TRUE,TRUE,Fully disclosed
286247,Pre JYM High-Performance Pre-Workout Rainbow Sherbet,Citrulline Malate,non-nutrient/non-botanical,1,1,TRUE,TRUE,Fully disclosed
286247,Pre JYM High-Performance Pre-Workout Rainbow Sherbet,Creatine HCl,non-nutrient/non-botanical,1,1,TRUE,TRUE,Fully disclosed
286247,Pre JYM High-Performance Pre-Workout Rainbow Sherbet,Huperzine A,non-nutrient/non-botanical,1,1,TRUE,TRUE,Fully disclosed
286247,Pre JYM High-Performance Pre-Workout Rainbow Sherbet,L-Isoleucine,amino acid,1,1,TRUE,TRUE,Fully disclosed
286247,Pre JYM High-Performance Pre-Workout Rainbow Sherbet,L-Leucine,amino acid,1,1,TRUE,TRUE,Fully disclosed
286247,Pre JYM High-Performance Pre-Workout Rainbow Sherbet,L-Tyrosine,amino acid,1,1,TRUE,TRUE,Fully disclosed
286247,Pre JYM High-Performance Pre-Workout Rainbow Sherbet,L-Valine,amino acid,1,1,TRUE,TRUE,Fully disclosed
286247,Pre JYM High-Performance Pre-Workout Rainbow Sherbet,Potassium,mineral,1,1,TRUE,TRUE,Fully disclosed
286247,Pre JYM High-Performance Pre-Workout Rainbow Sherbet,Sodium,mineral,1,1,TRUE,TRUE,Fully disclosed
286247,Pre JYM High-Performance Pre-Workout Rainbow Sherbet,Taurine,non-nutrient/non-botanical,1,1,TRUE,TRUE,Fully disclosed
286256,Pre JYM X Advanced Pre-Workout Complex Rise 'N' Grind,Beta-Alanine,amino acid,1,1,TRUE,TRUE,Fully disclosed
286256,Pre JYM X Advanced Pre-Workout Complex Rise 'N' Grind,Betaine,non-nutrient/non-botanical,1,1,TRUE,TRUE,Fully disclosed
286256,Pre JYM X Advanced Pre-Workout Complex Rise 'N' Grind,Betaine Nitrate,non-nutrient/non-botanical,1,1,TRUE,TRUE,Fully disclosed
286256,Pre JYM X Advanced Pre-Workout Complex Rise 'N' Grind,BioPerine,botanical,1,1,TRUE,TRUE,Fully disclosed
286256,Pre JYM X Advanced Pre-Workout Complex Rise 'N' Grind,Caffeine,non-nutrient/non-botanical,1,1,TRUE,TRUE,Fully disclosed
286256,Pre JYM X Advanced Pre-Workout Complex Rise 'N' Grind,Calcium,mineral,1,1,TRUE,TRUE,Fully disclosed
286256,Pre JYM X Advanced Pre-Workout Complex Rise 'N' Grind,Citrulline Malate,non-nutrient/non-botanical,1,1,TRUE,TRUE,Fully disclosed
286256,Pre JYM X Advanced Pre-Workout Complex Rise 'N' Grind,Citrulline Nitrate,non-nutrient/non-botanical,1,1,TRUE,TRUE,Fully disclosed
286256,Pre JYM X Advanced Pre-Workout Complex Rise 'N' Grind,Creatine HCl,non-nutrient/non-botanical,1,1,TRUE,TRUE,Fully disclosed
286256,Pre JYM X Advanced Pre-Workout Complex Rise 'N' Grind,Energy and Nootropics,blend,1,1,FALSE,FALSE,Not disclosed
286256,Pre JYM X Advanced Pre-Workout Complex Rise 'N' Grind,Huperzine A,non-nutrient/non-botanical,1,1,TRUE,TRUE,Fully disclosed
286256,Pre JYM X Advanced Pre-Workout Complex Rise 'N' Grind,L-Isoleucine,amino acid,1,1,TRUE,TRUE,Fully disclosed
286256,Pre JYM X Advanced Pre-Workout Complex Rise 'N' Grind,L-Leucine,amino acid,1,1,TRUE,TRUE,Fully disclosed
286256,Pre JYM X Advanced Pre-Workout Complex Rise 'N' Grind,L-Tyrosine,amino acid,1,1,TRUE,TRUE,Fully disclosed
286256,Pre JYM X Advanced Pre-Workout Complex Rise 'N' Grind,L-Valine,amino acid,1,1,TRUE,TRUE,Fully disclosed
286256,Pre JYM X Advanced Pre-Workout Complex Rise 'N' Grind,Methyliberine,TBD,1,1,TRUE,TRUE,Fully disclosed
286256,Pre JYM X Advanced Pre-Workout Complex Rise 'N' Grind,Muscle Matrix,blend,1,1,FALSE,FALSE,Not disclosed
286256,Pre JYM X Advanced Pre-Workout Complex Rise 'N' Grind,Pine Bark Extract,botanical,1,1,TRUE,TRUE,Fully disclosed
286256,Pre JYM X Advanced Pre-Workout Complex Rise 'N' Grind,Potassium,mineral,1,1,TRUE,TRUE,Fully disclosed
286256,Pre JYM X Advanced Pre-Workout Complex Rise 'N' Grind,Pump Agents,blend,1,1,FALSE,FALSE,Not disclosed
286256,Pre JYM X Advanced Pre-Workout Complex Rise 'N' Grind,Sodium,mineral,1,1,TRUE,TRUE,Fully disclosed
286256,Pre JYM X Advanced Pre-Workout Complex Rise 'N' Grind,Taurine,non-nutrient/non-botanical,1,1,TRUE,TRUE,Fully disclosed
286256,Pre JYM X Advanced Pre-Workout Complex Rise 'N' Grind,Theacrine,non-nutrient/non-botanical,1,1,TRUE,TRUE,Fully disclosed
286256,Pre JYM X Advanced Pre-Workout Complex Rise 'N' Grind,Theanine,non-nutrient/non-botanical,1,1,TRUE,TRUE,Fully disclosed
286800,Pre-Workout Strawberry Lemonade Flavored,Beta Alanine,amino acid,1,1,TRUE,TRUE,Fully disclosed
286800,Pre-Workout Strawberry Lemonade Flavored,Caffeine,non-nutrient/non-botanical,1,1,TRUE,TRUE,Fully disclosed
286800,Pre-Workout Strawberry Lemonade Flavored,Creatine Monohydrate,non-nutrient/non-botanical,1,1,TRUE,TRUE,Fully disclosed
286800,Pre-Workout Strawberry Lemonade Flavored,L-Citrulline,amino acid,1,1,TRUE,TRUE,Fully disclosed
286800,Pre-Workout Strawberry Lemonade Flavored,L-Theanine,amino acid,1,1,TRUE,TRUE,Fully disclosed
286800,Pre-Workout Strawberry Lemonade Flavored,Phosphatidylserine,fat,1,1,TRUE,TRUE,Fully disclosed
286800,Pre-Workout Strawberry Lemonade Flavored,Potassium,mineral,1,1,TRUE,TRUE,Fully disclosed
286800,Pre-Workout Strawberry Lemonade Flavored,Sodium,mineral,1,1,TRUE,TRUE,Fully disclosed
286922,AC8 Pre Workout Blue Raspberry Flavour,Beta-Alanine,amino acid,2,2,TRUE,TRUE,Fully disclosed
286922,AC8 Pre Workout Blue Raspberry Flavour,Caffeine,non-nutrient/non-botanical,2,2,TRUE,TRUE,Fully disclosed
286922,AC8 Pre Workout Blue Raspberry Flavour,Citrulline Malate,non-nutrient/non-botanical,2,2,TRUE,TRUE,Fully disclosed
286922,AC8 Pre Workout Blue Raspberry Flavour,Creatine Monohydrate,non-nutrient/non-botanical,2,2,TRUE,TRUE,Fully disclosed
286922,AC8 Pre Workout Blue Raspberry Flavour,Dextrose,sugar,2,2,TRUE,TRUE,Fully disclosed
286922,AC8 Pre Workout Blue Raspberry Flavour,L-Glutamine,amino acid,2,2,TRUE,TRUE,Fully disclosed
286922,AC8 Pre Workout Blue Raspberry Flavour,Taurine,non-nutrient/non-botanical,2,2,TRUE,TRUE,Fully disclosed
286922,AC8 Pre Workout Blue Raspberry Flavour,Vitamin B12,vitamin,2,2,TRUE,TRUE,Fully disclosed
288061,Pre JYM X Advanced Pre-Workout Complex Shockwave,Alpha-Glyceryl Phosphoryl Choline,non-nutrient/non-botanical,1,1,TRUE,TRUE,Fully disclosed
288061,Pre JYM X Advanced Pre-Workout Complex Shockwave,Beta-Alanine,amino acid,1,1,TRUE,TRUE,Fully disclosed
288061,Pre JYM X Advanced Pre-Workout Complex Shockwave,Betaine,non-nutrient/non-botanical,1,1,TRUE,TRUE,Fully disclosed
288061,Pre JYM X Advanced Pre-Workout Complex Shockwave,Betaine Nitrate,non-nutrient/non-botanical,1,1,TRUE,TRUE,Fully disclosed
288061,Pre JYM X Advanced Pre-Workout Complex Shockwave,BioPerine,botanical,1,1,TRUE,TRUE,Fully disclosed
288061,Pre JYM X Advanced Pre-Workout Complex Shockwave,Caffeine,non-nutrient/non-botanical,1,1,TRUE,TRUE,Fully disclosed
288061,Pre JYM X Advanced Pre-Workout Complex Shockwave,Calcium,mineral,1,1,TRUE,TRUE,Fully disclosed
288061,Pre JYM X Advanced Pre-Workout Complex Shockwave,Citrulline Malate,non-nutrient/non-botanical,1,1,TRUE,TRUE,Fully disclosed
288061,Pre JYM X Advanced Pre-Workout Complex Shockwave,Citrulline Nitrate,non-nutrient/non-botanical,1,1,TRUE,TRUE,Fully disclosed
288061,Pre JYM X Advanced Pre-Workout Complex Shockwave,Creatine HCl,non-nutrient/non-botanical,1,1,TRUE,TRUE,Fully disclosed
288061,Pre JYM X Advanced Pre-Workout Complex Shockwave,Energy and Nootropics,blend,1,1,FALSE,FALSE,Not disclosed
288061,Pre JYM X Advanced Pre-Workout Complex Shockwave,Huperzine A,non-nutrient/non-botanical,1,1,TRUE,TRUE,Fully disclosed
288061,Pre JYM X Advanced Pre-Workout Complex Shockwave,L-Isoleucine,amino acid,1,1,TRUE,TRUE,Fully disclosed
288061,Pre JYM X Advanced Pre-Workout Complex Shockwave,L-Leucine,amino acid,1,1,TRUE,TRUE,Fully disclosed
288061,Pre JYM X Advanced Pre-Workout Complex Shockwave,L-Tyrosine,amino acid,1,1,TRUE,TRUE,Fully disclosed
288061,Pre JYM X Advanced Pre-Workout Complex Shockwave,L-Valine,amino acid,1,1,TRUE,TRUE,Fully disclosed
288061,Pre JYM X Advanced Pre-Workout Complex Shockwave,Methyliberine,TBD,1,1,TRUE,TRUE,Fully disclosed
288061,Pre JYM X Advanced Pre-Workout Complex Shockwave,Muscle Matrix,blend,1,1,FALSE,FALSE,Not disclosed
288061,Pre JYM X Advanced Pre-Workout Complex Shockwave,Pine Bark Extract,botanical,1,1,TRUE,TRUE,Fully disclosed
288061,Pre JYM X Advanced Pre-Workout Complex Shockwave,Potassium,mineral,1,1,TRUE,TRUE,Fully disclosed
288061,Pre JYM X Advanced Pre-Workout Complex Shockwave,Pump Agents,blend,1,1,FALSE,FALSE,Not disclosed
288061,Pre JYM X Advanced Pre-Workout Complex Shockwave,Sodium,mineral,1,1,TRUE,TRUE,Fully disclosed
288061,Pre JYM X Advanced Pre-Workout Complex Shockwave,Taurine,non-nutrient/non-botanical,1,1,TRUE,TRUE,Fully disclosed
288061,Pre JYM X Advanced Pre-Workout Complex Shockwave,Theacrine,non-nutrient/non-botanical,1,1,TRUE,TRUE,Fully disclosed
288061,Pre JYM X Advanced Pre-Workout Complex Shockwave,Theanine,non-nutrient/non-botanical,1,1,TRUE,TRUE,Fully disclosed
288062,Pre JYM X Advanced Pre-Workout Complex Tiger's Blood,Alpha-Glycerylphosphorylcholine,non-nutrient/non-botanical,1,1,TRUE,TRUE,Fully disclosed
288062,Pre JYM X Advanced Pre-Workout Complex Tiger's Blood,Beta-Alanine,amino acid,1,1,TRUE,TRUE,Fully disclosed
288062,Pre JYM X Advanced Pre-Workout Complex Tiger's Blood,Betaine,non-nutrient/non-botanical,1,1,TRUE,TRUE,Fully disclosed
288062,Pre JYM X Advanced Pre-Workout Complex Tiger's Blood,BioPerine,botanical,1,1,TRUE,TRUE,Fully disclosed
288062,Pre JYM X Advanced Pre-Workout Complex Tiger's Blood,CON-CRET Creatine HCl,non-nutrient/non-botanical,1,1,TRUE,TRUE,Fully disclosed
288062,Pre JYM X Advanced Pre-Workout Complex Tiger's Blood,Caffeine,non-nutrient/non-botanical,1,1,TRUE,TRUE,Fully disclosed
288062,Pre JYM X Advanced Pre-Workout Complex Tiger's Blood,Calcium,mineral,1,1,TRUE,TRUE,Fully disclosed
288062,Pre JYM X Advanced Pre-Workout Complex Tiger's Blood,Citrulline Malate,non-nutrient/non-botanical,1,1,TRUE,TRUE,Fully disclosed
288062,Pre JYM X Advanced Pre-Workout Complex Tiger's Blood,Dynamine,non-nutrient/non-botanical,1,1,TRUE,TRUE,Fully disclosed
288062,Pre JYM X Advanced Pre-Workout Complex Tiger's Blood,Energy and Nootropics,blend,1,1,FALSE,FALSE,Not disclosed
288062,Pre JYM X Advanced Pre-Workout Complex Tiger's Blood,Huperzine A,non-nutrient/non-botanical,1,1,TRUE,TRUE,Fully disclosed
288062,Pre JYM X Advanced Pre-Workout Complex Tiger's Blood,L-Isoleucine,amino acid,1,1,TRUE,TRUE,Fully disclosed
288062,Pre JYM X Advanced Pre-Workout Complex Tiger's Blood,L-Leucine,amino acid,1,1,TRUE,TRUE,Fully disclosed
288062,Pre JYM X Advanced Pre-Workout Complex Tiger's Blood,L-Tyrosine,amino acid,1,1,TRUE,TRUE,Fully disclosed
288062,Pre JYM X Advanced Pre-Workout Complex Tiger's Blood,L-Valine,amino acid,1,1,TRUE,TRUE,Fully disclosed
288062,Pre JYM X Advanced Pre-Workout Complex Tiger's Blood,Muscle Matrix,blend,1,1,FALSE,FALSE,Not disclosed
288062,Pre JYM X Advanced Pre-Workout Complex Tiger's Blood,NO3-T,non-nutrient/non-botanical,2,1,TRUE,TRUE,Fully disclosed
288062,Pre JYM X Advanced Pre-Workout Complex Tiger's Blood,Pine Bark Extract,botanical,1,1,TRUE,TRUE,Fully disclosed
288062,Pre JYM X Advanced Pre-Workout Complex Tiger's Blood,Pump Agents,blend,1,1,FALSE,FALSE,Not disclosed
288062,Pre JYM X Advanced Pre-Workout Complex Tiger's Blood,Sodium,mineral,1,1,TRUE,TRUE,Fully disclosed
288062,Pre JYM X Advanced Pre-Workout Complex Tiger's Blood,Taurine,non-nutrient/non-botanical,1,1,TRUE,TRUE,Fully disclosed
288062,Pre JYM X Advanced Pre-Workout Complex Tiger's Blood,TeaCrine,non-nutrient/non-botanical,1,1,TRUE,TRUE,Fully disclosed
288062,Pre JYM X Advanced Pre-Workout Complex Tiger's Blood,Theanine,non-nutrient/non-botanical,1,1,TRUE,TRUE,Fully disclosed
288570,Thavage Pre-Workout Dragon Fruit,Agmatine Sulfate,non-nutrient/non-botanical,2,2,TRUE,TRUE,Fully disclosed
288570,Thavage Pre-Workout Dragon Fruit,Alpha-GPC,non-nutrient/non-botanical,2,2,TRUE,TRUE,Fully disclosed
288570,Thavage Pre-Workout Dragon Fruit,AstraGin,blend,2,2,TRUE,TRUE,Fully disclosed
288570,Thavage Pre-Workout Dragon Fruit,Beta Alanine,amino acid,2,2,TRUE,TRUE,Fully disclosed
288570,Thavage Pre-Workout Dragon Fruit,Betaine Anhydrous,non-nutrient/non-botanical,2,2,TRUE,TRUE,Fully disclosed
288570,Thavage Pre-Workout Dragon Fruit,Bitter Orange Fruit Extract,botanical,2,2,TRUE,TRUE,Fully disclosed
288570,Thavage Pre-Workout Dragon Fruit,Caffeine,non-nutrient/non-botanical,2,2,TRUE,TRUE,Fully disclosed
288570,Thavage Pre-Workout Dragon Fruit,Caffeine Anhydrous,non-nutrient/non-botanical,2,2,TRUE,TRUE,Fully disclosed
288570,Thavage Pre-Workout Dragon Fruit,Coconut fruit water powder,botanical,2,2,TRUE,TRUE,Fully disclosed
288570,Thavage Pre-Workout Dragon Fruit,Di-Caffeine Malate,non-nutrient/non-botanical,2,2,TRUE,TRUE,Fully disclosed
288570,Thavage Pre-Workout Dragon Fruit,Huperzine A,non-nutrient/non-botanical,2,2,TRUE,TRUE,Fully disclosed
288570,Thavage Pre-Workout Dragon Fruit,L-Citrulline,amino acid,2,2,TRUE,TRUE,Fully disclosed
288570,Thavage Pre-Workout Dragon Fruit,L-Theanine,amino acid,2,2,TRUE,TRUE,Fully disclosed
288570,Thavage Pre-Workout Dragon Fruit,L-Tyrosine,amino acid,2,2,TRUE,TRUE,Fully disclosed
288570,Thavage Pre-Workout Dragon Fruit,Nitrosigine,non-nutrient/non-botanical,2,2,TRUE,TRUE,Fully disclosed
288570,Thavage Pre-Workout Dragon Fruit,Potassium,mineral,2,2,TRUE,TRUE,Fully disclosed
288570,Thavage Pre-Workout Dragon Fruit,Sodium,mineral,2,2,TRUE,TRUE,Fully disclosed
288570,Thavage Pre-Workout Dragon Fruit,Taurine,non-nutrient/non-botanical,2,2,TRUE,TRUE,Fully disclosed
288570,Thavage Pre-Workout Dragon Fruit,Vitamin B12,vitamin,2,2,TRUE,TRUE,Fully disclosed
288570,Thavage Pre-Workout Dragon Fruit,Vitamin B6,vitamin,2,2,TRUE,TRUE,Fully disclosed
288570,Thavage Pre-Workout Dragon Fruit,Vitamin C,vitamin,2,2,TRUE,TRUE,Fully disclosed
292535,Dissolvable Pre-Workout Packs Extreme Rainbow Candy,Betaine Anhydrous,non-nutrient/non-botanical,1,1,TRUE,TRUE,Fully disclosed
292535,Dissolvable Pre-Workout Packs Extreme Rainbow Candy,Bioperine,botanical,1,1,TRUE,TRUE,Fully disclosed
292535,Dissolvable Pre-Workout Packs Extreme Rainbow Candy,Caffeine,non-nutrient/non-botanical,1,1,TRUE,TRUE,Fully disclosed
292535,Dissolvable Pre-Workout Packs Extreme Rainbow Candy,CarnoSyn,amino acid,1,1,TRUE,TRUE,Fully disclosed
292535,Dissolvable Pre-Workout Packs Extreme Rainbow Candy,Creatine Monohydrate,non-nutrient/non-botanical,1,1,TRUE,TRUE,Fully disclosed
292535,Dissolvable Pre-Workout Packs Extreme Rainbow Candy,Folate,vitamin,1,1,TRUE,TRUE,Fully disclosed
292535,Dissolvable Pre-Workout Packs Extreme Rainbow Candy,L-Tyrosine,amino acid,1,1,TRUE,TRUE,Fully disclosed
292535,Dissolvable Pre-Workout Packs Extreme Rainbow Candy,N-acetyl-carnitine HCL,non-nutrient/non-botanical,1,1,TRUE,TRUE,Fully disclosed
292535,Dissolvable Pre-Workout Packs Extreme Rainbow Candy,Niacin,vitamin,1,1,TRUE,TRUE,Fully disclosed
292535,Dissolvable Pre-Workout Packs Extreme Rainbow Candy,Nitrosigine,non-nutrient/non-botanical,1,1,TRUE,TRUE,Fully disclosed
292535,Dissolvable Pre-Workout Packs Extreme Rainbow Candy,Peak ATP,non-nutrient/non-botanical,1,1,TRUE,TRUE,Fully disclosed
292535,Dissolvable Pre-Workout Packs Extreme Rainbow Candy,Sodium,mineral,1,1,TRUE,TRUE,Fully disclosed
292535,Dissolvable Pre-Workout Packs Extreme Rainbow Candy,Taurine,non-nutrient/non-botanical,1,1,TRUE,TRUE,Fully disclosed
292535,Dissolvable Pre-Workout Packs Extreme Rainbow Candy,Thiamine,vitamin,1,1,TRUE,TRUE,Fully disclosed
292535,Dissolvable Pre-Workout Packs Extreme Rainbow Candy,Vitamin B12,vitamin,1,1,TRUE,TRUE,Fully disclosed
292535,Dissolvable Pre-Workout Packs Extreme Rainbow Candy,Vitamin B6,vitamin,1,1,TRUE,TRUE,Fully disclosed
292630,Shatter Ripped Pre-Workout Rainbow Candy,Beta-Alanine,amino acid,2,2,TRUE,TRUE,Fully disclosed
292630,Shatter Ripped Pre-Workout Rainbow Candy,Caffeine Anhydrous,non-nutrient/non-botanical,2,2,TRUE,TRUE,Fully disclosed
292630,Shatter Ripped Pre-Workout Rainbow Candy,CitraPeak,blend,2,2,TRUE,TRUE,Fully disclosed
292630,Shatter Ripped Pre-Workout Rainbow Candy,"Energy, Focus & Thermogenesis Enhancer",blend,2,2,FALSE,FALSE,Not disclosed
292630,Shatter Ripped Pre-Workout Rainbow Candy,Grains of Paradise Seed Extract,botanical,2,2,TRUE,TRUE,Fully disclosed
292630,Shatter Ripped Pre-Workout Rainbow Candy,Green Coffee Seed Extract,botanical,2,2,TRUE,TRUE,Fully disclosed
292630,Shatter Ripped Pre-Workout Rainbow Candy,Huperzine A,non-nutrient/non-botanical,2,2,TRUE,TRUE,Fully disclosed
292630,Shatter Ripped Pre-Workout Rainbow Candy,L-Citrulline,amino acid,2,2,TRUE,TRUE,Fully disclosed
292630,Shatter Ripped Pre-Workout Rainbow Candy,NooGandha,botanical,2,2,TRUE,TRUE,Fully disclosed
292630,Shatter Ripped Pre-Workout Rainbow Candy,Performance Matrix,blend,2,2,FALSE,FALSE,Not disclosed
292630,Shatter Ripped Pre-Workout Rainbow Candy,Taurine,non-nutrient/non-botanical,2,2,TRUE,TRUE,Fully disclosed
292630,Shatter Ripped Pre-Workout Rainbow Candy,Yohimbe Bark Extract,botanical,2,2,TRUE,TRUE,Fully disclosed
292630,Shatter Ripped Pre-Workout Rainbow Candy,Zynamite,botanical,2,2,TRUE,TRUE,Fully disclosed
292631,Shatter Ripped Pre-Workout Icy Rocket,Beta-Alanine,amino acid,2,2,TRUE,TRUE,Fully disclosed
292631,Shatter Ripped Pre-Workout Icy Rocket,Caffeine Anhydrous,non-nutrient/non-botanical,2,2,TRUE,TRUE,Fully disclosed
292631,Shatter Ripped Pre-Workout Icy Rocket,CitraPeak,blend,2,2,TRUE,TRUE,Fully disclosed
292631,Shatter Ripped Pre-Workout Icy Rocket,"Energy, Focus & Thermogenesis Enhancer",blend,2,2,FALSE,FALSE,Not disclosed
292631,Shatter Ripped Pre-Workout Icy Rocket,Grains of Paradise seed extract,botanical,2,2,TRUE,TRUE,Fully disclosed
292631,Shatter Ripped Pre-Workout Icy Rocket,Green Coffee Seed Extract,botanical,2,2,TRUE,TRUE,Fully disclosed
292631,Shatter Ripped Pre-Workout Icy Rocket,Huperzine-A,non-nutrient/non-botanical,2,2,TRUE,TRUE,Fully disclosed
292631,Shatter Ripped Pre-Workout Icy Rocket,L-Citrulline,amino acid,2,2,TRUE,TRUE,Fully disclosed
292631,Shatter Ripped Pre-Workout Icy Rocket,NooGandha,botanical,2,2,TRUE,TRUE,Fully disclosed
292631,Shatter Ripped Pre-Workout Icy Rocket,Performance Matrix,blend,2,2,FALSE,FALSE,Not disclosed
292631,Shatter Ripped Pre-Workout Icy Rocket,Taurine,non-nutrient/non-botanical,2,2,TRUE,TRUE,Fully disclosed
292631,Shatter Ripped Pre-Workout Icy Rocket,Yohimbe Bark Extract,botanical,2,2,TRUE,TRUE,Fully disclosed
292631,Shatter Ripped Pre-Workout Icy Rocket,Zynamite,botanical,2,2,TRUE,TRUE,Fully disclosed
295375,Mr Hyde Test Surge Pre-Workout Pineapple Mango,Arginine Silicate,non-nutrient/non-botanical,1,1,TRUE,TRUE,Fully disclosed
295375,Mr Hyde Test Surge Pre-Workout Pineapple Mango,Beta Alanine,amino acid,1,1,TRUE,TRUE,Fully disclosed
295375,Mr Hyde Test Surge Pre-Workout Pineapple Mango,Boron,mineral,1,1,TRUE,TRUE,Fully disclosed
295375,Mr Hyde Test Surge Pre-Workout Pineapple Mango,Caffeine Anhydrous,non-nutrient/non-botanical,2,1,TRUE,FALSE,Partially disclosed
295375,Mr Hyde Test Surge Pre-Workout Pineapple Mango,Caffeine Citric Acid Blend,blend,1,1,TRUE,TRUE,Fully disclosed
295375,Mr Hyde Test Surge Pre-Workout Pineapple Mango,Citric Acid,non-nutrient/non-botanical,1,1,FALSE,FALSE,Not disclosed
295375,Mr Hyde Test Surge Pre-Workout Pineapple Mango,Creatine Hydrochloride,non-nutrient/non-botanical,1,1,TRUE,TRUE,Fully disclosed
295375,Mr Hyde Test Surge Pre-Workout Pineapple Mango,Di-Caffeine Malate,non-nutrient/non-botanical,1,1,TRUE,TRUE,Fully disclosed
295375,Mr Hyde Test Surge Pre-Workout Pineapple Mango,Diindolylmethane,non-nutrient/non-botanical,1,1,TRUE,TRUE,Fully disclosed
295375,Mr Hyde Test Surge Pre-Workout Pineapple Mango,Focus Mood Enhancement Matrix,blend,1,1,TRUE,TRUE,Fully disclosed
295375,Mr Hyde Test Surge Pre-Workout Pineapple Mango,Iconic HaloX Testosterone & Stamina Matrix,blend,1,1,TRUE,TRUE,Fully disclosed
295375,Mr Hyde Test Surge Pre-Workout Pineapple Mango,L-Citrulline Aspartate,non-nutrient/non-botanical,1,1,TRUE,TRUE,Fully disclosed
295375,Mr Hyde Test Surge Pre-Workout Pineapple Mango,L-Theanine,non-nutrient/non-botanical,1,1,TRUE,TRUE,Fully disclosed
295375,Mr Hyde Test Surge Pre-Workout Pineapple Mango,Magnesium,mineral,1,1,TRUE,TRUE,Fully disclosed
295375,Mr Hyde Test Surge Pre-Workout Pineapple Mango,Niacin,vitamin,1,1,TRUE,TRUE,Fully disclosed
295375,Mr Hyde Test Surge Pre-Workout Pineapple Mango,Shoden,botanical,1,1,TRUE,TRUE,Fully disclosed
295375,Mr Hyde Test Surge Pre-Workout Pineapple Mango,Stimulant Energy Matrix,blend,1,1,TRUE,TRUE,Fully disclosed
295375,Mr Hyde Test Surge Pre-Workout Pineapple Mango,Strength and Power Matrix,blend,1,1,TRUE,TRUE,Fully disclosed
295375,Mr Hyde Test Surge Pre-Workout Pineapple Mango,TeaCrine,non-nutrient/non-botanical,1,1,TRUE,TRUE,Fully disclosed
295375,Mr Hyde Test Surge Pre-Workout Pineapple Mango,Vitamin D,vitamin,1,1,TRUE,TRUE,Fully disclosed
295375,Mr Hyde Test Surge Pre-Workout Pineapple Mango,Zinc,mineral,1,1,TRUE,TRUE,Fully disclosed
295377,Hyde Pre Workout Watermelon,Beta-Alanine,amino acid,1,1,TRUE,TRUE,Fully disclosed
295377,Hyde Pre Workout Watermelon,Caffeine Anhydrous,non-nutrient/non-botanical,1,1,TRUE,TRUE,Fully disclosed
295377,Hyde Pre Workout Watermelon,Creatine Monohydrate,non-nutrient/non-botanical,1,1,TRUE,TRUE,Fully disclosed
295377,Hyde Pre Workout Watermelon,L-Citrulline,amino acid,1,1,TRUE,TRUE,Fully disclosed
295377,Hyde Pre Workout Watermelon,L-Tyrosine,amino acid,1,1,TRUE,TRUE,Fully disclosed
295377,Hyde Pre Workout Watermelon,N-Acetyl-L-Carnitine,non-nutrient/non-botanical,1,1,TRUE,TRUE,Fully disclosed
295377,Hyde Pre Workout Watermelon,Niacin,vitamin,1,1,TRUE,TRUE,Fully disclosed
295377,Hyde Pre Workout Watermelon,Vitamin B1,vitamin,1,1,TRUE,TRUE,Fully disclosed
295377,Hyde Pre Workout Watermelon,Vitamin B12,vitamin,1,1,TRUE,TRUE,Fully disclosed
295377,Hyde Pre Workout Watermelon,Vitamin C,vitamin,1,1,TRUE,TRUE,Fully disclosed
295377,Hyde Pre Workout Watermelon,Zinc,mineral,1,1,TRUE,TRUE,Fully disclosed
295400,Mr Hyde Signature Pre-Workout Blue Razz Popsicle,Beta Alanine,amino acid,1,1,TRUE,TRUE,Fully disclosed
295400,Mr Hyde Signature Pre-Workout Blue Razz Popsicle,Caffeine Anhydrous,non-nutrient/non-botanical,1,1,TRUE,TRUE,Fully disclosed
295400,Mr Hyde Signature Pre-Workout Blue Razz Popsicle,Calcium,mineral,1,1,TRUE,TRUE,Fully disclosed
295400,Mr Hyde Signature Pre-Workout Blue Razz Popsicle,Choline Bitartrate,vitamin,1,1,TRUE,TRUE,Fully disclosed
295400,Mr Hyde Signature Pre-Workout Blue Razz Popsicle,Creatine Monohydrate,non-nutrient/non-botanical,1,1,TRUE,TRUE,Fully disclosed
295400,Mr Hyde Signature Pre-Workout Blue Razz Popsicle,Di-Caffeine Malate,non-nutrient/non-botanical,1,1,TRUE,TRUE,Fully disclosed
295400,Mr Hyde Signature Pre-Workout Blue Razz Popsicle,Gamma-Aminobutyric Acid,non-nutrient/non-botanical,1,1,TRUE,TRUE,Fully disclosed
295400,Mr Hyde Signature Pre-Workout Blue Razz Popsicle,Intensity Matrix,blend,1,1,TRUE,TRUE,Fully disclosed
295400,Mr Hyde Signature Pre-Workout Blue Razz Popsicle,L-Citrulline L-Aspartic Acid,TBD,1,1,TRUE,TRUE,Fully disclosed
295400,Mr Hyde Signature Pre-Workout Blue Razz Popsicle,L-Theanine,non-nutrient/non-botanical,1,1,TRUE,TRUE,Fully disclosed
295400,Mr Hyde Signature Pre-Workout Blue Razz Popsicle,N-Acetyl Tyrosine,non-nutrient/non-botanical,1,1,TRUE,TRUE,Fully disclosed
295400,Mr Hyde Signature Pre-Workout Blue Razz Popsicle,Niacin,vitamin,1,1,TRUE,TRUE,Fully disclosed
295400,Mr Hyde Signature Pre-Workout Blue Razz Popsicle,Nitrosigine,non-nutrient/non-botanical,1,1,TRUE,TRUE,Fully disclosed
295400,Mr Hyde Signature Pre-Workout Blue Razz Popsicle,Stimulatory Matrix,blend,1,1,TRUE,TRUE,Fully disclosed
295400,Mr Hyde Signature Pre-Workout Blue Razz Popsicle,Strength Matrix,blend,1,1,TRUE,TRUE,Fully disclosed
295400,Mr Hyde Signature Pre-Workout Blue Razz Popsicle,TeaCrine,non-nutrient/non-botanical,1,1,TRUE,TRUE,Fully disclosed
295401,Mr Hyde Signature Pre-Workout Lollipop Punch,Beta-Alanine,amino acid,1,1,TRUE,TRUE,Fully disclosed
295401,Mr Hyde Signature Pre-Workout Lollipop Punch,Caffeine Anhydrous,non-nutrient/non-botanical,1,1,TRUE,TRUE,Fully disclosed
295401,Mr Hyde Signature Pre-Workout Lollipop Punch,Calcium,mineral,1,1,TRUE,TRUE,Fully disclosed
295401,Mr Hyde Signature Pre-Workout Lollipop Punch,Choline Bitartrate,vitamin,1,1,TRUE,TRUE,Fully disclosed
295401,Mr Hyde Signature Pre-Workout Lollipop Punch,Creatine Monohydrate,non-nutrient/non-botanical,1,1,TRUE,TRUE,Fully disclosed
295401,Mr Hyde Signature Pre-Workout Lollipop Punch,Dicaffeine Malate,non-nutrient/non-botanical,1,1,TRUE,TRUE,Fully disclosed
295401,Mr Hyde Signature Pre-Workout Lollipop Punch,Gamma-Aminobutyric Acid,non-nutrient/non-botanical,1,1,TRUE,TRUE,Fully disclosed
295401,Mr Hyde Signature Pre-Workout Lollipop Punch,Intensity Matrix,blend,1,1,TRUE,TRUE,Fully disclosed
295401,Mr Hyde Signature Pre-Workout Lollipop Punch,L-Citrulline L-Aspartic Acid,TBD,1,1,TRUE,TRUE,Fully disclosed
295401,Mr Hyde Signature Pre-Workout Lollipop Punch,L-Theanine,non-nutrient/non-botanical,1,1,TRUE,TRUE,Fully disclosed
295401,Mr Hyde Signature Pre-Workout Lollipop Punch,N-Acetyl Tyrosine,non-nutrient/non-botanical,1,1,TRUE,TRUE,Fully disclosed
295401,Mr Hyde Signature Pre-Workout Lollipop Punch,Niacin,vitamin,1,1,TRUE,TRUE,Fully disclosed
295401,Mr Hyde Signature Pre-Workout Lollipop Punch,Nitrosigine,non-nutrient/non-botanical,1,1,TRUE,TRUE,Fully disclosed
295401,Mr Hyde Signature Pre-Workout Lollipop Punch,Stimulatory Matrix,blend,1,1,TRUE,TRUE,Fully disclosed
295401,Mr Hyde Signature Pre-Workout Lollipop Punch,Strength Matrix,blend,1,1,TRUE,TRUE,Fully disclosed
295401,Mr Hyde Signature Pre-Workout Lollipop Punch,TeaCrine,non-nutrient/non-botanical,1,1,TRUE,TRUE,Fully disclosed
295925,Wrecked Pre-Workout Bomb Popsicle,Agmatine Sulfate,non-nutrient/non-botanical,2,2,TRUE,TRUE,Fully disclosed
295925,Wrecked Pre-Workout Bomb Popsicle,Alpha-Glycerylphosphorylcholine,non-nutrient/non-botanical,2,2,TRUE,TRUE,Fully disclosed
295925,Wrecked Pre-Workout Bomb Popsicle,Beta-Alanine,amino acid,2,2,TRUE,TRUE,Fully disclosed
295925,Wrecked Pre-Workout Bomb Popsicle,Betaine Anhydrous,non-nutrient/non-botanical,2,2,TRUE,TRUE,Fully disclosed
295925,Wrecked Pre-Workout Bomb Popsicle,Black Pepper Fruit Extract,botanical,2,2,TRUE,TRUE,Fully disclosed
295925,Wrecked Pre-Workout Bomb Popsicle,Caffeine Anhydrous,non-nutrient/non-botanical,2,2,TRUE,TRUE,Fully disclosed
295925,Wrecked Pre-Workout Bomb Popsicle,Di-Caffeine Malate,non-nutrient/non-botanical,2,2,TRUE,TRUE,Fully disclosed
295925,Wrecked Pre-Workout Bomb Popsicle,Hydromax,blend,2,2,TRUE,TRUE,Fully disclosed
295925,Wrecked Pre-Workout Bomb Popsicle,L-Citrulline,amino acid,2,2,TRUE,TRUE,Fully disclosed
295925,Wrecked Pre-Workout Bomb Popsicle,L-Tyrosine,amino acid,2,2,TRUE,TRUE,Fully disclosed
295925,Wrecked Pre-Workout Bomb Popsicle,"Lion's Mane Mushroom, Powder",botanical,2,2,TRUE,TRUE,Fully disclosed
295925,Wrecked Pre-Workout Bomb Popsicle,Malic Acid,non-nutrient/non-botanical,2,2,TRUE,TRUE,Fully disclosed
295925,Wrecked Pre-Workout Bomb Popsicle,"N,N-Phenethyldimethylamine",non-nutrient/non-botanical,2,2,TRUE,TRUE,Fully disclosed
295925,Wrecked Pre-Workout Bomb Popsicle,Rauwolscine,non-nutrient/non-botanical,2,2,TRUE,TRUE,Fully disclosed
295925,Wrecked Pre-Workout Bomb Popsicle,Sodium,mineral,2,2,TRUE,TRUE,Fully disclosed
295925,Wrecked Pre-Workout Bomb Popsicle,Theobromine,non-nutrient/non-botanical,2,2,TRUE,TRUE,Fully disclosed
296436,Pre-Workout Tropical Fruit Flavored,Beta Alanine,amino acid,1,1,TRUE,TRUE,Fully disclosed
296436,Pre-Workout Tropical Fruit Flavored,Caffeine,non-nutrient/non-botanical,1,1,TRUE,TRUE,Fully disclosed
296436,Pre-Workout Tropical Fruit Flavored,Creatine Monohydrate,non-nutrient/non-botanical,1,1,TRUE,TRUE,Fully disclosed
296436,Pre-Workout Tropical Fruit Flavored,L-Citrulline,amino acid,1,1,TRUE,TRUE,Fully disclosed
296436,Pre-Workout Tropical Fruit Flavored,L-Theanine,amino acid,1,1,TRUE,TRUE,Fully disclosed
296436,Pre-Workout Tropical Fruit Flavored,Phosphatidylserine,fat,1,1,TRUE,TRUE,Fully disclosed
296436,Pre-Workout Tropical Fruit Flavored,Potassium,mineral,1,1,TRUE,TRUE,Fully disclosed
296436,Pre-Workout Tropical Fruit Flavored,Sodium,mineral,1,1,TRUE,TRUE,Fully disclosed
297206,Prevail Pre-Workout Primer Tropical Punch,Alpha GPC,non-nutrient/non-botanical,2,2,TRUE,TRUE,Fully disclosed
297206,Prevail Pre-Workout Primer Tropical Punch,Caffeine,non-nutrient/non-botanical,2,2,TRUE,TRUE,Fully disclosed
297206,Prevail Pre-Workout Primer Tropical Punch,Cocoa Seed Extract,botanical,2,2,TRUE,TRUE,Fully disclosed
297206,Prevail Pre-Workout Primer Tropical Punch,Dicaffeine Malate,non-nutrient/non-botanical,2,2,TRUE,TRUE,Fully disclosed
297206,Prevail Pre-Workout Primer Tropical Punch,Huperzine-A,non-nutrient/non-botanical,2,2,TRUE,TRUE,Fully disclosed
297206,Prevail Pre-Workout Primer Tropical Punch,L-Citrulline,amino acid,2,2,TRUE,TRUE,Fully disclosed
297206,Prevail Pre-Workout Primer Tropical Punch,L-Theanine,non-nutrient/non-botanical,2,2,TRUE,TRUE,Fully disclosed
297206,Prevail Pre-Workout Primer Tropical Punch,N-Acetyl L-Tyrosine,non-nutrient/non-botanical,2,2,TRUE,TRUE,Fully disclosed
297206,Prevail Pre-Workout Primer Tropical Punch,NeuroFactor,botanical,2,2,TRUE,TRUE,Fully disclosed
297206,Prevail Pre-Workout Primer Tropical Punch,Taurine,non-nutrient/non-botanical,2,2,TRUE,TRUE,Fully disclosed
297206,Prevail Pre-Workout Primer Tropical Punch,Theobromine,non-nutrient/non-botanical,2,2,TRUE,TRUE,Fully disclosed
297408,Prolific Pre-Workout Cotton Candy,Betaine Anhydrous,non-nutrient/non-botanical,2,2,TRUE,TRUE,Fully disclosed
297408,Prolific Pre-Workout Cotton Candy,Caffeine,non-nutrient/non-botanical,2,2,TRUE,TRUE,Fully disclosed
297408,Prolific Pre-Workout Cotton Candy,Cognizin,non-nutrient/non-botanical,2,2,TRUE,TRUE,Fully disclosed
297408,Prolific Pre-Workout Cotton Candy,L-Citrulline,amino acid,2,2,TRUE,TRUE,Fully disclosed
297408,Prolific Pre-Workout Cotton Candy,L-Theanine,non-nutrient/non-botanical,2,2,TRUE,TRUE,Fully disclosed
297408,Prolific Pre-Workout Cotton Candy,NeuroFactor,botanical,2,2,TRUE,TRUE,Fully disclosed
297408,Prolific Pre-Workout Cotton Candy,Rhodiola rosea Root Extract,botanical,2,2,TRUE,TRUE,Fully disclosed
297408,Prolific Pre-Workout Cotton Candy,Taurine,non-nutrient/non-botanical,2,2,TRUE,TRUE,Fully disclosed
299104,Pre-Workout Powder Blue Raspberry,Arginine Alpha-Ketoglutarate,non-nutrient/non-botanical,1,1,FALSE,FALSE,Not disclosed
299104,Pre-Workout Powder Blue Raspberry,Beta-Alanine,amino acid,1,1,FALSE,FALSE,Not disclosed
299104,Pre-Workout Powder Blue Raspberry,Caffeine Anhydrous,non-nutrient/non-botanical,1,1,TRUE,TRUE,Fully disclosed
299104,Pre-Workout Powder Blue Raspberry,Cyanocobalamin,vitamin,1,1,FALSE,FALSE,Not disclosed
299104,Pre-Workout Powder Blue Raspberry,Dipotassium Phosphate,mineral,1,1,FALSE,FALSE,Not disclosed
299104,Pre-Workout Powder Blue Raspberry,Magnesium,mineral,1,1,TRUE,TRUE,Fully disclosed
299104,Pre-Workout Powder Blue Raspberry,Magnesium Citrate,mineral,1,1,FALSE,FALSE,Not disclosed
299104,Pre-Workout Powder Blue Raspberry,Proprietary Energy Blend,blend,1,1,TRUE,TRUE,Fully disclosed
299104,Pre-Workout Powder Blue Raspberry,Proprietary Performance Blend,blend,1,1,TRUE,TRUE,Fully disclosed
299104,Pre-Workout Powder Blue Raspberry,Pyridoxine Hydrochloride,vitamin,1,1,FALSE,FALSE,Not disclosed
299104,Pre-Workout Powder Blue Raspberry,Sodium,mineral,1,1,TRUE,TRUE,Fully disclosed
299104,Pre-Workout Powder Blue Raspberry,Sodium Citrate,mineral,1,1,FALSE,FALSE,Not disclosed
299104,Pre-Workout Powder Blue Raspberry,Taurine,non-nutrient/non-botanical,1,1,FALSE,FALSE,Not disclosed
299104,Pre-Workout Powder Blue Raspberry,Vitamin B12,vitamin,1,1,TRUE,TRUE,Fully disclosed
299104,Pre-Workout Powder Blue Raspberry,Vitamin B6,vitamin,1,1,TRUE,TRUE,Fully disclosed
299104,Pre-Workout Powder Blue Raspberry,micronized Creatine Monohydrate,non-nutrient/non-botanical,1,1,FALSE,FALSE,Not disclosed
299105,Pre-Workout Powder Fruit Punch,Arginine Alpha-Ketoglutarate,non-nutrient/non-botanical,1,1,FALSE,FALSE,Not disclosed
299105,Pre-Workout Powder Fruit Punch,Beta-Alanine,amino acid,1,1,FALSE,FALSE,Not disclosed
299105,Pre-Workout Powder Fruit Punch,Caffeine Anhydrous,non-nutrient/non-botanical,1,1,TRUE,TRUE,Fully disclosed
299105,Pre-Workout Powder Fruit Punch,Cyanocobalamin,vitamin,1,1,FALSE,FALSE,Not disclosed
299105,Pre-Workout Powder Fruit Punch,Dipotassium Phosphate,mineral,1,1,FALSE,FALSE,Not disclosed
299105,Pre-Workout Powder Fruit Punch,Magnesium,mineral,1,1,TRUE,TRUE,Fully disclosed
299105,Pre-Workout Powder Fruit Punch,Magnesium Citrate,mineral,1,1,FALSE,FALSE,Not disclosed
299105,Pre-Workout Powder Fruit Punch,Proprietary Energy Blend,blend,1,1,TRUE,TRUE,Fully disclosed
299105,Pre-Workout Powder Fruit Punch,Proprietary Performance Blend,blend,1,1,TRUE,TRUE,Fully disclosed
299105,Pre-Workout Powder Fruit Punch,Pyridoxine Hydrochloride,vitamin,1,1,FALSE,FALSE,Not disclosed
299105,Pre-Workout Powder Fruit Punch,Sodium,mineral,1,1,TRUE,TRUE,Fully disclosed
299105,Pre-Workout Powder Fruit Punch,Sodium Citrate,mineral,1,1,FALSE,FALSE,Not disclosed
299105,Pre-Workout Powder Fruit Punch,Taurine,non-nutrient/non-botanical,1,1,FALSE,FALSE,Not disclosed
299105,Pre-Workout Powder Fruit Punch,Vitamin B12,vitamin,1,1,TRUE,TRUE,Fully disclosed
299105,Pre-Workout Powder Fruit Punch,Vitamin B6,vitamin,1,1,TRUE,TRUE,Fully disclosed
299105,Pre-Workout Powder Fruit Punch,micronized Creatine Monohydrate,non-nutrient/non-botanical,1,1,FALSE,FALSE,Not disclosed
299106,Pre-Workout Powder Mango,Arginine Alpha-Ketoglutarate,non-nutrient/non-botanical,1,1,FALSE,FALSE,Not disclosed
299106,Pre-Workout Powder Mango,Beta-Alanine,amino acid,1,1,FALSE,FALSE,Not disclosed
299106,Pre-Workout Powder Mango,Caffeine Anhydrous,non-nutrient/non-botanical,1,1,TRUE,TRUE,Fully disclosed
299106,Pre-Workout Powder Mango,Cyanocobalamin,vitamin,1,1,FALSE,FALSE,Not disclosed
299106,Pre-Workout Powder Mango,Dipotassium Phosphate,mineral,1,1,FALSE,FALSE,Not disclosed
299106,Pre-Workout Powder Mango,Magnesium,mineral,1,1,TRUE,TRUE,Fully disclosed
299106,Pre-Workout Powder Mango,Magnesium Citrate,mineral,1,1,FALSE,FALSE,Not disclosed
299106,Pre-Workout Powder Mango,Proprietary Energy Blend,blend,1,1,TRUE,TRUE,Fully disclosed
299106,Pre-Workout Powder Mango,Proprietary Performance Blend,blend,1,1,TRUE,TRUE,Fully disclosed
299106,Pre-Workout Powder Mango,Pyridoxine Hydrochloride,vitamin,1,1,FALSE,FALSE,Not disclosed
299106,Pre-Workout Powder Mango,Sodium,mineral,1,1,TRUE,TRUE,Fully disclosed
299106,Pre-Workout Powder Mango,Sodium Citrate,mineral,1,1,FALSE,FALSE,Not disclosed
299106,Pre-Workout Powder Mango,Taurine,non-nutrient/non-botanical,1,1,FALSE,FALSE,Not disclosed
299106,Pre-Workout Powder Mango,Vitamin B12,vitamin,1,1,TRUE,TRUE,Fully disclosed
299106,Pre-Workout Powder Mango,Vitamin B6,vitamin,1,1,TRUE,TRUE,Fully disclosed
299106,Pre-Workout Powder Mango,micronized Creatine Monohydrate,non-nutrient/non-botanical,1,1,FALSE,FALSE,Not disclosed
299107,Pre-Workout Powder Watermelon,Arginine Alpha-Ketoglutarate,non-nutrient/non-botanical,1,1,FALSE,FALSE,Not disclosed
299107,Pre-Workout Powder Watermelon,Beta-Alanine,amino acid,1,1,FALSE,FALSE,Not disclosed
299107,Pre-Workout Powder Watermelon,Caffeine Anhydrous,non-nutrient/non-botanical,1,1,TRUE,TRUE,Fully disclosed
299107,Pre-Workout Powder Watermelon,Cyanocobalamin,vitamin,1,1,FALSE,FALSE,Not disclosed
299107,Pre-Workout Powder Watermelon,Dipotassium Phosphate,mineral,1,1,FALSE,FALSE,Not disclosed
299107,Pre-Workout Powder Watermelon,Magnesium,mineral,1,1,TRUE,TRUE,Fully disclosed
299107,Pre-Workout Powder Watermelon,Magnesium Citrate,mineral,1,1,FALSE,FALSE,Not disclosed
299107,Pre-Workout Powder Watermelon,Proprietary Energy Blend,blend,1,1,TRUE,TRUE,Fully disclosed
299107,Pre-Workout Powder Watermelon,Proprietary Performance Blend,blend,1,1,TRUE,TRUE,Fully disclosed
299107,Pre-Workout Powder Watermelon,Pyridoxine Hydrochloride,vitamin,1,1,FALSE,FALSE,Not disclosed
299107,Pre-Workout Powder Watermelon,Sodium,mineral,1,1,TRUE,TRUE,Fully disclosed
299107,Pre-Workout Powder Watermelon,Sodium Citrate,mineral,1,1,FALSE,FALSE,Not disclosed
299107,Pre-Workout Powder Watermelon,Taurine,non-nutrient/non-botanical,1,1,FALSE,FALSE,Not disclosed
299107,Pre-Workout Powder Watermelon,Vitamin B12,vitamin,1,1,TRUE,TRUE,Fully disclosed
299107,Pre-Workout Powder Watermelon,Vitamin B6,vitamin,1,1,TRUE,TRUE,Fully disclosed
299107,Pre-Workout Powder Watermelon,micronized Creatine Monohydrate,non-nutrient/non-botanical,1,1,FALSE,FALSE,Not disclosed
299215,Koala Freak Pre-Workout Aussie Fruit,ActiGin,blend,1,1,TRUE,TRUE,Fully disclosed
299215,Koala Freak Pre-Workout Aussie Fruit,AlphaSize,non-nutrient/non-botanical,1,1,TRUE,TRUE,Fully disclosed
299215,Koala Freak Pre-Workout Aussie Fruit,AstraGin,blend,1,1,TRUE,TRUE,Fully disclosed
299215,Koala Freak Pre-Workout Aussie Fruit,Beta-Alanine,amino acid,1,1,TRUE,TRUE,Fully disclosed
299215,Koala Freak Pre-Workout Aussie Fruit,Caffeine Anhydrous,non-nutrient/non-botanical,1,1,TRUE,TRUE,Fully disclosed
299215,Koala Freak Pre-Workout Aussie Fruit,Citrulline Malate,non-nutrient/non-botanical,1,1,TRUE,TRUE,Fully disclosed
299215,Koala Freak Pre-Workout Aussie Fruit,Deer Antler Velvet Extract,animal part or source,1,1,TRUE,TRUE,Fully disclosed
299215,Koala Freak Pre-Workout Aussie Fruit,Himalayan Rock Salt,mineral,1,1,TRUE,TRUE,Fully disclosed
299215,Koala Freak Pre-Workout Aussie Fruit,Sodium,mineral,1,1,TRUE,TRUE,Fully disclosed
299215,Koala Freak Pre-Workout Aussie Fruit,Taurine,non-nutrient/non-botanical,1,1,TRUE,TRUE,Fully disclosed
299215,Koala Freak Pre-Workout Aussie Fruit,Vitamin B12,vitamin,1,1,TRUE,TRUE,Fully disclosed
299227,Pre-Workout Blue Raspberry Ring Pop,Beta-Alanine,amino acid,1,1,TRUE,TRUE,Fully disclosed
299227,Pre-Workout Blue Raspberry Ring Pop,Betaine Anhydrous,non-nutrient/non-botanical,1,1,TRUE,TRUE,Fully disclosed
299227,Pre-Workout Blue Raspberry Ring Pop,Caffeine,non-nutrient/non-botanical,1,1,TRUE,TRUE,Fully disclosed
299227,Pre-Workout Blue Raspberry Ring Pop,Caffeine Anhydrous,non-nutrient/non-botanical,1,1,TRUE,TRUE,Fully disclosed
299227,Pre-Workout Blue Raspberry Ring Pop,Choline,vitamin,1,1,TRUE,TRUE,Fully disclosed
299227,Pre-Workout Blue Raspberry Ring Pop,L-Taurine,non-nutrient/non-botanical,1,1,TRUE,TRUE,Fully disclosed
299227,Pre-Workout Blue Raspberry Ring Pop,NO3-T,non-nutrient/non-botanical,1,1,TRUE,TRUE,Fully disclosed
299227,Pre-Workout Blue Raspberry Ring Pop,Potassium,mineral,1,1,TRUE,TRUE,Fully disclosed
299227,Pre-Workout Blue Raspberry Ring Pop,Sodium,mineral,1,1,TRUE,TRUE,Fully disclosed
299227,Pre-Workout Blue Raspberry Ring Pop,Thinkamine,TBD,1,1,TRUE,TRUE,Fully disclosed
299228,Godzilla Pre-Workout Blackberry Lemonade,Beta Alanine,amino acid,2,2,TRUE,TRUE,Fully disclosed
299228,Godzilla Pre-Workout Blackberry Lemonade,Betaine Anhydrous,non-nutrient/non-botanical,2,2,TRUE,TRUE,Fully disclosed
299228,Godzilla Pre-Workout Blackberry Lemonade,Caffeine Anhydrous,non-nutrient/non-botanical,2,2,TRUE,TRUE,Fully disclosed
299228,Godzilla Pre-Workout Blackberry Lemonade,Choline,vitamin,2,2,TRUE,TRUE,Fully disclosed
299228,Godzilla Pre-Workout Blackberry Lemonade,Choline Bitartrate,vitamin,2,2,TRUE,TRUE,Fully disclosed
299228,Godzilla Pre-Workout Blackberry Lemonade,Creatine Monohydrate,non-nutrient/non-botanical,2,2,TRUE,TRUE,Fully disclosed
299228,Godzilla Pre-Workout Blackberry Lemonade,L-Citrulline,amino acid,2,2,TRUE,TRUE,Fully disclosed
299228,Godzilla Pre-Workout Blackberry Lemonade,NO3-T,non-nutrient/non-botanical,2,2,TRUE,TRUE,Fully disclosed
299228,Godzilla Pre-Workout Blackberry Lemonade,Pink Himalayan Sea Salt,non-nutrient/non-botanical,2,2,TRUE,TRUE,Fully disclosed
299228,Godzilla Pre-Workout Blackberry Lemonade,Potassium,mineral,2,2,TRUE,TRUE,Fully disclosed
299228,Godzilla Pre-Workout Blackberry Lemonade,RYSE Pump Fuel,blend,2,2,TRUE,TRUE,Fully disclosed
299228,Godzilla Pre-Workout Blackberry Lemonade,Sodium,mineral,2,2,TRUE,TRUE,Fully disclosed
299228,Godzilla Pre-Workout Blackberry Lemonade,Theobromine,non-nutrient/non-botanical,2,2,TRUE,TRUE,Fully disclosed
299228,Godzilla Pre-Workout Blackberry Lemonade,Thinkamine,TBD,2,2,TRUE,TRUE,Fully disclosed
299228,Godzilla Pre-Workout Blackberry Lemonade,VasoDrive-AP,blend,2,2,TRUE,TRUE,Fully disclosed
299228,Godzilla Pre-Workout Blackberry Lemonade,ZumXR,non-nutrient/non-botanical,2,2,TRUE,TRUE,Fully disclosed
299229,Pre-Workout Baja Burst,Beta-Alanine,amino acid,1,1,TRUE,TRUE,Fully disclosed
299229,Pre-Workout Baja Burst,Betaine Anhydrous,non-nutrient/non-botanical,1,1,TRUE,TRUE,Fully disclosed
299229,Pre-Workout Baja Burst,Caffeine Anhydrous,non-nutrient/non-botanical,1,1,TRUE,TRUE,Fully disclosed
299229,Pre-Workout Baja Burst,Calci-K,mineral,1,1,TRUE,TRUE,Fully disclosed
299229,Pre-Workout Baja Burst,Calcium,mineral,1,1,TRUE,TRUE,Fully disclosed
299229,Pre-Workout Baja Burst,Choline,vitamin,1,1,TRUE,TRUE,Fully disclosed
299229,Pre-Workout Baja Burst,Club Moss Extract,botanical,1,1,TRUE,TRUE,Fully disclosed
299229,Pre-Workout Baja Burst,NO3-T,non-nutrient/non-botanical,2,1,TRUE,TRUE,Fully disclosed
299229,Pre-Workout Baja Burst,Phosphorus,mineral,1,1,TRUE,TRUE,Fully disclosed
299229,Pre-Workout Baja Burst,Potassium,mineral,1,1,TRUE,TRUE,Fully disclosed
299229,Pre-Workout Baja Burst,Sodium,mineral,1,1,TRUE,TRUE,Fully disclosed
299229,Pre-Workout Baja Burst,Theobromine,non-nutrient/non-botanical,1,1,TRUE,TRUE,Fully disclosed
299229,Pre-Workout Baja Burst,VitaShure,non-nutrient/non-botanical,1,1,TRUE,TRUE,Fully disclosed
299229,Pre-Workout Baja Burst,Vitacholine,vitamin,1,1,TRUE,TRUE,Fully disclosed
299818,Wrecked Extreme Pre-Workout Jungle Candy,2-Amino-6-Methylheptane HCl,non-nutrient/non-botanical,1,1,TRUE,TRUE,Fully disclosed
299818,Wrecked Extreme Pre-Workout Jungle Candy,Alpha-Glycerylphosphorylcholine,non-nutrient/non-botanical,1,1,TRUE,TRUE,Fully disclosed
299818,Wrecked Extreme Pre-Workout Jungle Candy,Beta-Alanine,amino acid,1,1,TRUE,TRUE,Fully disclosed
299818,Wrecked Extreme Pre-Workout Jungle Candy,Bioperine,botanical,1,1,TRUE,TRUE,Fully disclosed
299818,Wrecked Extreme Pre-Workout Jungle Candy,Caffeine Anhydrous,non-nutrient/non-botanical,1,1,TRUE,TRUE,Fully disclosed
299818,Wrecked Extreme Pre-Workout Jungle Candy,Caffeine Citrate,non-nutrient/non-botanical,1,1,TRUE,TRUE,Fully disclosed
299818,Wrecked Extreme Pre-Workout Jungle Candy,Hordenine HCl,non-nutrient/non-botanical,1,1,TRUE,TRUE,Fully disclosed
299818,Wrecked Extreme Pre-Workout Jungle Candy,Huperzine A,non-nutrient/non-botanical,1,1,TRUE,TRUE,Fully disclosed
299818,Wrecked Extreme Pre-Workout Jungle Candy,L-Citrulline,amino acid,1,1,TRUE,TRUE,Fully disclosed
299818,Wrecked Extreme Pre-Workout Jungle Candy,L-Tyrosine,amino acid,1,1,TRUE,TRUE,Fully disclosed
299818,Wrecked Extreme Pre-Workout Jungle Candy,N-Phenethyl Dimethylamine,non-nutrient/non-botanical,1,1,TRUE,TRUE,Fully disclosed
299818,Wrecked Extreme Pre-Workout Jungle Candy,Paradoxine,botanical,1,1,TRUE,TRUE,Fully disclosed
299818,Wrecked Extreme Pre-Workout Jungle Candy,Rauwolscine,non-nutrient/non-botanical,1,1,TRUE,TRUE,Fully disclosed
299819,Wrecked Pre-Workout Raspberry Mojito,Agmatine Sulfate,non-nutrient/non-botanical,1,1,TRUE,TRUE,Fully disclosed
299819,Wrecked Pre-Workout Raspberry Mojito,Beta-Alanine,amino acid,1,1,TRUE,TRUE,Fully disclosed
299819,Wrecked Pre-Workout Raspberry Mojito,Betaine Anhydrous,non-nutrient/non-botanical,1,1,TRUE,TRUE,Fully disclosed
299819,Wrecked Pre-Workout Raspberry Mojito,Black Pepper Fruit Extract,botanical,1,1,TRUE,TRUE,Fully disclosed
299819,Wrecked Pre-Workout Raspberry Mojito,Caffeine Anhydrous,non-nutrient/non-botanical,1,1,TRUE,TRUE,Fully disclosed
299819,Wrecked Pre-Workout Raspberry Mojito,Dicaffeine Malate,non-nutrient/non-botanical,1,1,TRUE,TRUE,Fully disclosed
299819,Wrecked Pre-Workout Raspberry Mojito,Eria jarensis extract,botanical,1,1,TRUE,TRUE,Fully disclosed
299819,Wrecked Pre-Workout Raspberry Mojito,Hydromax,blend,1,1,TRUE,TRUE,Fully disclosed
299819,Wrecked Pre-Workout Raspberry Mojito,L-Alpha-Glycerylphosphorylcholine,non-nutrient/non-botanical,1,1,TRUE,TRUE,Fully disclosed
299819,Wrecked Pre-Workout Raspberry Mojito,L-Citrulline,amino acid,1,1,TRUE,TRUE,Fully disclosed
299819,Wrecked Pre-Workout Raspberry Mojito,L-Tyrosine,amino acid,1,1,TRUE,TRUE,Fully disclosed
299819,Wrecked Pre-Workout Raspberry Mojito,"Lion's Mane Mushroom, Powder",botanical,1,1,TRUE,TRUE,Fully disclosed
299819,Wrecked Pre-Workout Raspberry Mojito,Malic Acid,non-nutrient/non-botanical,1,1,TRUE,TRUE,Fully disclosed
299819,Wrecked Pre-Workout Raspberry Mojito,Rauwolscine,non-nutrient/non-botanical,1,1,TRUE,TRUE,Fully disclosed
299819,Wrecked Pre-Workout Raspberry Mojito,S7,blend,1,1,TRUE,TRUE,Fully disclosed
299819,Wrecked Pre-Workout Raspberry Mojito,Sodium,mineral,1,1,TRUE,TRUE,Fully disclosed
299819,Wrecked Pre-Workout Raspberry Mojito,Theobromine,non-nutrient/non-botanical,1,1,TRUE,TRUE,Fully disclosed
300243,Spazmatic Pre-Workout Drink Strawberry Frozen Fruit Bar,AgmaMAX,non-nutrient/non-botanical,1,1,TRUE,TRUE,Fully disclosed
300243,Spazmatic Pre-Workout Drink Strawberry Frozen Fruit Bar,Alpha-Yohimbine Hydrochloride,non-nutrient/non-botanical,1,1,TRUE,TRUE,Fully disclosed
300243,Spazmatic Pre-Workout Drink Strawberry Frozen Fruit Bar,Caffeine,non-nutrient/non-botanical,1,1,TRUE,TRUE,Fully disclosed
300243,Spazmatic Pre-Workout Drink Strawberry Frozen Fruit Bar,Caffeine Anhydrous,non-nutrient/non-botanical,1,1,TRUE,TRUE,Fully disclosed
300243,Spazmatic Pre-Workout Drink Strawberry Frozen Fruit Bar,Chloride,mineral,1,1,TRUE,TRUE,Fully disclosed
300243,Spazmatic Pre-Workout Drink Strawberry Frozen Fruit Bar,Clutch Spazoid Pump Team,blend,1,1,FALSE,FALSE,Not disclosed
300243,Spazmatic Pre-Workout Drink Strawberry Frozen Fruit Bar,Eliminate Distractions Focus Duo,blend,1,1,FALSE,FALSE,Not disclosed
300243,Spazmatic Pre-Workout Drink Strawberry Frozen Fruit Bar,Green Tea,botanical,1,1,TRUE,TRUE,Fully disclosed
300243,Spazmatic Pre-Workout Drink Strawberry Frozen Fruit Bar,Huperzine A,non-nutrient/non-botanical,1,1,TRUE,TRUE,Fully disclosed
300243,Spazmatic Pre-Workout Drink Strawberry Frozen Fruit Bar,L-Citrulline,amino acid,1,1,TRUE,TRUE,Fully disclosed
300243,Spazmatic Pre-Workout Drink Strawberry Frozen Fruit Bar,L-Taurine,non-nutrient/non-botanical,1,1,TRUE,TRUE,Fully disclosed
300243,Spazmatic Pre-Workout Drink Strawberry Frozen Fruit Bar,L-Tyrosine,amino acid,1,1,TRUE,TRUE,Fully disclosed
300243,Spazmatic Pre-Workout Drink Strawberry Frozen Fruit Bar,Magnesium,mineral,1,1,TRUE,TRUE,Fully disclosed
300243,Spazmatic Pre-Workout Drink Strawberry Frozen Fruit Bar,Niacin,vitamin,1,1,TRUE,TRUE,Fully disclosed
300243,Spazmatic Pre-Workout Drink Strawberry Frozen Fruit Bar,Potassium,mineral,1,1,TRUE,TRUE,Fully disclosed
300243,Spazmatic Pre-Workout Drink Strawberry Frozen Fruit Bar,Sodium,mineral,1,1,TRUE,TRUE,Fully disclosed
300243,Spazmatic Pre-Workout Drink Strawberry Frozen Fruit Bar,Total SPAZ Energy Squad,blend,1,1,FALSE,FALSE,Not disclosed
300243,Spazmatic Pre-Workout Drink Strawberry Frozen Fruit Bar,Vitamin B12,vitamin,1,1,TRUE,TRUE,Fully disclosed
300253,Pandamic Pre-Workout Dragon's Blood,Advantra Z,botanical,2,2,TRUE,TRUE,Fully disclosed
300253,Pandamic Pre-Workout Dragon's Blood,Alpha GPC,non-nutrient/non-botanical,2,2,TRUE,TRUE,Fully disclosed
300253,Pandamic Pre-Workout Dragon's Blood,AstraGin,blend,2,2,TRUE,TRUE,Fully disclosed
300253,Pandamic Pre-Workout Dragon's Blood,Beta-Alanine,amino acid,2,2,TRUE,TRUE,Fully disclosed
300253,Pandamic Pre-Workout Dragon's Blood,Betaine Anhydrous,non-nutrient/non-botanical,2,2,TRUE,TRUE,Fully disclosed
300253,Pandamic Pre-Workout Dragon's Blood,Caffeine Anhydrous,non-nutrient/non-botanical,2,2,TRUE,TRUE,Fully disclosed
300253,Pandamic Pre-Workout Dragon's Blood,Caffeine Citrate,non-nutrient/non-botanical,2,2,TRUE,TRUE,Fully disclosed
300253,Pandamic Pre-Workout Dragon's Blood,Chloride,mineral,2,2,TRUE,TRUE,Fully disclosed
300253,Pandamic Pre-Workout Dragon's Blood,Dendrobium nobile extract,botanical,2,2,TRUE,TRUE,Fully disclosed
300253,Pandamic Pre-Workout Dragon's Blood,L-Citrulline Malate,non-nutrient/non-botanical,2,2,TRUE,TRUE,Fully disclosed
300253,Pandamic Pre-Workout Dragon's Blood,L-Theanine,non-nutrient/non-botanical,2,2,TRUE,TRUE,Fully disclosed
300253,Pandamic Pre-Workout Dragon's Blood,L-Tyrosine,amino acid,2,2,TRUE,TRUE,Fully disclosed
300253,Pandamic Pre-Workout Dragon's Blood,Senactiv,blend,2,2,TRUE,TRUE,Fully disclosed
300253,Pandamic Pre-Workout Dragon's Blood,Sodium,mineral,2,2,TRUE,TRUE,Fully disclosed
300253,Pandamic Pre-Workout Dragon's Blood,Sodium Chloride,mineral,2,2,TRUE,TRUE,Fully disclosed
300253,Pandamic Pre-Workout Dragon's Blood,Synephrine Hydrochloride,non-nutrient/non-botanical,2,2,TRUE,TRUE,Fully disclosed
300253,Pandamic Pre-Workout Dragon's Blood,Vincamine,non-nutrient/non-botanical,2,2,TRUE,TRUE,Fully disclosed
300253,Pandamic Pre-Workout Dragon's Blood,ZumXR,non-nutrient/non-botanical,2,2,TRUE,TRUE,Fully disclosed
302100,ENGN Shred Pre-Workout Engine Shred Pink Lemonade,Agmatine Sulfate,non-nutrient/non-botanical,1,1,TRUE,TRUE,Fully disclosed
302100,ENGN Shred Pre-Workout Engine Shred Pink Lemonade,"Alpha-Glycerylphosphorylcholine, Powder",non-nutrient/non-botanical,1,1,TRUE,TRUE,Fully disclosed
302100,ENGN Shred Pre-Workout Engine Shred Pink Lemonade,Beta-Alanine,amino acid,1,1,TRUE,TRUE,Fully disclosed
302100,ENGN Shred Pre-Workout Engine Shred Pink Lemonade,Betaine Anhydrous,non-nutrient/non-botanical,1,1,TRUE,TRUE,Fully disclosed
302100,ENGN Shred Pre-Workout Engine Shred Pink Lemonade,"Caffeine, Natural",non-nutrient/non-botanical,1,1,FALSE,FALSE,Not disclosed
302100,ENGN Shred Pre-Workout Engine Shred Pink Lemonade,Capsimax,botanical,1,1,TRUE,TRUE,Fully disclosed
302100,ENGN Shred Pre-Workout Engine Shred Pink Lemonade,Choline,vitamin,1,1,TRUE,TRUE,Fully disclosed
302100,ENGN Shred Pre-Workout Engine Shred Pink Lemonade,Choline Bitartrate,vitamin,1,1,TRUE,TRUE,Fully disclosed
302100,ENGN Shred Pre-Workout Engine Shred Pink Lemonade,Club Moss Extract,botanical,1,1,TRUE,TRUE,Fully disclosed
302100,ENGN Shred Pre-Workout Engine Shred Pink Lemonade,Coleus Root Extract,botanical,1,1,TRUE,TRUE,Fully disclosed
302100,ENGN Shred Pre-Workout Engine Shred Pink Lemonade,"Conjugated Linoleic Acid, Powder",fatty acid,1,1,TRUE,TRUE,Fully disclosed
302100,ENGN Shred Pre-Workout Engine Shred Pink Lemonade,ENGN Energizers,blend,1,1,TRUE,TRUE,Fully disclosed
302100,ENGN Shred Pre-Workout Engine Shred Pink Lemonade,ENGN Mind-to-Muscle Matrix,blend,1,1,TRUE,TRUE,Fully disclosed
302100,ENGN Shred Pre-Workout Engine Shred Pink Lemonade,ENGN Shred Matrix,blend,1,1,FALSE,FALSE,Not disclosed
302100,ENGN Shred Pre-Workout Engine Shred Pink Lemonade,Folic Acid,vitamin,1,1,TRUE,TRUE,Fully disclosed
302100,ENGN Shred Pre-Workout Engine Shred Pink Lemonade,Green Tea Leaf Extract,botanical,1,1,FALSE,FALSE,Not disclosed
302100,ENGN Shred Pre-Workout Engine Shred Pink Lemonade,L-Carnitine L-Tartrate,non-nutrient/non-botanical,1,1,TRUE,TRUE,Fully disclosed
302100,ENGN Shred Pre-Workout Engine Shred Pink Lemonade,L-Tyrosine,amino acid,1,1,TRUE,TRUE,Fully disclosed
302100,ENGN Shred Pre-Workout Engine Shred Pink Lemonade,Niacin,vitamin,1,1,TRUE,TRUE,Fully disclosed
302100,ENGN Shred Pre-Workout Engine Shred Pink Lemonade,Vitamin B12,vitamin,1,1,TRUE,TRUE,Fully disclosed
302100,ENGN Shred Pre-Workout Engine Shred Pink Lemonade,Vitamin B6,vitamin,1,1,TRUE,TRUE,Fully disclosed
302100,ENGN Shred Pre-Workout Engine Shred Pink Lemonade,Yohimbe Bark Extract,botanical,1,1,TRUE,TRUE,Fully disclosed
303410,Bucked Up Pre-Workout Killa OJ,AlphaSize,non-nutrient/non-botanical,1,1,TRUE,TRUE,Fully disclosed
303410,Bucked Up Pre-Workout Killa OJ,AstraGin,blend,1,1,TRUE,TRUE,Fully disclosed
303410,Bucked Up Pre-Workout Killa OJ,Beta-Alanine,amino acid,1,1,TRUE,TRUE,Fully disclosed
303410,Bucked Up Pre-Workout Killa OJ,Caffeine Anhydrous,non-nutrient/non-botanical,1,1,TRUE,TRUE,Fully disclosed
303410,Bucked Up Pre-Workout Killa OJ,Citrulline Malate,non-nutrient/non-botanical,1,1,TRUE,TRUE,Fully disclosed
303410,Bucked Up Pre-Workout Killa OJ,Deer Antler Velvet Extract,animal part or source,1,1,TRUE,TRUE,Fully disclosed
303410,Bucked Up Pre-Workout Killa OJ,Himalayan Rock Salt,mineral,1,1,TRUE,TRUE,Fully disclosed
303410,Bucked Up Pre-Workout Killa OJ,Senactiv,blend,1,1,TRUE,TRUE,Fully disclosed
303410,Bucked Up Pre-Workout Killa OJ,Sodium,mineral,1,1,TRUE,TRUE,Fully disclosed
303410,Bucked Up Pre-Workout Killa OJ,Taurine,non-nutrient/non-botanical,1,1,TRUE,TRUE,Fully disclosed
303410,Bucked Up Pre-Workout Killa OJ,Vitamin B12,vitamin,1,1,TRUE,TRUE,Fully disclosed
303411,Bucked Up Pre-Workout Grape Gainz,AlphaSize,non-nutrient/non-botanical,1,1,TRUE,TRUE,Fully disclosed
303411,Bucked Up Pre-Workout Grape Gainz,AstraGin,blend,1,1,TRUE,TRUE,Fully disclosed
303411,Bucked Up Pre-Workout Grape Gainz,Beta-Alanine,amino acid,1,1,TRUE,TRUE,Fully disclosed
303411,Bucked Up Pre-Workout Grape Gainz,Caffeine Anhydrous,non-nutrient/non-botanical,1,1,TRUE,TRUE,Fully disclosed
303411,Bucked Up Pre-Workout Grape Gainz,Citrulline Malate,non-nutrient/non-botanical,1,1,TRUE,TRUE,Fully disclosed
303411,Bucked Up Pre-Workout Grape Gainz,Deer Antler Velvet Extract,animal part or source,1,1,TRUE,TRUE,Fully disclosed
303411,Bucked Up Pre-Workout Grape Gainz,Himalayan Rock Salt,mineral,1,1,TRUE,TRUE,Fully disclosed
303411,Bucked Up Pre-Workout Grape Gainz,Senactiv,blend,1,1,TRUE,TRUE,Fully disclosed
303411,Bucked Up Pre-Workout Grape Gainz,Sodium,mineral,1,1,TRUE,TRUE,Fully disclosed
303411,Bucked Up Pre-Workout Grape Gainz,Taurine,non-nutrient/non-botanical,1,1,TRUE,TRUE,Fully disclosed
303411,Bucked Up Pre-Workout Grape Gainz,Vitamin B12,vitamin,1,1,TRUE,TRUE,Fully disclosed
303521,Godzilla Pre-Workout Monsterberry Lime,Beta Alanine,amino acid,2,2,TRUE,TRUE,Fully disclosed
303521,Godzilla Pre-Workout Monsterberry Lime,Betaine Anhydrous,non-nutrient/non-botanical,2,2,TRUE,TRUE,Fully disclosed
303521,Godzilla Pre-Workout Monsterberry Lime,Caffeine Anhydrous,non-nutrient/non-botanical,2,2,TRUE,TRUE,Fully disclosed
303521,Godzilla Pre-Workout Monsterberry Lime,Choline,vitamin,2,2,TRUE,TRUE,Fully disclosed
303521,Godzilla Pre-Workout Monsterberry Lime,Choline Bitartrate,vitamin,2,2,TRUE,TRUE,Fully disclosed
303521,Godzilla Pre-Workout Monsterberry Lime,Creatine Monohydrate,non-nutrient/non-botanical,2,2,TRUE,TRUE,Fully disclosed
303521,Godzilla Pre-Workout Monsterberry Lime,L-Citrulline,amino acid,2,2,TRUE,TRUE,Fully disclosed
303521,Godzilla Pre-Workout Monsterberry Lime,NO3-T,non-nutrient/non-botanical,2,2,TRUE,TRUE,Fully disclosed
303521,Godzilla Pre-Workout Monsterberry Lime,Pink Himalayan Sea Salt,non-nutrient/non-botanical,2,2,TRUE,TRUE,Fully disclosed
303521,Godzilla Pre-Workout Monsterberry Lime,Potassium,mineral,2,2,TRUE,TRUE,Fully disclosed
303521,Godzilla Pre-Workout Monsterberry Lime,RYSE Pump Fuel,blend,2,2,TRUE,TRUE,Fully disclosed
303521,Godzilla Pre-Workout Monsterberry Lime,Sodium,mineral,2,2,TRUE,TRUE,Fully disclosed
303521,Godzilla Pre-Workout Monsterberry Lime,Theobromine,non-nutrient/non-botanical,2,2,TRUE,TRUE,Fully disclosed
303521,Godzilla Pre-Workout Monsterberry Lime,Thinkamine,TBD,2,2,TRUE,TRUE,Fully disclosed
303521,Godzilla Pre-Workout Monsterberry Lime,VasoDrive-AP,blend,2,2,TRUE,TRUE,Fully disclosed
303521,Godzilla Pre-Workout Monsterberry Lime,ZumXR Extended-Release Caffeine,non-nutrient/non-botanical,2,2,TRUE,TRUE,Fully disclosed
304068,Pre-Workout Raspberry Pomegranate,Beta-Alanine,amino acid,1,1,TRUE,TRUE,Fully disclosed
304068,Pre-Workout Raspberry Pomegranate,Betaine Anhydrous,non-nutrient/non-botanical,1,1,TRUE,TRUE,Fully disclosed
304068,Pre-Workout Raspberry Pomegranate,"Caffeine, Natural",non-nutrient/non-botanical,1,1,TRUE,TRUE,Fully disclosed
304068,Pre-Workout Raspberry Pomegranate,Creatine Monohydrate,non-nutrient/non-botanical,1,1,TRUE,TRUE,Fully disclosed
304068,Pre-Workout Raspberry Pomegranate,L-Citrulline Malate,non-nutrient/non-botanical,1,1,TRUE,TRUE,Fully disclosed
304368,Joker Extreme Pre-Workout Mango,Agmatine Sulfate,non-nutrient/non-botanical,1,1,FALSE,FALSE,Not disclosed
304368,Joker Extreme Pre-Workout Mango,Beta-Alanine,amino acid,1,1,FALSE,FALSE,Not disclosed
304368,Joker Extreme Pre-Workout Mango,Beta-Alanine L-Citrulline Malate 1:1,blend,1,1,FALSE,FALSE,Not disclosed
304368,Joker Extreme Pre-Workout Mango,Boron,mineral,1,1,TRUE,TRUE,Fully disclosed
304368,Joker Extreme Pre-Workout Mango,Caffeine Anhydrous,non-nutrient/non-botanical,1,1,FALSE,FALSE,Not disclosed
304368,Joker Extreme Pre-Workout Mango,D-Aspartic Acid,amino acid,1,1,FALSE,FALSE,Not disclosed
304368,Joker Extreme Pre-Workout Mango,Diindolylmethane,non-nutrient/non-botanical,1,1,FALSE,FALSE,Not disclosed
304368,Joker Extreme Pre-Workout Mango,Extreme Pre-Workout & Testosterone Boosting Blend,blend,1,1,TRUE,TRUE,Fully disclosed
304368,Joker Extreme Pre-Workout Mango,L-Citrulline Malate,non-nutrient/non-botanical,1,1,FALSE,FALSE,Not disclosed
304368,Joker Extreme Pre-Workout Mango,Ludicrous Blend,blend,1,1,TRUE,TRUE,Fully disclosed
304368,Joker Extreme Pre-Workout Mango,Magnesium,mineral,1,1,TRUE,TRUE,Fully disclosed
304368,Joker Extreme Pre-Workout Mango,Methyl-L-Tyramine Hydrochloride,non-nutrient/non-botanical,1,1,FALSE,FALSE,Not disclosed
304368,Joker Extreme Pre-Workout Mango,Octopamine HCl,non-nutrient/non-botanical,1,1,FALSE,FALSE,Not disclosed
304368,Joker Extreme Pre-Workout Mango,Rauwolfia vomitoria root extract,botanical,1,1,FALSE,FALSE,Not disclosed
304368,Joker Extreme Pre-Workout Mango,Theobromine,non-nutrient/non-botanical,1,1,FALSE,FALSE,Not disclosed
304368,Joker Extreme Pre-Workout Mango,Vitamin B12,vitamin,1,1,TRUE,TRUE,Fully disclosed
304368,Joker Extreme Pre-Workout Mango,Vitamin B3,vitamin,1,1,TRUE,TRUE,Fully disclosed
304368,Joker Extreme Pre-Workout Mango,Vitamin B6,vitamin,1,1,TRUE,TRUE,Fully disclosed
304368,Joker Extreme Pre-Workout Mango,Zinc,mineral,1,1,TRUE,TRUE,Fully disclosed
305073,Organic Pre-Workout Island Fusion Flavored,Caffeine,non-nutrient/non-botanical,1,1,TRUE,TRUE,Fully disclosed
305073,Organic Pre-Workout Island Fusion Flavored,Calcium,mineral,1,1,TRUE,TRUE,Fully disclosed
305073,Organic Pre-Workout Island Fusion Flavored,Cordyceps,botanical,1,1,TRUE,TRUE,Fully disclosed
305073,Organic Pre-Workout Island Fusion Flavored,Green Coffee Bean Extract,botanical,1,1,TRUE,TRUE,Fully disclosed
305073,Organic Pre-Workout Island Fusion Flavored,Guayusa Tea,botanical,1,1,TRUE,TRUE,Fully disclosed
305073,Organic Pre-Workout Island Fusion Flavored,Iron,mineral,1,1,TRUE,TRUE,Fully disclosed
305073,Organic Pre-Workout Island Fusion Flavored,Lion's Mane,botanical,1,1,TRUE,TRUE,Fully disclosed
305073,Organic Pre-Workout Island Fusion Flavored,Maca,botanical,1,1,TRUE,TRUE,Fully disclosed
305073,Organic Pre-Workout Island Fusion Flavored,Matcha Green Tea,botanical,1,1,TRUE,TRUE,Fully disclosed
305073,Organic Pre-Workout Island Fusion Flavored,Potassium,mineral,1,1,TRUE,TRUE,Fully disclosed
305073,Organic Pre-Workout Island Fusion Flavored,Red Beet,botanical,1,1,TRUE,TRUE,Fully disclosed
305073,Organic Pre-Workout Island Fusion Flavored,Red Reishi,botanical,1,1,TRUE,TRUE,Fully disclosed
305073,Organic Pre-Workout Island Fusion Flavored,Rhodiola rosea,botanical,1,1,TRUE,TRUE,Fully disclosed
305073,Organic Pre-Workout Island Fusion Flavored,Schizandra,botanical,1,1,TRUE,TRUE,Fully disclosed
305214,Ultimate Pre-Workout Blue Razz,AstraGin,blend,1,1,TRUE,TRUE,Fully disclosed
305214,Ultimate Pre-Workout Blue Razz,Beta-Alanine,amino acid,1,1,TRUE,TRUE,Fully disclosed
305214,Ultimate Pre-Workout Blue Razz,Caffeine Anhydrous,non-nutrient/non-botanical,1,1,TRUE,TRUE,Fully disclosed
305214,Ultimate Pre-Workout Blue Razz,Choline,vitamin,1,1,TRUE,TRUE,Fully disclosed
305214,Ultimate Pre-Workout Blue Razz,Citrulline Malate,non-nutrient/non-botanical,1,1,TRUE,TRUE,Fully disclosed
305214,Ultimate Pre-Workout Blue Razz,Dynamine,non-nutrient/non-botanical,1,1,TRUE,TRUE,Fully disclosed
305214,Ultimate Pre-Workout Blue Razz,Huperzine A,non-nutrient/non-botanical,1,1,TRUE,TRUE,Fully disclosed
305214,Ultimate Pre-Workout Blue Razz,L-Theanine,non-nutrient/non-botanical,1,1,TRUE,TRUE,Fully disclosed
305214,Ultimate Pre-Workout Blue Razz,L-Tyrosine,amino acid,1,1,TRUE,TRUE,Fully disclosed
305214,Ultimate Pre-Workout Blue Razz,Niacin,vitamin,1,1,TRUE,TRUE,Fully disclosed
305214,Ultimate Pre-Workout Blue Razz,Senactiv,blend,1,1,TRUE,TRUE,Fully disclosed
305214,Ultimate Pre-Workout Blue Razz,Sodium,mineral,1,1,TRUE,TRUE,Fully disclosed
305214,Ultimate Pre-Workout Blue Razz,Vitacholine,vitamin,1,1,TRUE,TRUE,Fully disclosed
305214,Ultimate Pre-Workout Blue Razz,Vitamin B12,vitamin,1,1,TRUE,TRUE,Fully disclosed
305214,Ultimate Pre-Workout Blue Razz,Zynamite,botanical,1,1,TRUE,TRUE,Fully disclosed
305215,Pre-Workout Tropical Candy,Caffeine Anhydrous,non-nutrient/non-botanical,1,1,TRUE,TRUE,Fully disclosed
305215,Pre-Workout Tropical Candy,CarnoSyn,amino acid,1,1,TRUE,TRUE,Fully disclosed
305215,Pre-Workout Tropical Candy,Citrulline Malate,non-nutrient/non-botanical,1,1,TRUE,TRUE,Fully disclosed
305215,Pre-Workout Tropical Candy,L-Dihydroxyphenylalanine,non-nutrient/non-botanical,1,1,TRUE,TRUE,Fully disclosed
305215,Pre-Workout Tropical Candy,Rhodiola root extract,botanical,1,1,TRUE,TRUE,Fully disclosed
306348,Woke AF Pre-Workout Buck Berry,AlphaSize,non-nutrient/non-botanical,1,1,TRUE,TRUE,Fully disclosed
306348,Woke AF Pre-Workout Buck Berry,AstraGin,blend,1,1,TRUE,TRUE,Fully disclosed
306348,Woke AF Pre-Workout Buck Berry,Beta-Alanine,amino acid,1,1,TRUE,TRUE,Fully disclosed
306348,Woke AF Pre-Workout Buck Berry,Caffeine Anhydrous,non-nutrient/non-botanical,1,1,TRUE,TRUE,Fully disclosed
306348,Woke AF Pre-Workout Buck Berry,Citrulline Malate,non-nutrient/non-botanical,1,1,TRUE,TRUE,Fully disclosed
306348,Woke AF Pre-Workout Buck Berry,Deer Antler Velvet Extract,animal part or source,1,1,TRUE,TRUE,Fully disclosed
306348,Woke AF Pre-Workout Buck Berry,Dendrobium,botanical,1,1,TRUE,TRUE,Fully disclosed
306348,Woke AF Pre-Workout Buck Berry,Himalayan Rock Salt,mineral,1,1,TRUE,TRUE,Fully disclosed
306348,Woke AF Pre-Workout Buck Berry,SenActiv,blend,1,1,TRUE,TRUE,Fully disclosed
306348,Woke AF Pre-Workout Buck Berry,Sodium,mineral,1,1,TRUE,TRUE,Fully disclosed
306348,Woke AF Pre-Workout Buck Berry,Synephrine Hydrochloride,non-nutrient/non-botanical,1,1,TRUE,TRUE,Fully disclosed
306348,Woke AF Pre-Workout Buck Berry,Taurine,non-nutrient/non-botanical,1,1,TRUE,TRUE,Fully disclosed
306348,Woke AF Pre-Workout Buck Berry,Vitamin B12,vitamin,1,1,TRUE,TRUE,Fully disclosed
306381,PRE Pre-Workout Complex Blue Raspberry,Agmatine Sulfate,non-nutrient/non-botanical,1,1,TRUE,TRUE,Fully disclosed
306381,PRE Pre-Workout Complex Blue Raspberry,Beta-Alanine,amino acid,1,1,TRUE,TRUE,Fully disclosed
306381,PRE Pre-Workout Complex Blue Raspberry,Caffeine Anhydrous,non-nutrient/non-botanical,1,1,TRUE,TRUE,Fully disclosed
306381,PRE Pre-Workout Complex Blue Raspberry,Huperzine A,non-nutrient/non-botanical,1,1,TRUE,TRUE,Fully disclosed
306381,PRE Pre-Workout Complex Blue Raspberry,L-Citrulline Malate,non-nutrient/non-botanical,1,1,TRUE,TRUE,Fully disclosed
306381,PRE Pre-Workout Complex Blue Raspberry,L-Theanine,non-nutrient/non-botanical,1,1,TRUE,TRUE,Fully disclosed
306381,PRE Pre-Workout Complex Blue Raspberry,L-Tyrosine,amino acid,1,1,TRUE,TRUE,Fully disclosed
306381,PRE Pre-Workout Complex Blue Raspberry,Niacin,vitamin,1,1,TRUE,TRUE,Fully disclosed
306381,PRE Pre-Workout Complex Blue Raspberry,Taurine,non-nutrient/non-botanical,1,1,TRUE,TRUE,Fully disclosed
306381,PRE Pre-Workout Complex Blue Raspberry,Theobromine,non-nutrient/non-botanical,1,1,TRUE,TRUE,Fully disclosed
306381,PRE Pre-Workout Complex Blue Raspberry,Thiamine,vitamin,1,1,TRUE,TRUE,Fully disclosed
306381,PRE Pre-Workout Complex Blue Raspberry,Vitamin B12,vitamin,1,1,TRUE,TRUE,Fully disclosed
306381,PRE Pre-Workout Complex Blue Raspberry,Vitamin B6,vitamin,1,1,TRUE,TRUE,Fully disclosed
306382,Pre-Workout Complex Blue Raspberry,Agmatine Sulfate,non-nutrient/non-botanical,1,1,TRUE,TRUE,Fully disclosed
306382,Pre-Workout Complex Blue Raspberry,Arginine Alpha-Ketoglutarate,non-nutrient/non-botanical,1,1,TRUE,TRUE,Fully disclosed
306382,Pre-Workout Complex Blue Raspberry,Beta-Alanine,amino acid,1,1,TRUE,TRUE,Fully disclosed
306382,Pre-Workout Complex Blue Raspberry,Betaine Anhydrous,non-nutrient/non-botanical,1,1,TRUE,TRUE,Fully disclosed
306382,Pre-Workout Complex Blue Raspberry,Caffeine Anhydrous,non-nutrient/non-botanical,1,1,TRUE,TRUE,Fully disclosed
306382,Pre-Workout Complex Blue Raspberry,Folate,vitamin,1,1,TRUE,TRUE,Fully disclosed
306382,Pre-Workout Complex Blue Raspberry,Huperzine A,non-nutrient/non-botanical,1,1,TRUE,TRUE,Fully disclosed
306382,Pre-Workout Complex Blue Raspberry,L-Citrulline Malate,non-nutrient/non-botanical,1,1,TRUE,TRUE,Fully disclosed
306382,Pre-Workout Complex Blue Raspberry,L-Norvaline,amino acid,1,1,TRUE,TRUE,Fully disclosed
306382,Pre-Workout Complex Blue Raspberry,L-Theanine,non-nutrient/non-botanical,1,1,TRUE,TRUE,Fully disclosed
306382,Pre-Workout Complex Blue Raspberry,N-Acetyl-L-Tyrosine,non-nutrient/non-botanical,1,1,TRUE,TRUE,Fully disclosed
306382,Pre-Workout Complex Blue Raspberry,Niacin,vitamin,1,1,TRUE,TRUE,Fully disclosed
306382,Pre-Workout Complex Blue Raspberry,Theobromine,non-nutrient/non-botanical,1,1,TRUE,TRUE,Fully disclosed
306382,Pre-Workout Complex Blue Raspberry,Thiamine,vitamin,1,1,TRUE,TRUE,Fully disclosed
306382,Pre-Workout Complex Blue Raspberry,Vitamin B12,vitamin,1,1,TRUE,TRUE,Fully disclosed
306382,Pre-Workout Complex Blue Raspberry,Vitamin B6,vitamin,1,1,TRUE,TRUE,Fully disclosed
308247,PRE Pre-Workout Complex Blue Raspberry,Agmatine Sulfate,non-nutrient/non-botanical,1,1,TRUE,TRUE,Fully disclosed
308247,PRE Pre-Workout Complex Blue Raspberry,Beta-Alanine,amino acid,1,1,TRUE,TRUE,Fully disclosed
308247,PRE Pre-Workout Complex Blue Raspberry,Caffeine Anhydrous,non-nutrient/non-botanical,1,1,TRUE,TRUE,Fully disclosed
308247,PRE Pre-Workout Complex Blue Raspberry,Huperzine A,non-nutrient/non-botanical,1,1,TRUE,TRUE,Fully disclosed
308247,PRE Pre-Workout Complex Blue Raspberry,L-Citrulline Malate,non-nutrient/non-botanical,1,1,TRUE,TRUE,Fully disclosed
308247,PRE Pre-Workout Complex Blue Raspberry,L-Theanine,non-nutrient/non-botanical,1,1,TRUE,TRUE,Fully disclosed
308247,PRE Pre-Workout Complex Blue Raspberry,L-Tyrosine,amino acid,1,1,TRUE,TRUE,Fully disclosed
308247,PRE Pre-Workout Complex Blue Raspberry,Niacin,vitamin,1,1,TRUE,TRUE,Fully disclosed
308247,PRE Pre-Workout Complex Blue Raspberry,Taurine,non-nutrient/non-botanical,1,1,TRUE,TRUE,Fully disclosed
308247,PRE Pre-Workout Complex Blue Raspberry,Theobromine,non-nutrient/non-botanical,1,1,TRUE,TRUE,Fully disclosed
308247,PRE Pre-Workout Complex Blue Raspberry,Thiamine,vitamin,1,1,TRUE,TRUE,Fully disclosed
308247,PRE Pre-Workout Complex Blue Raspberry,Vitamin B12,vitamin,1,1,TRUE,TRUE,Fully disclosed
308247,PRE Pre-Workout Complex Blue Raspberry,Vitamin B6,vitamin,1,1,TRUE,TRUE,Fully disclosed
308248,PRE Pre-Workout Complex Fruit Punch,Agmatine Sulfate,non-nutrient/non-botanical,1,1,TRUE,TRUE,Fully disclosed
308248,PRE Pre-Workout Complex Fruit Punch,Beta-Alanine,amino acid,1,1,TRUE,TRUE,Fully disclosed
308248,PRE Pre-Workout Complex Fruit Punch,Caffeine Anhydrous,non-nutrient/non-botanical,1,1,TRUE,TRUE,Fully disclosed
308248,PRE Pre-Workout Complex Fruit Punch,Huperzine A,non-nutrient/non-botanical,1,1,TRUE,TRUE,Fully disclosed
308248,PRE Pre-Workout Complex Fruit Punch,L-Citrulline Malate,non-nutrient/non-botanical,1,1,TRUE,TRUE,Fully disclosed
308248,PRE Pre-Workout Complex Fruit Punch,L-Theanine,non-nutrient/non-botanical,1,1,TRUE,TRUE,Fully disclosed
308248,PRE Pre-Workout Complex Fruit Punch,L-Tyrosine,amino acid,1,1,TRUE,TRUE,Fully disclosed
308248,PRE Pre-Workout Complex Fruit Punch,Niacin,vitamin,1,1,TRUE,TRUE,Fully disclosed
308248,PRE Pre-Workout Complex Fruit Punch,Taurine,non-nutrient/non-botanical,1,1,TRUE,TRUE,Fully disclosed
308248,PRE Pre-Workout Complex Fruit Punch,Theobromine,non-nutrient/non-botanical,1,1,TRUE,TRUE,Fully disclosed
308248,PRE Pre-Workout Complex Fruit Punch,Thiamine,vitamin,1,1,TRUE,TRUE,Fully disclosed
308248,PRE Pre-Workout Complex Fruit Punch,Vitamin B12,vitamin,1,1,TRUE,TRUE,Fully disclosed
308248,PRE Pre-Workout Complex Fruit Punch,Vitamin B6,vitamin,1,1,TRUE,TRUE,Fully disclosed
308249,PRE Pre-Workout Complex Grape,Agmatine Sulfate,non-nutrient/non-botanical,1,1,TRUE,TRUE,Fully disclosed
308249,PRE Pre-Workout Complex Grape,Beta-Alanine,amino acid,1,1,TRUE,TRUE,Fully disclosed
308249,PRE Pre-Workout Complex Grape,Caffeine Anhydrous,non-nutrient/non-botanical,1,1,TRUE,TRUE,Fully disclosed
308249,PRE Pre-Workout Complex Grape,Huperzine A,non-nutrient/non-botanical,1,1,TRUE,TRUE,Fully disclosed
308249,PRE Pre-Workout Complex Grape,L-Citrulline Malate,non-nutrient/non-botanical,1,1,TRUE,TRUE,Fully disclosed
308249,PRE Pre-Workout Complex Grape,L-Theanine,non-nutrient/non-botanical,1,1,TRUE,TRUE,Fully disclosed
308249,PRE Pre-Workout Complex Grape,L-Tyrosine,amino acid,1,1,TRUE,TRUE,Fully disclosed
308249,PRE Pre-Workout Complex Grape,Niacin,vitamin,1,1,TRUE,TRUE,Fully disclosed
308249,PRE Pre-Workout Complex Grape,Taurine,non-nutrient/non-botanical,1,1,TRUE,TRUE,Fully disclosed
308249,PRE Pre-Workout Complex Grape,Theobromine,non-nutrient/non-botanical,1,1,TRUE,TRUE,Fully disclosed
308249,PRE Pre-Workout Complex Grape,Thiamine,vitamin,1,1,TRUE,TRUE,Fully disclosed
308249,PRE Pre-Workout Complex Grape,Vitamin B12,vitamin,1,1,TRUE,TRUE,Fully disclosed
308249,PRE Pre-Workout Complex Grape,Vitamin B6,vitamin,1,1,TRUE,TRUE,Fully disclosed
308250,PRE Pre-Workout Complex Peach Mango,Agmatine Sulfate,non-nutrient/non-botanical,1,1,TRUE,TRUE,Fully disclosed
308250,PRE Pre-Workout Complex Peach Mango,Beta-Alanine,amino acid,1,1,TRUE,TRUE,Fully disclosed
308250,PRE Pre-Workout Complex Peach Mango,Caffeine Anhydrous,non-nutrient/non-botanical,1,1,TRUE,TRUE,Fully disclosed
308250,PRE Pre-Workout Complex Peach Mango,Huperzine A,non-nutrient/non-botanical,1,1,TRUE,TRUE,Fully disclosed
308250,PRE Pre-Workout Complex Peach Mango,L-Citrulline Malate,non-nutrient/non-botanical,1,1,TRUE,TRUE,Fully disclosed
308250,PRE Pre-Workout Complex Peach Mango,L-Theanine,non-nutrient/non-botanical,1,1,TRUE,TRUE,Fully disclosed
308250,PRE Pre-Workout Complex Peach Mango,L-Tyrosine,amino acid,1,1,TRUE,TRUE,Fully disclosed
308250,PRE Pre-Workout Complex Peach Mango,Niacin,vitamin,1,1,TRUE,TRUE,Fully disclosed
308250,PRE Pre-Workout Complex Peach Mango,Taurine,non-nutrient/non-botanical,1,1,TRUE,TRUE,Fully disclosed
308250,PRE Pre-Workout Complex Peach Mango,Theobromine,non-nutrient/non-botanical,1,1,TRUE,TRUE,Fully disclosed
308250,PRE Pre-Workout Complex Peach Mango,Thiamine,vitamin,1,1,TRUE,TRUE,Fully disclosed
308250,PRE Pre-Workout Complex Peach Mango,Vitamin B12,vitamin,1,1,TRUE,TRUE,Fully disclosed
308250,PRE Pre-Workout Complex Peach Mango,Vitamin B6,vitamin,1,1,TRUE,TRUE,Fully disclosed
308251,PRE Pre-Workout Complex Watermelon,Agmatine Sulfate,non-nutrient/non-botanical,1,1,TRUE,TRUE,Fully disclosed
308251,PRE Pre-Workout Complex Watermelon,Beta-Alanine,amino acid,1,1,TRUE,TRUE,Fully disclosed
308251,PRE Pre-Workout Complex Watermelon,Caffeine Anhydrous,non-nutrient/non-botanical,1,1,TRUE,TRUE,Fully disclosed
308251,PRE Pre-Workout Complex Watermelon,Huperzine A,non-nutrient/non-botanical,1,1,TRUE,TRUE,Fully disclosed
308251,PRE Pre-Workout Complex Watermelon,L-Citrulline Malate,non-nutrient/non-botanical,1,1,TRUE,TRUE,Fully disclosed
308251,PRE Pre-Workout Complex Watermelon,L-Theanine,non-nutrient/non-botanical,1,1,TRUE,TRUE,Fully disclosed
308251,PRE Pre-Workout Complex Watermelon,L-Tyrosine,amino acid,1,1,TRUE,TRUE,Fully disclosed
308251,PRE Pre-Workout Complex Watermelon,Niacin,vitamin,1,1,TRUE,TRUE,Fully disclosed
308251,PRE Pre-Workout Complex Watermelon,Taurine,non-nutrient/non-botanical,1,1,TRUE,TRUE,Fully disclosed
308251,PRE Pre-Workout Complex Watermelon,Theobromine,non-nutrient/non-botanical,1,1,TRUE,TRUE,Fully disclosed
308251,PRE Pre-Workout Complex Watermelon,Thiamine,vitamin,1,1,TRUE,TRUE,Fully disclosed
308251,PRE Pre-Workout Complex Watermelon,Vitamin B12,vitamin,1,1,TRUE,TRUE,Fully disclosed
308251,PRE Pre-Workout Complex Watermelon,Vitamin B6,vitamin,1,1,TRUE,TRUE,Fully disclosed
308428,Gold Standard Pre-Workout Blueberry Lemonade,Acetyl-L-Carnitine Hydrochloride,non-nutrient/non-botanical,1,1,TRUE,TRUE,Fully disclosed
308428,Gold Standard Pre-Workout Blueberry Lemonade,AstraGin,blend,1,1,TRUE,TRUE,Fully disclosed
308428,Gold Standard Pre-Workout Blueberry Lemonade,Caffeine,non-nutrient/non-botanical,1,1,TRUE,TRUE,Fully disclosed
308428,Gold Standard Pre-Workout Blueberry Lemonade,CarnoSyn,amino acid,1,1,TRUE,TRUE,Fully disclosed
308428,Gold Standard Pre-Workout Blueberry Lemonade,Citrus Bioflavonoids,non-nutrient/non-botanical,1,1,TRUE,TRUE,Fully disclosed
308428,Gold Standard Pre-Workout Blueberry Lemonade,Creapure,non-nutrient/non-botanical,1,1,TRUE,TRUE,Fully disclosed
308428,Gold Standard Pre-Workout Blueberry Lemonade,Energy & Focus Complex,blend,1,1,FALSE,FALSE,Not disclosed
308428,Gold Standard Pre-Workout Blueberry Lemonade,Folic Acid,vitamin,1,1,TRUE,TRUE,Fully disclosed
308428,Gold Standard Pre-Workout Blueberry Lemonade,"L-Citrulline, Micronized",amino acid,1,1,TRUE,TRUE,Fully disclosed
308428,Gold Standard Pre-Workout Blueberry Lemonade,Muscle Matrix,blend,1,1,FALSE,FALSE,Not disclosed
308428,Gold Standard Pre-Workout Blueberry Lemonade,N-Acetyl-L-Tyrosine,non-nutrient/non-botanical,1,1,TRUE,TRUE,Fully disclosed
308428,Gold Standard Pre-Workout Blueberry Lemonade,Niacin,vitamin,1,1,TRUE,TRUE,Fully disclosed
308428,Gold Standard Pre-Workout Blueberry Lemonade,Pantothenic Acid,vitamin,1,1,TRUE,TRUE,Fully disclosed
308428,Gold Standard Pre-Workout Blueberry Lemonade,Performance Composite,blend,1,1,FALSE,FALSE,Not disclosed
308428,Gold Standard Pre-Workout Blueberry Lemonade,Thiamine,vitamin,1,1,TRUE,TRUE,Fully disclosed
308428,Gold Standard Pre-Workout Blueberry Lemonade,Vitamin B12,vitamin,1,1,TRUE,TRUE,Fully disclosed
308428,Gold Standard Pre-Workout Blueberry Lemonade,Vitamin B6,vitamin,1,1,TRUE,TRUE,Fully disclosed
308428,Gold Standard Pre-Workout Blueberry Lemonade,Vitamin D,vitamin,1,1,TRUE,TRUE,Fully disclosed
309633,Zuum Pre-Workout Tiger's Blood,Biotin,vitamin,1,1,TRUE,TRUE,Fully disclosed
309633,Zuum Pre-Workout Tiger's Blood,"Caffeine, Natural",non-nutrient/non-botanical,1,1,TRUE,TRUE,Fully disclosed
309633,Zuum Pre-Workout Tiger's Blood,Chloride,mineral,1,1,TRUE,TRUE,Fully disclosed
309633,Zuum Pre-Workout Tiger's Blood,L-Theanine,non-nutrient/non-botanical,1,1,TRUE,TRUE,Fully disclosed
309633,Zuum Pre-Workout Tiger's Blood,Nitrosigine,non-nutrient/non-botanical,1,1,TRUE,TRUE,Fully disclosed
309633,Zuum Pre-Workout Tiger's Blood,NuLive Proprietary,blend,1,1,TRUE,TRUE,Fully disclosed
309633,Zuum Pre-Workout Tiger's Blood,Potassium,mineral,1,1,TRUE,TRUE,Fully disclosed
309633,Zuum Pre-Workout Tiger's Blood,Sodium,mineral,1,1,TRUE,TRUE,Fully disclosed
309633,Zuum Pre-Workout Tiger's Blood,Thiamine,vitamin,1,1,TRUE,TRUE,Fully disclosed
309634,Zuum Pre-Workout Wild Blueberry Acai,AstraGin,blend,1,1,TRUE,TRUE,Fully disclosed
309634,Zuum Pre-Workout Wild Blueberry Acai,Biotin,vitamin,1,1,TRUE,TRUE,Fully disclosed
309634,Zuum Pre-Workout Wild Blueberry Acai,Chloride,mineral,1,1,TRUE,TRUE,Fully disclosed
309634,Zuum Pre-Workout Wild Blueberry Acai,L-Theanine,non-nutrient/non-botanical,1,1,TRUE,TRUE,Fully disclosed
309634,Zuum Pre-Workout Wild Blueberry Acai,Nitrosigine,non-nutrient/non-botanical,1,1,TRUE,TRUE,Fully disclosed
309634,Zuum Pre-Workout Wild Blueberry Acai,Sodium,mineral,1,1,TRUE,TRUE,Fully disclosed
309634,Zuum Pre-Workout Wild Blueberry Acai,Thiamine,vitamin,1,1,TRUE,TRUE,Fully disclosed
309634,Zuum Pre-Workout Wild Blueberry Acai,VegiSurge,non-nutrient/non-botanical,1,1,TRUE,TRUE,Fully disclosed
309959,Preseries Lean Pre-Workout Tropical Punch,Acetyl-L-Carnitine Hydrochloride,non-nutrient/non-botanical,1,1,TRUE,TRUE,Fully disclosed
309959,Preseries Lean Pre-Workout Tropical Punch,Beta-Alanine,amino acid,1,1,TRUE,TRUE,Fully disclosed
309959,Preseries Lean Pre-Workout Tropical Punch,BetaPure,non-nutrient/non-botanical,1,1,TRUE,TRUE,Fully disclosed
309959,Preseries Lean Pre-Workout Tropical Punch,Bioperine,botanical,1,1,TRUE,TRUE,Fully disclosed
309959,Preseries Lean Pre-Workout Tropical Punch,Choline Bitartrate,vitamin,1,1,TRUE,TRUE,Fully disclosed
309959,Preseries Lean Pre-Workout Tropical Punch,Chromium,mineral,1,1,TRUE,TRUE,Fully disclosed
309959,Preseries Lean Pre-Workout Tropical Punch,Citrulline Malate,non-nutrient/non-botanical,1,1,TRUE,TRUE,Fully disclosed
309959,Preseries Lean Pre-Workout Tropical Punch,Copper,mineral,1,1,TRUE,TRUE,Fully disclosed
309959,Preseries Lean Pre-Workout Tropical Punch,Huperzine A,non-nutrient/non-botanical,1,1,TRUE,TRUE,Fully disclosed
309959,Preseries Lean Pre-Workout Tropical Punch,Iodine,mineral,1,1,TRUE,TRUE,Fully disclosed
309959,Preseries Lean Pre-Workout Tropical Punch,L-Theanine,non-nutrient/non-botanical,1,1,TRUE,TRUE,Fully disclosed
309959,Preseries Lean Pre-Workout Tropical Punch,PurCaf,non-nutrient/non-botanical,1,1,TRUE,TRUE,Fully disclosed
309959,Preseries Lean Pre-Workout Tropical Punch,Selenium,mineral,1,1,TRUE,TRUE,Fully disclosed
309959,Preseries Lean Pre-Workout Tropical Punch,Theobromine,non-nutrient/non-botanical,1,1,TRUE,TRUE,Fully disclosed
309959,Preseries Lean Pre-Workout Tropical Punch,Zinc,mineral,1,1,TRUE,TRUE,Fully disclosed
310076,Cutler Prevail Pre-Workout Primer Peach Mango,Alpha-Glycerylphosphorylcholine,non-nutrient/non-botanical,2,2,TRUE,TRUE,Fully disclosed
310076,Cutler Prevail Pre-Workout Primer Peach Mango,Caffeine Anhydrous,non-nutrient/non-botanical,2,2,TRUE,TRUE,Fully disclosed
310076,Cutler Prevail Pre-Workout Primer Peach Mango,Cocoa Seed Extract,botanical,2,2,TRUE,TRUE,Fully disclosed
310076,Cutler Prevail Pre-Workout Primer Peach Mango,Dicaffeine Malate,non-nutrient/non-botanical,2,2,TRUE,TRUE,Fully disclosed
310076,Cutler Prevail Pre-Workout Primer Peach Mango,Huperzine A,non-nutrient/non-botanical,2,2,TRUE,TRUE,Fully disclosed
310076,Cutler Prevail Pre-Workout Primer Peach Mango,L-Citrulline,amino acid,2,2,TRUE,TRUE,Fully disclosed
310076,Cutler Prevail Pre-Workout Primer Peach Mango,L-Theanine,non-nutrient/non-botanical,2,2,TRUE,TRUE,Fully disclosed
310076,Cutler Prevail Pre-Workout Primer Peach Mango,N-Acetyl L-Tyrosine,non-nutrient/non-botanical,2,2,TRUE,TRUE,Fully disclosed
310076,Cutler Prevail Pre-Workout Primer Peach Mango,NeuroFactor,botanical,2,2,TRUE,TRUE,Fully disclosed
310076,Cutler Prevail Pre-Workout Primer Peach Mango,Taurine,non-nutrient/non-botanical,2,2,TRUE,TRUE,Fully disclosed
310076,Cutler Prevail Pre-Workout Primer Peach Mango,Theobromine,non-nutrient/non-botanical,2,2,TRUE,TRUE,Fully disclosed
310077,Prevail Pre-Workout Primer Watermelon,Alpha-Glycerylphosphorylcholine,non-nutrient/non-botanical,2,2,TRUE,TRUE,Fully disclosed
310077,Prevail Pre-Workout Primer Watermelon,Caffeine Anhydrous,non-nutrient/non-botanical,2,2,TRUE,TRUE,Fully disclosed
310077,Prevail Pre-Workout Primer Watermelon,Cocoa Seed Extract,botanical,2,2,TRUE,TRUE,Fully disclosed
310077,Prevail Pre-Workout Primer Watermelon,Dicaffeine Malate,non-nutrient/non-botanical,2,2,TRUE,TRUE,Fully disclosed
310077,Prevail Pre-Workout Primer Watermelon,Huperzine A,non-nutrient/non-botanical,2,2,TRUE,TRUE,Fully disclosed
310077,Prevail Pre-Workout Primer Watermelon,L-Citrulline,amino acid,2,2,TRUE,TRUE,Fully disclosed
310077,Prevail Pre-Workout Primer Watermelon,L-Theanine,non-nutrient/non-botanical,2,2,TRUE,TRUE,Fully disclosed
310077,Prevail Pre-Workout Primer Watermelon,N-Acetyl L-Tyrosine,non-nutrient/non-botanical,2,2,TRUE,TRUE,Fully disclosed
310077,Prevail Pre-Workout Primer Watermelon,NeuroFactor,botanical,2,2,TRUE,TRUE,Fully disclosed
310077,Prevail Pre-Workout Primer Watermelon,Taurine,non-nutrient/non-botanical,2,2,TRUE,TRUE,Fully disclosed
310077,Prevail Pre-Workout Primer Watermelon,Theobromine,non-nutrient/non-botanical,2,2,TRUE,TRUE,Fully disclosed
310078,Prevail Pre-Workout Primer Rainbow Freeze,Alpha-Glycerylphosphorylcholine,non-nutrient/non-botanical,2,2,TRUE,TRUE,Fully disclosed
310078,Prevail Pre-Workout Primer Rainbow Freeze,Caffeine Anhydrous,non-nutrient/non-botanical,2,2,TRUE,TRUE,Fully disclosed
310078,Prevail Pre-Workout Primer Rainbow Freeze,Cocoa Seed Extract,botanical,2,2,TRUE,TRUE,Fully disclosed
310078,Prevail Pre-Workout Primer Rainbow Freeze,Dicaffeine Malate,non-nutrient/non-botanical,2,2,TRUE,TRUE,Fully disclosed
310078,Prevail Pre-Workout Primer Rainbow Freeze,Huperzine-A,non-nutrient/non-botanical,2,2,TRUE,TRUE,Fully disclosed
310078,Prevail Pre-Workout Primer Rainbow Freeze,L-Citrulline,amino acid,2,2,TRUE,TRUE,Fully disclosed
310078,Prevail Pre-Workout Primer Rainbow Freeze,L-Theanine,non-nutrient/non-botanical,2,2,TRUE,TRUE,Fully disclosed
310078,Prevail Pre-Workout Primer Rainbow Freeze,N-Acetyl L-Tyrosine,non-nutrient/non-botanical,2,2,TRUE,TRUE,Fully disclosed
310078,Prevail Pre-Workout Primer Rainbow Freeze,NeuroFactor,botanical,2,2,TRUE,TRUE,Fully disclosed
310078,Prevail Pre-Workout Primer Rainbow Freeze,Taurine,non-nutrient/non-botanical,2,2,TRUE,TRUE,Fully disclosed
310078,Prevail Pre-Workout Primer Rainbow Freeze,Theobromine,non-nutrient/non-botanical,2,2,TRUE,TRUE,Fully disclosed
310079,Prevail Pre-Workout Primer Sour Blue Straws,Alpha-Glycerylphosphorylcholine,non-nutrient/non-botanical,2,2,TRUE,TRUE,Fully disclosed
310079,Prevail Pre-Workout Primer Sour Blue Straws,Caffeine,non-nutrient/non-botanical,2,2,FALSE,FALSE,Not disclosed
310079,Prevail Pre-Workout Primer Sour Blue Straws,Caffeine Anhydrous,non-nutrient/non-botanical,2,2,TRUE,TRUE,Fully disclosed
310079,Prevail Pre-Workout Primer Sour Blue Straws,Cocoa Seed Extract,botanical,2,2,TRUE,TRUE,Fully disclosed
310079,Prevail Pre-Workout Primer Sour Blue Straws,Dicaffeine Malate,non-nutrient/non-botanical,2,2,TRUE,TRUE,Fully disclosed
310079,Prevail Pre-Workout Primer Sour Blue Straws,Huperzine A,non-nutrient/non-botanical,2,2,TRUE,TRUE,Fully disclosed
310079,Prevail Pre-Workout Primer Sour Blue Straws,L-Citrulline,amino acid,2,2,TRUE,TRUE,Fully disclosed
310079,Prevail Pre-Workout Primer Sour Blue Straws,L-Theanine,non-nutrient/non-botanical,2,2,TRUE,TRUE,Fully disclosed
310079,Prevail Pre-Workout Primer Sour Blue Straws,N-Acetyl-L-Tyrosine,non-nutrient/non-botanical,2,2,TRUE,TRUE,Fully disclosed
310079,Prevail Pre-Workout Primer Sour Blue Straws,NeuroFactor,botanical,2,2,TRUE,TRUE,Fully disclosed
310079,Prevail Pre-Workout Primer Sour Blue Straws,Taurine,non-nutrient/non-botanical,2,2,TRUE,TRUE,Fully disclosed
310079,Prevail Pre-Workout Primer Sour Blue Straws,Theobromine,non-nutrient/non-botanical,2,2,TRUE,TRUE,Fully disclosed
310080,Prevail Pre-Workout Primer Sour Lime Gummy Worm,Alpha-Glycerylphosphorylcholine,non-nutrient/non-botanical,2,2,TRUE,TRUE,Fully disclosed
310080,Prevail Pre-Workout Primer Sour Lime Gummy Worm,Caffeine Anhydrous,non-nutrient/non-botanical,2,2,TRUE,TRUE,Fully disclosed
310080,Prevail Pre-Workout Primer Sour Lime Gummy Worm,Cocoa Seed Extract,botanical,2,2,TRUE,TRUE,Fully disclosed
310080,Prevail Pre-Workout Primer Sour Lime Gummy Worm,Dicaffeine Malate,non-nutrient/non-botanical,2,2,TRUE,TRUE,Fully disclosed
310080,Prevail Pre-Workout Primer Sour Lime Gummy Worm,Huperzine A,non-nutrient/non-botanical,2,2,TRUE,TRUE,Fully disclosed
310080,Prevail Pre-Workout Primer Sour Lime Gummy Worm,L-Citrulline,amino acid,2,2,TRUE,TRUE,Fully disclosed
310080,Prevail Pre-Workout Primer Sour Lime Gummy Worm,L-Theanine,non-nutrient/non-botanical,2,2,TRUE,TRUE,Fully disclosed
310080,Prevail Pre-Workout Primer Sour Lime Gummy Worm,N-Acetyl-L-Tyrosine,non-nutrient/non-botanical,2,2,TRUE,TRUE,Fully disclosed
310080,Prevail Pre-Workout Primer Sour Lime Gummy Worm,NeuroFactor,botanical,2,2,TRUE,TRUE,Fully disclosed
310080,Prevail Pre-Workout Primer Sour Lime Gummy Worm,Taurine,non-nutrient/non-botanical,2,2,TRUE,TRUE,Fully disclosed
310080,Prevail Pre-Workout Primer Sour Lime Gummy Worm,Theobromine,non-nutrient/non-botanical,2,2,TRUE,TRUE,Fully disclosed
311801,PRE Pre-Workout Complex Fruit Punch,Agmatine Sulfate,non-nutrient/non-botanical,1,1,TRUE,TRUE,Fully disclosed
311801,PRE Pre-Workout Complex Fruit Punch,Beta-Alanine,amino acid,1,1,TRUE,TRUE,Fully disclosed
311801,PRE Pre-Workout Complex Fruit Punch,Caffeine Anhydrous,non-nutrient/non-botanical,1,1,TRUE,TRUE,Fully disclosed
311801,PRE Pre-Workout Complex Fruit Punch,Huperzine A,non-nutrient/non-botanical,1,1,TRUE,TRUE,Fully disclosed
311801,PRE Pre-Workout Complex Fruit Punch,L-Citrulline Malate,non-nutrient/non-botanical,1,1,TRUE,TRUE,Fully disclosed
311801,PRE Pre-Workout Complex Fruit Punch,L-Theanine,non-nutrient/non-botanical,1,1,TRUE,TRUE,Fully disclosed
311801,PRE Pre-Workout Complex Fruit Punch,L-Tyrosine,amino acid,1,1,TRUE,TRUE,Fully disclosed
311801,PRE Pre-Workout Complex Fruit Punch,Niacin,vitamin,1,1,TRUE,TRUE,Fully disclosed
311801,PRE Pre-Workout Complex Fruit Punch,Taurine,non-nutrient/non-botanical,1,1,TRUE,TRUE,Fully disclosed
311801,PRE Pre-Workout Complex Fruit Punch,Theobromine,non-nutrient/non-botanical,1,1,TRUE,TRUE,Fully disclosed
311801,PRE Pre-Workout Complex Fruit Punch,Thiamine,vitamin,1,1,TRUE,TRUE,Fully disclosed
311801,PRE Pre-Workout Complex Fruit Punch,Vitamin B12,vitamin,1,1,TRUE,TRUE,Fully disclosed
311801,PRE Pre-Workout Complex Fruit Punch,Vitamin B6,vitamin,1,1,TRUE,TRUE,Fully disclosed
311872,PRE Pre-Workout Complex Grape,Agmatine Sulfate,non-nutrient/non-botanical,1,1,TRUE,TRUE,Fully disclosed
311872,PRE Pre-Workout Complex Grape,Beta-Alanine,amino acid,1,1,TRUE,TRUE,Fully disclosed
311872,PRE Pre-Workout Complex Grape,Caffeine Anhydrous,non-nutrient/non-botanical,1,1,TRUE,TRUE,Fully disclosed
311872,PRE Pre-Workout Complex Grape,Huperzine A,non-nutrient/non-botanical,1,1,TRUE,TRUE,Fully disclosed
311872,PRE Pre-Workout Complex Grape,L-Citrulline Malate,non-nutrient/non-botanical,1,1,TRUE,TRUE,Fully disclosed
311872,PRE Pre-Workout Complex Grape,L-Theanine,non-nutrient/non-botanical,1,1,TRUE,TRUE,Fully disclosed
311872,PRE Pre-Workout Complex Grape,L-Tyrosine,amino acid,1,1,TRUE,TRUE,Fully disclosed
311872,PRE Pre-Workout Complex Grape,Niacin,vitamin,1,1,TRUE,TRUE,Fully disclosed
311872,PRE Pre-Workout Complex Grape,Taurine,non-nutrient/non-botanical,1,1,TRUE,TRUE,Fully disclosed
311872,PRE Pre-Workout Complex Grape,Theobromine,non-nutrient/non-botanical,1,1,TRUE,TRUE,Fully disclosed
311872,PRE Pre-Workout Complex Grape,Thiamine,vitamin,1,1,TRUE,TRUE,Fully disclosed
311872,PRE Pre-Workout Complex Grape,Vitamin B12,vitamin,1,1,TRUE,TRUE,Fully disclosed
311872,PRE Pre-Workout Complex Grape,Vitamin B6,vitamin,1,1,TRUE,TRUE,Fully disclosed
311873,PRE Pre-Workout Complex Peach Mango,Agmatine Sulfate,non-nutrient/non-botanical,1,1,TRUE,TRUE,Fully disclosed
311873,PRE Pre-Workout Complex Peach Mango,Beta-Alanine,amino acid,1,1,TRUE,TRUE,Fully disclosed
311873,PRE Pre-Workout Complex Peach Mango,Caffeine Anhydrous,non-nutrient/non-botanical,1,1,TRUE,TRUE,Fully disclosed
311873,PRE Pre-Workout Complex Peach Mango,Huperzine A,non-nutrient/non-botanical,1,1,TRUE,TRUE,Fully disclosed
311873,PRE Pre-Workout Complex Peach Mango,L-Citrulline Malate,non-nutrient/non-botanical,1,1,TRUE,TRUE,Fully disclosed
311873,PRE Pre-Workout Complex Peach Mango,L-Theanine,non-nutrient/non-botanical,1,1,TRUE,TRUE,Fully disclosed
311873,PRE Pre-Workout Complex Peach Mango,L-Tyrosine,amino acid,1,1,TRUE,TRUE,Fully disclosed
311873,PRE Pre-Workout Complex Peach Mango,Niacin,vitamin,1,1,TRUE,TRUE,Fully disclosed
311873,PRE Pre-Workout Complex Peach Mango,Taurine,non-nutrient/non-botanical,1,1,TRUE,TRUE,Fully disclosed
311873,PRE Pre-Workout Complex Peach Mango,Theobromine,non-nutrient/non-botanical,1,1,TRUE,TRUE,Fully disclosed
311873,PRE Pre-Workout Complex Peach Mango,Thiamine,vitamin,1,1,TRUE,TRUE,Fully disclosed
311873,PRE Pre-Workout Complex Peach Mango,Vitamin B12,vitamin,1,1,TRUE,TRUE,Fully disclosed
311873,PRE Pre-Workout Complex Peach Mango,Vitamin B6,vitamin,1,1,TRUE,TRUE,Fully disclosed
312628,Bucked Up Pre-Workout Blood Raz,AlphaSize,non-nutrient/non-botanical,1,1,TRUE,TRUE,Fully disclosed
312628,Bucked Up Pre-Workout Blood Raz,AstraGin,blend,1,1,TRUE,TRUE,Fully disclosed
312628,Bucked Up Pre-Workout Blood Raz,Beta-Alanine,amino acid,1,1,TRUE,TRUE,Fully disclosed
312628,Bucked Up Pre-Workout Blood Raz,Caffeine Anhydrous,non-nutrient/non-botanical,1,1,TRUE,TRUE,Fully disclosed
312628,Bucked Up Pre-Workout Blood Raz,Citrulline Malate,non-nutrient/non-botanical,1,1,TRUE,TRUE,Fully disclosed
312628,Bucked Up Pre-Workout Blood Raz,Deer Antler Velvet Extract,animal part or source,1,1,TRUE,TRUE,Fully disclosed
312628,Bucked Up Pre-Workout Blood Raz,Himalayan Rock Salt,non-nutrient/non-botanical,1,1,TRUE,TRUE,Fully disclosed
312628,Bucked Up Pre-Workout Blood Raz,Senactiv,blend,1,1,TRUE,TRUE,Fully disclosed
312628,Bucked Up Pre-Workout Blood Raz,Sodium,mineral,1,1,TRUE,TRUE,Fully disclosed
312628,Bucked Up Pre-Workout Blood Raz,Taurine,non-nutrient/non-botanical,1,1,TRUE,TRUE,Fully disclosed
312628,Bucked Up Pre-Workout Blood Raz,Vitamin B12,vitamin,1,1,TRUE,TRUE,Fully disclosed
313041,Violence Pre-Workout Brutal Blood Orange,Alpha-GPC,non-nutrient/non-botanical,1,1,TRUE,TRUE,Fully disclosed
313041,Violence Pre-Workout Brutal Blood Orange,Beta-Alanine,amino acid,1,1,TRUE,TRUE,Fully disclosed
313041,Violence Pre-Workout Brutal Blood Orange,Betaine Anhydrous,non-nutrient/non-botanical,1,1,TRUE,TRUE,Fully disclosed
313041,Violence Pre-Workout Brutal Blood Orange,Bioperine,botanical,1,1,TRUE,TRUE,Fully disclosed
313041,Violence Pre-Workout Brutal Blood Orange,Caffeine Anhydrous,non-nutrient/non-botanical,1,1,TRUE,TRUE,Fully disclosed
313041,Violence Pre-Workout Brutal Blood Orange,Citrulline Malate,non-nutrient/non-botanical,1,1,TRUE,TRUE,Fully disclosed
313041,Violence Pre-Workout Brutal Blood Orange,KSM-66,botanical,1,1,TRUE,TRUE,Fully disclosed
313041,Violence Pre-Workout Brutal Blood Orange,L-Theanine,non-nutrient/non-botanical,1,1,TRUE,TRUE,Fully disclosed
313041,Violence Pre-Workout Brutal Blood Orange,Rhodiola Root Extract,botanical,1,1,TRUE,TRUE,Fully disclosed
313041,Violence Pre-Workout Brutal Blood Orange,Vitamin C,vitamin,1,1,TRUE,TRUE,Fully disclosed
313189,Thuper Thavage Pre-Workout White Cherry,Agmatine Sulfate,non-nutrient/non-botanical,1,1,TRUE,TRUE,Fully disclosed
313189,Thuper Thavage Pre-Workout White Cherry,Alpha-Glycerylphosphorylcholine,non-nutrient/non-botanical,1,1,TRUE,TRUE,Fully disclosed
313189,Thuper Thavage Pre-Workout White Cherry,Beta-Alanine,amino acid,1,1,TRUE,TRUE,Fully disclosed
313189,Thuper Thavage Pre-Workout White Cherry,Caffeine Anhydrous,non-nutrient/non-botanical,1,1,TRUE,TRUE,Fully disclosed
313189,Thuper Thavage Pre-Workout White Cherry,Creatine Monohydrate,non-nutrient/non-botanical,1,1,TRUE,TRUE,Fully disclosed
313189,Thuper Thavage Pre-Workout White Cherry,Himalayan Pink Salt,mineral,1,1,TRUE,TRUE,Fully disclosed
313189,Thuper Thavage Pre-Workout White Cherry,Juniper Berry Extract,botanical,1,1,TRUE,TRUE,Fully disclosed
313189,Thuper Thavage Pre-Workout White Cherry,L-Citrulline,amino acid,1,1,TRUE,TRUE,Fully disclosed
313189,Thuper Thavage Pre-Workout White Cherry,L-Theanine,non-nutrient/non-botanical,1,1,TRUE,TRUE,Fully disclosed
313189,Thuper Thavage Pre-Workout White Cherry,NO3-T,non-nutrient/non-botanical,1,1,TRUE,TRUE,Fully disclosed
313189,Thuper Thavage Pre-Workout White Cherry,PeakO2,blend,1,1,TRUE,TRUE,Fully disclosed
313189,Thuper Thavage Pre-Workout White Cherry,Rauwolfia Root Extract,botanical,1,1,TRUE,TRUE,Fully disclosed
313189,Thuper Thavage Pre-Workout White Cherry,Sodium,mineral,1,1,TRUE,TRUE,Fully disclosed
313189,Thuper Thavage Pre-Workout White Cherry,Taurine,non-nutrient/non-botanical,1,1,TRUE,TRUE,Fully disclosed
313189,Thuper Thavage Pre-Workout White Cherry,Theobromine,non-nutrient/non-botanical,1,1,TRUE,TRUE,Fully disclosed
31485,Volt Pre-Workout Electric Punch,Agmatine Sulfate,non-nutrient/non-botanical,1,1,FALSE,FALSE,Not disclosed
31485,Volt Pre-Workout Electric Punch,Beta-Alanine,amino acid,1,1,FALSE,FALSE,Not disclosed
31485,Volt Pre-Workout Electric Punch,Caffeine Anhydrous,non-nutrient/non-botanical,1,1,FALSE,FALSE,Not disclosed
31485,Volt Pre-Workout Electric Punch,Calcium,mineral,1,1,TRUE,TRUE,Fully disclosed
31485,Volt Pre-Workout Electric Punch,Electric Energy Blend,blend,1,1,TRUE,TRUE,Fully disclosed
31485,Volt Pre-Workout Electric Punch,L-Citrulline,amino acid,1,1,FALSE,FALSE,Not disclosed
31485,Volt Pre-Workout Electric Punch,Nicotinamide Adenine Dinucleotide Hydride,non-nutrient/non-botanical,1,1,FALSE,FALSE,Not disclosed
31485,Volt Pre-Workout Electric Punch,Olive leaf extract,botanical,1,1,FALSE,FALSE,Not disclosed
31485,Volt Pre-Workout Electric Punch,Rauwolfia root extract,botanical,1,1,FALSE,FALSE,Not disclosed
31485,Volt Pre-Workout Electric Punch,Rhodiola rosea root extract,botanical,1,1,FALSE,FALSE,Not disclosed
31485,Volt Pre-Workout Electric Punch,Sugar,sugar,1,1,FALSE,FALSE,Not disclosed
31485,Volt Pre-Workout Electric Punch,Volt(TM) Performance Matrix,blend,1,1,TRUE,TRUE,Fully disclosed
314860,Natural Pre-Workout Green Apple,Beta-Alanine,amino acid,1,1,TRUE,TRUE,Fully disclosed
314860,Natural Pre-Workout Green Apple,Caffeine Anhydrous,non-nutrient/non-botanical,1,1,TRUE,TRUE,Fully disclosed
314860,Natural Pre-Workout Green Apple,Creatine Monohydrate,non-nutrient/non-botanical,1,1,TRUE,TRUE,Fully disclosed
314860,Natural Pre-Workout Green Apple,Folate,vitamin,1,1,TRUE,TRUE,Fully disclosed
314860,Natural Pre-Workout Green Apple,L-Arginine,amino acid,1,1,TRUE,TRUE,Fully disclosed
314860,Natural Pre-Workout Green Apple,L-Tyrosine,amino acid,1,1,TRUE,TRUE,Fully disclosed
314860,Natural Pre-Workout Green Apple,Niacin,vitamin,1,1,TRUE,TRUE,Fully disclosed
314860,Natural Pre-Workout Green Apple,Taurine,non-nutrient/non-botanical,1,1,TRUE,TRUE,Fully disclosed
314860,Natural Pre-Workout Green Apple,Vitamin B12,vitamin,1,1,TRUE,TRUE,Fully disclosed
314860,Natural Pre-Workout Green Apple,Vitamin B6,vitamin,1,1,TRUE,TRUE,Fully disclosed
314860,Natural Pre-Workout Green Apple,Vitamin C,vitamin,1,1,TRUE,TRUE,Fully disclosed
31491,Volt Pre-Workout Berry Pomegranate,Agmatine Sulfate,non-nutrient/non-botanical,1,1,FALSE,FALSE,Not disclosed
31491,Volt Pre-Workout Berry Pomegranate,Beta-Alanine,amino acid,1,1,FALSE,FALSE,Not disclosed
31491,Volt Pre-Workout Berry Pomegranate,Caffeine Anhydrous,non-nutrient/non-botanical,1,1,FALSE,FALSE,Not disclosed
31491,Volt Pre-Workout Berry Pomegranate,Calcium,mineral,1,1,TRUE,TRUE,Fully disclosed
31491,Volt Pre-Workout Berry Pomegranate,Electric Energy Blend,blend,1,1,TRUE,TRUE,Fully disclosed
31491,Volt Pre-Workout Berry Pomegranate,L-Citrulline,amino acid,1,1,FALSE,FALSE,Not disclosed
31491,Volt Pre-Workout Berry Pomegranate,Nicotinamide Adenine Dinucleotide Hydride,non-nutrient/non-botanical,1,1,FALSE,FALSE,Not disclosed
31491,Volt Pre-Workout Berry Pomegranate,Olive leaf extract,botanical,1,1,FALSE,FALSE,Not disclosed
31491,Volt Pre-Workout Berry Pomegranate,Rauwolfia root extract,botanical,1,1,FALSE,FALSE,Not disclosed
31491,Volt Pre-Workout Berry Pomegranate,Rhodiola rosea root extract,botanical,1,1,FALSE,FALSE,Not disclosed
31491,Volt Pre-Workout Berry Pomegranate,Sugar,sugar,1,1,FALSE,FALSE,Not disclosed
31491,Volt Pre-Workout Berry Pomegranate,Volt(TM) Performance Matrix,blend,1,1,TRUE,TRUE,Fully disclosed
314974,Pre Workout Grape Flavor,Beta-Alanine,amino acid,1,1,FALSE,FALSE,Not disclosed
314974,Pre Workout Grape Flavor,Caffeine Anhydrous,non-nutrient/non-botanical,1,1,FALSE,FALSE,Not disclosed
314974,Pre Workout Grape Flavor,Cocoa Bean Extract,botanical,1,1,FALSE,FALSE,Not disclosed
314974,Pre Workout Grape Flavor,Creatine Malate,non-nutrient/non-botanical,1,1,FALSE,FALSE,Not disclosed
314974,Pre Workout Grape Flavor,Creatine Monohydrate,non-nutrient/non-botanical,1,1,FALSE,FALSE,Not disclosed
314974,Pre Workout Grape Flavor,Disodium Phosphate,mineral,1,1,FALSE,FALSE,Not disclosed
314974,Pre Workout Grape Flavor,Energy Blend,blend,1,1,TRUE,TRUE,Fully disclosed
314974,Pre Workout Grape Flavor,Green Tea Leaf Extract,botanical,1,1,FALSE,FALSE,Not disclosed
314974,Pre Workout Grape Flavor,L-Arginine,amino acid,1,1,FALSE,FALSE,Not disclosed
314974,Pre Workout Grape Flavor,L-Arginine Alpha-Ketoglutarate,non-nutrient/non-botanical,1,1,FALSE,FALSE,Not disclosed
314974,Pre Workout Grape Flavor,L-Citrulline Malate,non-nutrient/non-botanical,1,1,FALSE,FALSE,Not disclosed
314974,Pre Workout Grape Flavor,L-Isoleucine,amino acid,1,1,FALSE,FALSE,Not disclosed
314974,Pre Workout Grape Flavor,L-Leucine,amino acid,1,1,FALSE,FALSE,Not disclosed
314974,Pre Workout Grape Flavor,L-Lysine Hydrochloride,amino acid,1,1,FALSE,FALSE,Not disclosed
314974,Pre Workout Grape Flavor,L-Taurine,non-nutrient/non-botanical,1,1,FALSE,FALSE,Not disclosed
314974,Pre Workout Grape Flavor,L-Tyrosine,amino acid,1,1,FALSE,FALSE,Not disclosed
314974,Pre Workout Grape Flavor,L-Valine,amino acid,1,1,FALSE,FALSE,Not disclosed
314974,Pre Workout Grape Flavor,Muscle Pump Blend,blend,1,1,TRUE,TRUE,Fully disclosed
314974,Pre Workout Grape Flavor,Nitric Oxide Blend,blend,1,1,TRUE,TRUE,Fully disclosed
314974,Pre Workout Grape Flavor,Potassium,mineral,1,1,TRUE,TRUE,Fully disclosed
314974,Pre Workout Grape Flavor,Vitamin C,vitamin,1,1,TRUE,TRUE,Fully disclosed
314976,Pre Workout Lemon Flavor,Beta-Alanine,amino acid,1,1,FALSE,FALSE,Not disclosed
314976,Pre Workout Lemon Flavor,Caffeine Anhydrous,non-nutrient/non-botanical,1,1,FALSE,FALSE,Not disclosed
314976,Pre Workout Lemon Flavor,Cocoa Bean Extract,botanical,1,1,FALSE,FALSE,Not disclosed
314976,Pre Workout Lemon Flavor,Creatine Malate,non-nutrient/non-botanical,1,1,FALSE,FALSE,Not disclosed
314976,Pre Workout Lemon Flavor,Creatine Monohydrate,non-nutrient/non-botanical,1,1,FALSE,FALSE,Not disclosed
314976,Pre Workout Lemon Flavor,Disodium Phosphate,mineral,1,1,FALSE,FALSE,Not disclosed
314976,Pre Workout Lemon Flavor,Energy Blend,blend,1,1,TRUE,TRUE,Fully disclosed
314976,Pre Workout Lemon Flavor,Green Tea Leaf Extract,botanical,1,1,FALSE,FALSE,Not disclosed
314976,Pre Workout Lemon Flavor,L-Arginine,amino acid,1,1,FALSE,FALSE,Not disclosed
314976,Pre Workout Lemon Flavor,L-Arginine Alpha-Ketoglutarate,non-nutrient/non-botanical,1,1,FALSE,FALSE,Not disclosed
314976,Pre Workout Lemon Flavor,L-Citrulline Malate,non-nutrient/non-botanical,1,1,FALSE,FALSE,Not disclosed
314976,Pre Workout Lemon Flavor,L-Isoleucine,amino acid,1,1,FALSE,FALSE,Not disclosed
314976,Pre Workout Lemon Flavor,L-Leucine,amino acid,1,1,FALSE,FALSE,Not disclosed
314976,Pre Workout Lemon Flavor,L-Lysine Hydrochloride,amino acid,1,1,FALSE,FALSE,Not disclosed
314976,Pre Workout Lemon Flavor,L-Taurine,non-nutrient/non-botanical,1,1,FALSE,FALSE,Not disclosed
314976,Pre Workout Lemon Flavor,L-Tyrosine,amino acid,1,1,FALSE,FALSE,Not disclosed
314976,Pre Workout Lemon Flavor,L-Valine,amino acid,1,1,FALSE,FALSE,Not disclosed
314976,Pre Workout Lemon Flavor,Muscle Pump Blend,blend,1,1,TRUE,TRUE,Fully disclosed
314976,Pre Workout Lemon Flavor,Nitric Oxide Blend,blend,1,1,TRUE,TRUE,Fully disclosed
314976,Pre Workout Lemon Flavor,Potassium,mineral,1,1,TRUE,TRUE,Fully disclosed
314976,Pre Workout Lemon Flavor,Vitamin C,vitamin,1,1,TRUE,TRUE,Fully disclosed
314977,Pre Workout Strawberry Kiwi Flavor,Beta-Alanine,amino acid,1,1,FALSE,FALSE,Not disclosed
314977,Pre Workout Strawberry Kiwi Flavor,Caffeine Anhydrous,non-nutrient/non-botanical,1,1,FALSE,FALSE,Not disclosed
314977,Pre Workout Strawberry Kiwi Flavor,Cocoa Bean Extract,botanical,1,1,FALSE,FALSE,Not disclosed
314977,Pre Workout Strawberry Kiwi Flavor,Creatine Malate,non-nutrient/non-botanical,1,1,FALSE,FALSE,Not disclosed
314977,Pre Workout Strawberry Kiwi Flavor,Creatine Monohydrate,non-nutrient/non-botanical,1,1,FALSE,FALSE,Not disclosed
314977,Pre Workout Strawberry Kiwi Flavor,Disodium Phosphate,mineral,1,1,FALSE,FALSE,Not disclosed
314977,Pre Workout Strawberry Kiwi Flavor,Energy Blend,blend,1,1,TRUE,TRUE,Fully disclosed
314977,Pre Workout Strawberry Kiwi Flavor,Green Tea Leaf Extract,botanical,1,1,FALSE,FALSE,Not disclosed
314977,Pre Workout Strawberry Kiwi Flavor,L-Arginine,amino acid,1,1,FALSE,FALSE,Not disclosed
314977,Pre Workout Strawberry Kiwi Flavor,L-Arginine Alpha-Ketoglutarate,non-nutrient/non-botanical,1,1,FALSE,FALSE,Not disclosed
314977,Pre Workout Strawberry Kiwi Flavor,L-Citrulline Malate,non-nutrient/non-botanical,1,1,FALSE,FALSE,Not disclosed
314977,Pre Workout Strawberry Kiwi Flavor,L-Isoleucine,amino acid,1,1,FALSE,FALSE,Not disclosed
314977,Pre Workout Strawberry Kiwi Flavor,L-Leucine,amino acid,1,1,FALSE,FALSE,Not disclosed
314977,Pre Workout Strawberry Kiwi Flavor,L-Lysine Hydrochloride,amino acid,1,1,FALSE,FALSE,Not disclosed
314977,Pre Workout Strawberry Kiwi Flavor,L-Taurine,non-nutrient/non-botanical,1,1,FALSE,FALSE,Not disclosed
314977,Pre Workout Strawberry Kiwi Flavor,L-Tyrosine,amino acid,1,1,FALSE,FALSE,Not disclosed
314977,Pre Workout Strawberry Kiwi Flavor,L-Valine,amino acid,1,1,FALSE,FALSE,Not disclosed
314977,Pre Workout Strawberry Kiwi Flavor,Muscle Pump Blend,blend,1,1,TRUE,TRUE,Fully disclosed
314977,Pre Workout Strawberry Kiwi Flavor,Nitric Oxide Blend,blend,1,1,TRUE,TRUE,Fully disclosed
314977,Pre Workout Strawberry Kiwi Flavor,Potassium,mineral,1,1,TRUE,TRUE,Fully disclosed
314977,Pre Workout Strawberry Kiwi Flavor,Vitamin C,vitamin,1,1,TRUE,TRUE,Fully disclosed
314981,Pre Workout Strawberry Kiwi Flavor,Beta-Alanine,amino acid,1,1,FALSE,FALSE,Not disclosed
314981,Pre Workout Strawberry Kiwi Flavor,Caffeine Anhydrous,non-nutrient/non-botanical,1,1,FALSE,FALSE,Not disclosed
314981,Pre Workout Strawberry Kiwi Flavor,Cocoa Bean Extract,botanical,1,1,FALSE,FALSE,Not disclosed
314981,Pre Workout Strawberry Kiwi Flavor,Creatine Malate,non-nutrient/non-botanical,1,1,FALSE,FALSE,Not disclosed
314981,Pre Workout Strawberry Kiwi Flavor,Creatine Monohydrate,non-nutrient/non-botanical,1,1,FALSE,FALSE,Not disclosed
314981,Pre Workout Strawberry Kiwi Flavor,Disodium Phosphate,mineral,1,1,FALSE,FALSE,Not disclosed
314981,Pre Workout Strawberry Kiwi Flavor,Energy Blend,blend,1,1,TRUE,TRUE,Fully disclosed
314981,Pre Workout Strawberry Kiwi Flavor,Green Tea Leaf Extract,botanical,1,1,FALSE,FALSE,Not disclosed
314981,Pre Workout Strawberry Kiwi Flavor,L-Arginine,amino acid,1,1,FALSE,FALSE,Not disclosed
314981,Pre Workout Strawberry Kiwi Flavor,L-Arginine Alpha-Ketoglutarate,non-nutrient/non-botanical,1,1,FALSE,FALSE,Not disclosed
314981,Pre Workout Strawberry Kiwi Flavor,L-Citrulline Malate,non-nutrient/non-botanical,1,1,FALSE,FALSE,Not disclosed
314981,Pre Workout Strawberry Kiwi Flavor,L-Isoleucine,amino acid,1,1,FALSE,FALSE,Not disclosed
314981,Pre Workout Strawberry Kiwi Flavor,L-Leucine,amino acid,1,1,FALSE,FALSE,Not disclosed
314981,Pre Workout Strawberry Kiwi Flavor,L-Lysine Hydrochloride,amino acid,1,1,FALSE,FALSE,Not disclosed
314981,Pre Workout Strawberry Kiwi Flavor,L-Taurine,non-nutrient/non-botanical,1,1,FALSE,FALSE,Not disclosed
314981,Pre Workout Strawberry Kiwi Flavor,L-Tyrosine,amino acid,1,1,FALSE,FALSE,Not disclosed
314981,Pre Workout Strawberry Kiwi Flavor,L-Valine,amino acid,1,1,FALSE,FALSE,Not disclosed
314981,Pre Workout Strawberry Kiwi Flavor,Muscle Pump Blend,blend,1,1,TRUE,TRUE,Fully disclosed
314981,Pre Workout Strawberry Kiwi Flavor,Nitric Oxide Blend,blend,1,1,TRUE,TRUE,Fully disclosed
314981,Pre Workout Strawberry Kiwi Flavor,Potassium,mineral,1,1,TRUE,TRUE,Fully disclosed
314981,Pre Workout Strawberry Kiwi Flavor,Vitamin C,vitamin,1,1,TRUE,TRUE,Fully disclosed
315155,Pre-Workout Hawaiian Shaved Ice,Beta-Alanine,amino acid,1,1,TRUE,TRUE,Fully disclosed
315155,Pre-Workout Hawaiian Shaved Ice,Caffeine,non-nutrient/non-botanical,1,1,TRUE,TRUE,Fully disclosed
315155,Pre-Workout Hawaiian Shaved Ice,L-Citrulline Malate,non-nutrient/non-botanical,1,1,TRUE,TRUE,Fully disclosed
315155,Pre-Workout Hawaiian Shaved Ice,L-Theanine,non-nutrient/non-botanical,1,1,TRUE,TRUE,Fully disclosed
315155,Pre-Workout Hawaiian Shaved Ice,L-Tyrosine,amino acid,1,1,TRUE,TRUE,Fully disclosed
315155,Pre-Workout Hawaiian Shaved Ice,Sodium,mineral,1,1,TRUE,TRUE,Fully disclosed
315564,Essential Pre-Workout Orange,Beta-Alanine,amino acid,1,1,TRUE,TRUE,Fully disclosed
315564,Essential Pre-Workout Orange,"Caffeine, Natural",non-nutrient/non-botanical,1,1,TRUE,TRUE,Fully disclosed
315564,Essential Pre-Workout Orange,Himalayan Pink Salt,mineral,1,1,TRUE,TRUE,Fully disclosed
315564,Essential Pre-Workout Orange,L-Citrulline,amino acid,1,1,TRUE,TRUE,Fully disclosed
315564,Essential Pre-Workout Orange,L-Tyrosine,amino acid,1,1,TRUE,TRUE,Fully disclosed
315564,Essential Pre-Workout Orange,Sodium,mineral,1,1,TRUE,TRUE,Fully disclosed
315564,Essential Pre-Workout Orange,Taurine,non-nutrient/non-botanical,1,1,TRUE,TRUE,Fully disclosed
315564,Essential Pre-Workout Orange,Vitamin B12,vitamin,1,1,TRUE,TRUE,Fully disclosed
316362,Natural Pre-Workout Pink Lemonade,Beta-Alanine,amino acid,1,1,TRUE,TRUE,Fully disclosed
316362,Natural Pre-Workout Pink Lemonade,Caffeine Anhydrous,non-nutrient/non-botanical,1,1,TRUE,TRUE,Fully disclosed
316362,Natural Pre-Workout Pink Lemonade,Creatine Monohydrate,non-nutrient/non-botanical,1,1,TRUE,TRUE,Fully disclosed
316362,Natural Pre-Workout Pink Lemonade,Folate,vitamin,1,1,TRUE,TRUE,Fully disclosed
316362,Natural Pre-Workout Pink Lemonade,L-Arginine Alpha-Ketoglutarate,non-nutrient/non-botanical,1,1,TRUE,TRUE,Fully disclosed
316362,Natural Pre-Workout Pink Lemonade,L-Tyrosine,amino acid,1,1,TRUE,TRUE,Fully disclosed
316362,Natural Pre-Workout Pink Lemonade,Niacin,vitamin,1,1,TRUE,TRUE,Fully disclosed
316362,Natural Pre-Workout Pink Lemonade,Taurine,non-nutrient/non-botanical,1,1,TRUE,TRUE,Fully disclosed
316362,Natural Pre-Workout Pink Lemonade,Vitamin B12,vitamin,1,1,TRUE,TRUE,Fully disclosed
316362,Natural Pre-Workout Pink Lemonade,Vitamin B6,vitamin,1,1,TRUE,TRUE,Fully disclosed
316362,Natural Pre-Workout Pink Lemonade,Vitamin C,vitamin,1,1,TRUE,TRUE,Fully disclosed
31679,Mr Hyde Pre Workout Amplifier Orange Guava,Agmatine Sulfate,non-nutrient/non-botanical,1,1,TRUE,TRUE,Fully disclosed
31679,Mr Hyde Pre Workout Amplifier Orange Guava,Beta-Alanine,amino acid,1,1,TRUE,TRUE,Fully disclosed
31679,Mr Hyde Pre Workout Amplifier Orange Guava,Caffeine Anhydrous,non-nutrient/non-botanical,1,1,TRUE,TRUE,Fully disclosed
31679,Mr Hyde Pre Workout Amplifier Orange Guava,Caffeine Citrate,non-nutrient/non-botanical,1,1,TRUE,TRUE,Fully disclosed
31679,Mr Hyde Pre Workout Amplifier Orange Guava,Caffeine Matrix,blend,1,1,TRUE,TRUE,Fully disclosed
31679,Mr Hyde Pre Workout Amplifier Orange Guava,Creatine Hydrochloride,non-nutrient/non-botanical,1,1,TRUE,TRUE,Fully disclosed
31679,Mr Hyde Pre Workout Amplifier Orange Guava,Hordenine,non-nutrient/non-botanical,1,1,TRUE,TRUE,Fully disclosed
31679,Mr Hyde Pre Workout Amplifier Orange Guava,Infinergy,blend,1,1,TRUE,TRUE,Fully disclosed
31679,Mr Hyde Pre Workout Amplifier Orange Guava,Intensity Matrix,blend,1,1,TRUE,TRUE,Fully disclosed
31679,Mr Hyde Pre Workout Amplifier Orange Guava,L-Citrulline Malate,non-nutrient/non-botanical,1,1,TRUE,TRUE,Fully disclosed
31679,Mr Hyde Pre Workout Amplifier Orange Guava,L-Leucine,amino acid,1,1,TRUE,TRUE,Fully disclosed
31679,Mr Hyde Pre Workout Amplifier Orange Guava,N-Methyl Tyramine,non-nutrient/non-botanical,1,1,TRUE,TRUE,Fully disclosed
31679,Mr Hyde Pre Workout Amplifier Orange Guava,Pikatropin,non-nutrient/non-botanical,1,1,TRUE,TRUE,Fully disclosed
31679,Mr Hyde Pre Workout Amplifier Orange Guava,Rauwolfia vomitoria root extract,botanical,1,1,TRUE,TRUE,Fully disclosed
31679,Mr Hyde Pre Workout Amplifier Orange Guava,Strength Matrix,blend,1,1,TRUE,TRUE,Fully disclosed
31679,Mr Hyde Pre Workout Amplifier Orange Guava,Yohimbe bark extract,botanical,1,1,TRUE,TRUE,Fully disclosed
31681,Mr Hyde Pre Workout Amplifier Grape,Agmatine Sulfate,non-nutrient/non-botanical,1,1,TRUE,TRUE,Fully disclosed
31681,Mr Hyde Pre Workout Amplifier Grape,Beta-Alanine,amino acid,1,1,TRUE,TRUE,Fully disclosed
31681,Mr Hyde Pre Workout Amplifier Grape,Caffeine Anhydrous,non-nutrient/non-botanical,1,1,TRUE,TRUE,Fully disclosed
31681,Mr Hyde Pre Workout Amplifier Grape,Caffeine Citrate,non-nutrient/non-botanical,1,1,TRUE,TRUE,Fully disclosed
31681,Mr Hyde Pre Workout Amplifier Grape,Caffeine Matrix,blend,1,1,TRUE,TRUE,Fully disclosed
31681,Mr Hyde Pre Workout Amplifier Grape,Creatine Hydrochloride,non-nutrient/non-botanical,1,1,TRUE,TRUE,Fully disclosed
31681,Mr Hyde Pre Workout Amplifier Grape,Hordenine,non-nutrient/non-botanical,1,1,TRUE,TRUE,Fully disclosed
31681,Mr Hyde Pre Workout Amplifier Grape,Infinergy,blend,1,1,TRUE,TRUE,Fully disclosed
31681,Mr Hyde Pre Workout Amplifier Grape,Intensity Matrix,blend,1,1,TRUE,TRUE,Fully disclosed
31681,Mr Hyde Pre Workout Amplifier Grape,L-Citrulline Malate,non-nutrient/non-botanical,1,1,TRUE,TRUE,Fully disclosed
31681,Mr Hyde Pre Workout Amplifier Grape,L-Leucine,amino acid,1,1,TRUE,TRUE,Fully disclosed
31681,Mr Hyde Pre Workout Amplifier Grape,N-Methyl Tyramine,non-nutrient/non-botanical,1,1,TRUE,TRUE,Fully disclosed
31681,Mr Hyde Pre Workout Amplifier Grape,Pikatropin,non-nutrient/non-botanical,1,1,TRUE,TRUE,Fully disclosed
31681,Mr Hyde Pre Workout Amplifier Grape,Rauwolfia vomitoria root extract,botanical,1,1,TRUE,TRUE,Fully disclosed
31681,Mr Hyde Pre Workout Amplifier Grape,Strength Matrix,blend,1,1,TRUE,TRUE,Fully disclosed
31681,Mr Hyde Pre Workout Amplifier Grape,Yohimbe bark extract,botanical,1,1,TRUE,TRUE,Fully disclosed
31689,Mr Hyde Pre Workout Amplifier Blue Razz,Agmatine Sulfate,non-nutrient/non-botanical,1,1,TRUE,TRUE,Fully disclosed
31689,Mr Hyde Pre Workout Amplifier Blue Razz,Beta-Alanine,amino acid,1,1,TRUE,TRUE,Fully disclosed
31689,Mr Hyde Pre Workout Amplifier Blue Razz,Caffeine Anhydrous,non-nutrient/non-botanical,1,1,TRUE,TRUE,Fully disclosed
31689,Mr Hyde Pre Workout Amplifier Blue Razz,Caffeine Citrate,non-nutrient/non-botanical,1,1,TRUE,TRUE,Fully disclosed
31689,Mr Hyde Pre Workout Amplifier Blue Razz,Caffeine Matrix,blend,1,1,TRUE,TRUE,Fully disclosed
31689,Mr Hyde Pre Workout Amplifier Blue Razz,Creatine Hydrochloride,non-nutrient/non-botanical,1,1,TRUE,TRUE,Fully disclosed
31689,Mr Hyde Pre Workout Amplifier Blue Razz,Hordenine,non-nutrient/non-botanical,1,1,TRUE,TRUE,Fully disclosed
31689,Mr Hyde Pre Workout Amplifier Blue Razz,Infinergy,blend,1,1,TRUE,TRUE,Fully disclosed
31689,Mr Hyde Pre Workout Amplifier Blue Razz,Intensity Matrix,blend,1,1,TRUE,TRUE,Fully disclosed
31689,Mr Hyde Pre Workout Amplifier Blue Razz,L-Citrulline Malate,non-nutrient/non-botanical,1,1,TRUE,TRUE,Fully disclosed
31689,Mr Hyde Pre Workout Amplifier Blue Razz,L-Leucine,amino acid,1,1,TRUE,TRUE,Fully disclosed
31689,Mr Hyde Pre Workout Amplifier Blue Razz,N-Methyl Tyramine,non-nutrient/non-botanical,1,1,TRUE,TRUE,Fully disclosed
31689,Mr Hyde Pre Workout Amplifier Blue Razz,Pikatropin,non-nutrient/non-botanical,1,1,TRUE,TRUE,Fully disclosed
31689,Mr Hyde Pre Workout Amplifier Blue Razz,Rauwolfia vomitoria root extract,botanical,1,1,TRUE,TRUE,Fully disclosed
31689,Mr Hyde Pre Workout Amplifier Blue Razz,Strength Matrix,blend,1,1,TRUE,TRUE,Fully disclosed
31689,Mr Hyde Pre Workout Amplifier Blue Razz,Yohimbe bark extract,botanical,1,1,TRUE,TRUE,Fully disclosed
31735,Mr Hyde Intense Energy Pre Workout Punch,Agmatine Sulfate,non-nutrient/non-botanical,1,1,TRUE,TRUE,Fully disclosed
31735,Mr Hyde Intense Energy Pre Workout Punch,Beta-Alanine,amino acid,1,1,TRUE,TRUE,Fully disclosed
31735,Mr Hyde Intense Energy Pre Workout Punch,Caffeine Anhydrous,non-nutrient/non-botanical,1,1,TRUE,TRUE,Fully disclosed
31735,Mr Hyde Intense Energy Pre Workout Punch,Caffeine Citrate,non-nutrient/non-botanical,1,1,TRUE,TRUE,Fully disclosed
31735,Mr Hyde Intense Energy Pre Workout Punch,Caffeine Matrix,blend,1,1,TRUE,TRUE,Fully disclosed
31735,Mr Hyde Intense Energy Pre Workout Punch,Creatine Hydrochloride,non-nutrient/non-botanical,1,1,TRUE,TRUE,Fully disclosed
31735,Mr Hyde Intense Energy Pre Workout Punch,Hordenine Hydrochloride,non-nutrient/non-botanical,1,1,TRUE,TRUE,Fully disclosed
31735,Mr Hyde Intense Energy Pre Workout Punch,Infinergy,blend,1,1,TRUE,TRUE,Fully disclosed
31735,Mr Hyde Intense Energy Pre Workout Punch,Intensity Matrix,blend,1,1,TRUE,TRUE,Fully disclosed
31735,Mr Hyde Intense Energy Pre Workout Punch,L-Citrulline Malate,non-nutrient/non-botanical,1,1,TRUE,TRUE,Fully disclosed
31735,Mr Hyde Intense Energy Pre Workout Punch,L-Leucine,amino acid,1,1,TRUE,TRUE,Fully disclosed
31735,Mr Hyde Intense Energy Pre Workout Punch,N-Methyl L-Tyramine,non-nutrient/non-botanical,1,1,TRUE,TRUE,Fully disclosed
31735,Mr Hyde Intense Energy Pre Workout Punch,Pikatropin,non-nutrient/non-botanical,1,1,TRUE,TRUE,Fully disclosed
31735,Mr Hyde Intense Energy Pre Workout Punch,Rauwolfia vomitoria root extract,botanical,1,1,TRUE,TRUE,Fully disclosed
31735,Mr Hyde Intense Energy Pre Workout Punch,Strength Matrix,blend,1,1,TRUE,TRUE,Fully disclosed
31735,Mr Hyde Intense Energy Pre Workout Punch,Yohimbe bark extract,botanical,1,1,TRUE,TRUE,Fully disclosed
31738,Mr Hyde Intense Energy Pre Workout Watermelon,Agmatine Sulfate,non-nutrient/non-botanical,1,1,TRUE,TRUE,Fully disclosed
31738,Mr Hyde Intense Energy Pre Workout Watermelon,Beta-Alanine,amino acid,1,1,TRUE,TRUE,Fully disclosed
31738,Mr Hyde Intense Energy Pre Workout Watermelon,Caffeine Anhydrous,non-nutrient/non-botanical,1,1,TRUE,TRUE,Fully disclosed
31738,Mr Hyde Intense Energy Pre Workout Watermelon,Caffeine Citrate,non-nutrient/non-botanical,1,1,TRUE,TRUE,Fully disclosed
31738,Mr Hyde Intense Energy Pre Workout Watermelon,Caffeine Matrix,blend,1,1,TRUE,TRUE,Fully disclosed
31738,Mr Hyde Intense Energy Pre Workout Watermelon,Creatine Hydrochloride,non-nutrient/non-botanical,1,1,TRUE,TRUE,Fully disclosed
31738,Mr Hyde Intense Energy Pre Workout Watermelon,Hordenine Hydrochloride,non-nutrient/non-botanical,1,1,TRUE,TRUE,Fully disclosed
31738,Mr Hyde Intense Energy Pre Workout Watermelon,Infinergy,blend,1,1,TRUE,TRUE,Fully disclosed
31738,Mr Hyde Intense Energy Pre Workout Watermelon,Intensity Matrix,blend,1,1,TRUE,TRUE,Fully disclosed
31738,Mr Hyde Intense Energy Pre Workout Watermelon,L-Citrulline Malate,non-nutrient/non-botanical,1,1,TRUE,TRUE,Fully disclosed
31738,Mr Hyde Intense Energy Pre Workout Watermelon,L-Leucine,amino acid,1,1,TRUE,TRUE,Fully disclosed
31738,Mr Hyde Intense Energy Pre Workout Watermelon,N-Methyl L-Tyramine,non-nutrient/non-botanical,1,1,TRUE,TRUE,Fully disclosed
31738,Mr Hyde Intense Energy Pre Workout Watermelon,Pikatropin,non-nutrient/non-botanical,1,1,TRUE,TRUE,Fully disclosed
31738,Mr Hyde Intense Energy Pre Workout Watermelon,Rauwolfia vomitoria root extract,botanical,1,1,TRUE,TRUE,Fully disclosed
31738,Mr Hyde Intense Energy Pre Workout Watermelon,Strength Matrix,blend,1,1,TRUE,TRUE,Fully disclosed
31738,Mr Hyde Intense Energy Pre Workout Watermelon,Yohimbe bark extract,botanical,1,1,TRUE,TRUE,Fully disclosed
317414,Pre-Workout West Coast Citrus,Beta-Alanine,amino acid,1,1,TRUE,TRUE,Fully disclosed
317414,Pre-Workout West Coast Citrus,Betaine Anhydrous,non-nutrient/non-botanical,1,1,TRUE,TRUE,Fully disclosed
317414,Pre-Workout West Coast Citrus,"Caffeine, Natural",non-nutrient/non-botanical,1,1,TRUE,TRUE,Fully disclosed
317414,Pre-Workout West Coast Citrus,Creatine Monohydrate,non-nutrient/non-botanical,1,1,TRUE,TRUE,Fully disclosed
317414,Pre-Workout West Coast Citrus,L-Citrulline Malate,non-nutrient/non-botanical,1,1,TRUE,TRUE,Fully disclosed
317710,V1 x Panda Ultimate Pandamus Pre-Workout Level 1,Agmatine Sulfate,non-nutrient/non-botanical,2,2,TRUE,TRUE,Fully disclosed
317710,V1 x Panda Ultimate Pandamus Pre-Workout Level 1,Alpha Glycerylphosphorylcholine,non-nutrient/non-botanical,2,2,TRUE,TRUE,Fully disclosed
317710,V1 x Panda Ultimate Pandamus Pre-Workout Level 1,AstraGin,blend,2,2,TRUE,TRUE,Fully disclosed
317710,V1 x Panda Ultimate Pandamus Pre-Workout Level 1,Beta-Alanine,amino acid,2,2,TRUE,TRUE,Fully disclosed
317710,V1 x Panda Ultimate Pandamus Pre-Workout Level 1,Betaine Anhydrous,non-nutrient/non-botanical,2,2,TRUE,TRUE,Fully disclosed
317710,V1 x Panda Ultimate Pandamus Pre-Workout Level 1,L-Citrulline,amino acid,2,2,TRUE,TRUE,Fully disclosed
317710,V1 x Panda Ultimate Pandamus Pre-Workout Level 1,L-Tyrosine,amino acid,2,2,TRUE,TRUE,Fully disclosed
317710,V1 x Panda Ultimate Pandamus Pre-Workout Level 1,"Mucuna pruriens Seed Extract, Powder",botanical,2,2,TRUE,TRUE,Fully disclosed
317710,V1 x Panda Ultimate Pandamus Pre-Workout Level 1,VasoDrive-AP,protein,2,2,TRUE,TRUE,Fully disclosed
3178,Torch Pre-Burn Pre-Workout Drink Wildberry,Biotin,vitamin,1,1,TRUE,TRUE,Fully disclosed
3178,Torch Pre-Burn Pre-Workout Drink Wildberry,Boron,mineral,1,1,TRUE,TRUE,Fully disclosed
3178,Torch Pre-Burn Pre-Workout Drink Wildberry,Calcium,mineral,1,1,TRUE,TRUE,Fully disclosed
3178,Torch Pre-Burn Pre-Workout Drink Wildberry,Creatine Monohydrate,non-nutrient/non-botanical,1,1,TRUE,TRUE,Fully disclosed
3178,Torch Pre-Burn Pre-Workout Drink Wildberry,D-Ribose,sugar,1,1,TRUE,TRUE,Fully disclosed
3178,Torch Pre-Burn Pre-Workout Drink Wildberry,Folate,vitamin,1,1,TRUE,TRUE,Fully disclosed
3178,Torch Pre-Burn Pre-Workout Drink Wildberry,Glucuronolactone,non-nutrient/non-botanical,1,1,TRUE,TRUE,Fully disclosed
3178,Torch Pre-Burn Pre-Workout Drink Wildberry,Green Tea extract,botanical,1,1,TRUE,TRUE,Fully disclosed
3178,Torch Pre-Burn Pre-Workout Drink Wildberry,Iron,mineral,1,1,TRUE,TRUE,Fully disclosed
3178,Torch Pre-Burn Pre-Workout Drink Wildberry,L-Arginine Alpha Keto-Glutarate,non-nutrient/non-botanical,1,1,TRUE,TRUE,Fully disclosed
3178,Torch Pre-Burn Pre-Workout Drink Wildberry,L-Carnitine,non-nutrient/non-botanical,1,1,TRUE,TRUE,Fully disclosed
3178,Torch Pre-Burn Pre-Workout Drink Wildberry,L-Citrulline,amino acid,1,1,TRUE,TRUE,Fully disclosed
3178,Torch Pre-Burn Pre-Workout Drink Wildberry,Magnesium,mineral,1,1,TRUE,TRUE,Fully disclosed
3178,Torch Pre-Burn Pre-Workout Drink Wildberry,Olive leaf extract,botanical,1,1,TRUE,TRUE,Fully disclosed
3178,Torch Pre-Burn Pre-Workout Drink Wildberry,Pantothenic Acid,vitamin,1,1,TRUE,TRUE,Fully disclosed
3178,Torch Pre-Burn Pre-Workout Drink Wildberry,Potassium,mineral,1,1,TRUE,TRUE,Fully disclosed
3178,Torch Pre-Burn Pre-Workout Drink Wildberry,Sodium,mineral,1,1,TRUE,TRUE,Fully disclosed
3178,Torch Pre-Burn Pre-Workout Drink Wildberry,Sugar,sugar,1,1,TRUE,TRUE,Fully disclosed
3178,Torch Pre-Burn Pre-Workout Drink Wildberry,Vitamin A,vitamin,1,1,TRUE,TRUE,Fully disclosed
3178,Torch Pre-Burn Pre-Workout Drink Wildberry,Vitamin B1,vitamin,1,1,TRUE,TRUE,Fully disclosed
3178,Torch Pre-Burn Pre-Workout Drink Wildberry,Vitamin B12,vitamin,1,1,TRUE,TRUE,Fully disclosed
3178,Torch Pre-Burn Pre-Workout Drink Wildberry,Vitamin B2,vitamin,1,1,TRUE,TRUE,Fully disclosed
3178,Torch Pre-Burn Pre-Workout Drink Wildberry,Vitamin B3,vitamin,1,1,TRUE,TRUE,Fully disclosed
3178,Torch Pre-Burn Pre-Workout Drink Wildberry,Vitamin B6,vitamin,1,1,TRUE,TRUE,Fully disclosed
3178,Torch Pre-Burn Pre-Workout Drink Wildberry,Vitamin C,vitamin,1,1,TRUE,TRUE,Fully disclosed
3178,Torch Pre-Burn Pre-Workout Drink Wildberry,Vitamin E,vitamin,1,1,TRUE,TRUE,Fully disclosed
318597,Prolific Pre-Workout Melon Berry Twist,Betain Anhydrous,non-nutrient/non-botanical,1,1,TRUE,TRUE,Fully disclosed
318597,Prolific Pre-Workout Melon Berry Twist,Caffeine,non-nutrient/non-botanical,1,1,TRUE,TRUE,Fully disclosed
318597,Prolific Pre-Workout Melon Berry Twist,Cognizin,non-nutrient/non-botanical,1,1,TRUE,TRUE,Fully disclosed
318597,Prolific Pre-Workout Melon Berry Twist,L-Carnitine,non-nutrient/non-botanical,1,1,TRUE,TRUE,Fully disclosed
318597,Prolific Pre-Workout Melon Berry Twist,L-Theanine,non-nutrient/non-botanical,1,1,TRUE,TRUE,Fully disclosed
318597,Prolific Pre-Workout Melon Berry Twist,NeuroFactor,botanical,1,1,TRUE,TRUE,Fully disclosed
318597,Prolific Pre-Workout Melon Berry Twist,Rhodiola rosea Root Extract,botanical,1,1,TRUE,TRUE,Fully disclosed
318597,Prolific Pre-Workout Melon Berry Twist,Taurine,non-nutrient/non-botanical,1,1,TRUE,TRUE,Fully disclosed
321219,Pre-Workout Cosmic Stardust,Beta-Alanine,amino acid,1,1,TRUE,TRUE,Fully disclosed
321219,Pre-Workout Cosmic Stardust,Caffeine,non-nutrient/non-botanical,1,1,TRUE,TRUE,Fully disclosed
321219,Pre-Workout Cosmic Stardust,L-Citrulline Malate,non-nutrient/non-botanical,1,1,TRUE,TRUE,Fully disclosed
321219,Pre-Workout Cosmic Stardust,L-Theanine,non-nutrient/non-botanical,1,1,TRUE,TRUE,Fully disclosed
321219,Pre-Workout Cosmic Stardust,L-Tyrosine,amino acid,1,1,TRUE,TRUE,Fully disclosed
321220,Pre-Workout Day Dreamer Cherry Gummies,Beta-Alanine,amino acid,1,1,TRUE,TRUE,Fully disclosed
321220,Pre-Workout Day Dreamer Cherry Gummies,Caffeine,non-nutrient/non-botanical,1,1,TRUE,TRUE,Fully disclosed
321220,Pre-Workout Day Dreamer Cherry Gummies,L-Citrulline Malate,non-nutrient/non-botanical,1,1,TRUE,TRUE,Fully disclosed
321220,Pre-Workout Day Dreamer Cherry Gummies,L-Theanine,non-nutrient/non-botanical,1,1,TRUE,TRUE,Fully disclosed
321220,Pre-Workout Day Dreamer Cherry Gummies,L-Tyrosine,amino acid,1,1,TRUE,TRUE,Fully disclosed
321221,Pre-Workout Galaxy Lemonade,Beta-Alanine,amino acid,1,1,TRUE,TRUE,Fully disclosed
321221,Pre-Workout Galaxy Lemonade,Caffeine,non-nutrient/non-botanical,1,1,TRUE,TRUE,Fully disclosed
321221,Pre-Workout Galaxy Lemonade,L-Citrulline Malate,non-nutrient/non-botanical,1,1,TRUE,TRUE,Fully disclosed
321221,Pre-Workout Galaxy Lemonade,L-Theanine,non-nutrient/non-botanical,1,1,TRUE,TRUE,Fully disclosed
321221,Pre-Workout Galaxy Lemonade,L-Tyrosine,amino acid,1,1,TRUE,TRUE,Fully disclosed
321222,Pre-Workout Hawaiian Shaved Ice,Beta-Alanine,amino acid,1,1,TRUE,TRUE,Fully disclosed
321222,Pre-Workout Hawaiian Shaved Ice,Caffeine,non-nutrient/non-botanical,1,1,TRUE,TRUE,Fully disclosed
321222,Pre-Workout Hawaiian Shaved Ice,L-Citrulline Malate,non-nutrient/non-botanical,1,1,TRUE,TRUE,Fully disclosed
321222,Pre-Workout Hawaiian Shaved Ice,L-Theanine,non-nutrient/non-botanical,1,1,TRUE,TRUE,Fully disclosed
321222,Pre-Workout Hawaiian Shaved Ice,L-Tyrosine,amino acid,1,1,TRUE,TRUE,Fully disclosed
321223,Pre-Workout Island Crush,Beta-Alanine,amino acid,1,1,TRUE,TRUE,Fully disclosed
321223,Pre-Workout Island Crush,Caffeine,non-nutrient/non-botanical,1,1,TRUE,TRUE,Fully disclosed
321223,Pre-Workout Island Crush,L-Citrulline Malate,non-nutrient/non-botanical,1,1,TRUE,TRUE,Fully disclosed
321223,Pre-Workout Island Crush,L-Theanine,non-nutrient/non-botanical,1,1,TRUE,TRUE,Fully disclosed
321223,Pre-Workout Island Crush,L-Tyrosine,amino acid,1,1,TRUE,TRUE,Fully disclosed
321224,Pre-Workout Juicy Peach,Beta-Alanine,amino acid,1,1,TRUE,TRUE,Fully disclosed
321224,Pre-Workout Juicy Peach,Caffeine,non-nutrient/non-botanical,1,1,TRUE,TRUE,Fully disclosed
321224,Pre-Workout Juicy Peach,L-Citrulline Malate,non-nutrient/non-botanical,1,1,TRUE,TRUE,Fully disclosed
321224,Pre-Workout Juicy Peach,L-Theanine,non-nutrient/non-botanical,1,1,TRUE,TRUE,Fully disclosed
321224,Pre-Workout Juicy Peach,L-Tyrosine,amino acid,1,1,TRUE,TRUE,Fully disclosed
321224,Pre-Workout Juicy Peach,Sodium,mineral,1,1,TRUE,TRUE,Fully disclosed
321225,Pre-Workout Mimosa,Beta-Alanine,amino acid,1,1,TRUE,TRUE,Fully disclosed
321225,Pre-Workout Mimosa,Caffeine,non-nutrient/non-botanical,1,1,TRUE,TRUE,Fully disclosed
321225,Pre-Workout Mimosa,L-Citrulline Malate,non-nutrient/non-botanical,1,1,TRUE,TRUE,Fully disclosed
321225,Pre-Workout Mimosa,L-Theanine,non-nutrient/non-botanical,1,1,TRUE,TRUE,Fully disclosed
321225,Pre-Workout Mimosa,L-Tyrosine,amino acid,1,1,TRUE,TRUE,Fully disclosed
321226,Pre-Workout Rainbow Candy,Beta-Alanine,amino acid,1,1,TRUE,TRUE,Fully disclosed
321226,Pre-Workout Rainbow Candy,Caffeine,non-nutrient/non-botanical,1,1,TRUE,TRUE,Fully disclosed
321226,Pre-Workout Rainbow Candy,L-Citrulline Malate,non-nutrient/non-botanical,1,1,TRUE,TRUE,Fully disclosed
321226,Pre-Workout Rainbow Candy,L-Theanine,non-nutrient/non-botanical,1,1,TRUE,TRUE,Fully disclosed
321226,Pre-Workout Rainbow Candy,L-Tyrosine,amino acid,1,1,TRUE,TRUE,Fully disclosed
321227,Pre-Workout Rocket Pop,Beta-Alanine,amino acid,1,1,TRUE,TRUE,Fully disclosed
321227,Pre-Workout Rocket Pop,Caffeine,non-nutrient/non-botanical,1,1,TRUE,TRUE,Fully disclosed
321227,Pre-Workout Rocket Pop,L-Citrulline Malate,non-nutrient/non-botanical,1,1,TRUE,TRUE,Fully disclosed
321227,Pre-Workout Rocket Pop,L-Theanine,non-nutrient/non-botanical,1,1,TRUE,TRUE,Fully disclosed
321227,Pre-Workout Rocket Pop,L-Tyrosine,amino acid,1,1,TRUE,TRUE,Fully disclosed
321539,EUPHORiq Pre-Workout Yuzu Lemonade,AlphaSize,non-nutrient/non-botanical,1,1,TRUE,TRUE,Fully disclosed
321539,EUPHORiq Pre-Workout Yuzu Lemonade,Beta-Alanine,amino acid,1,1,TRUE,TRUE,Fully disclosed
321539,EUPHORiq Pre-Workout Yuzu Lemonade,Betaine Anhydrous,non-nutrient/non-botanical,1,1,TRUE,TRUE,Fully disclosed
321539,EUPHORiq Pre-Workout Yuzu Lemonade,Choline,vitamin,1,1,TRUE,TRUE,Fully disclosed
321539,EUPHORiq Pre-Workout Yuzu Lemonade,Enfinity,non-nutrient/non-botanical,1,1,TRUE,TRUE,Fully disclosed
321539,EUPHORiq Pre-Workout Yuzu Lemonade,Huperzine A,non-nutrient/non-botanical,1,1,TRUE,TRUE,Fully disclosed
321539,EUPHORiq Pre-Workout Yuzu Lemonade,L-Citrulline,amino acid,1,1,TRUE,TRUE,Fully disclosed
321539,EUPHORiq Pre-Workout Yuzu Lemonade,L-Tyrosine,amino acid,1,1,TRUE,TRUE,Fully disclosed
321539,EUPHORiq Pre-Workout Yuzu Lemonade,NeuroFactor,botanical,1,1,TRUE,TRUE,Fully disclosed
321539,EUPHORiq Pre-Workout Yuzu Lemonade,Taurine,non-nutrient/non-botanical,1,1,TRUE,TRUE,Fully disclosed
321539,EUPHORiq Pre-Workout Yuzu Lemonade,Vitamin B12,vitamin,1,1,TRUE,TRUE,Fully disclosed
321539,EUPHORiq Pre-Workout Yuzu Lemonade,Vitamin B6,vitamin,1,1,TRUE,TRUE,Fully disclosed
321539,EUPHORiq Pre-Workout Yuzu Lemonade,nooLVL,non-nutrient/non-botanical,1,1,TRUE,TRUE,Fully disclosed
321540,EUPHORiq Pre-Workout Watermelon Candy,AlphaSize,non-nutrient/non-botanical,1,1,TRUE,TRUE,Fully disclosed
321540,EUPHORiq Pre-Workout Watermelon Candy,Beta-Alanine,amino acid,1,1,TRUE,TRUE,Fully disclosed
321540,EUPHORiq Pre-Workout Watermelon Candy,Betaine Anhydrous,non-nutrient/non-botanical,1,1,TRUE,TRUE,Fully disclosed
321540,EUPHORiq Pre-Workout Watermelon Candy,Choline,vitamin,1,1,TRUE,TRUE,Fully disclosed
321540,EUPHORiq Pre-Workout Watermelon Candy,Enfinity,non-nutrient/non-botanical,1,1,TRUE,TRUE,Fully disclosed
321540,EUPHORiq Pre-Workout Watermelon Candy,Huperzine A,non-nutrient/non-botanical,1,1,TRUE,TRUE,Fully disclosed
321540,EUPHORiq Pre-Workout Watermelon Candy,L-Citrulline,amino acid,1,1,TRUE,TRUE,Fully disclosed
321540,EUPHORiq Pre-Workout Watermelon Candy,L-Tyrosine,amino acid,1,1,TRUE,TRUE,Fully disclosed
321540,EUPHORiq Pre-Workout Watermelon Candy,NeuroFactor,botanical,1,1,TRUE,TRUE,Fully disclosed
321540,EUPHORiq Pre-Workout Watermelon Candy,Taurine,non-nutrient/non-botanical,1,1,TRUE,TRUE,Fully disclosed
321540,EUPHORiq Pre-Workout Watermelon Candy,Vitamin B12,vitamin,1,1,TRUE,TRUE,Fully disclosed
321540,EUPHORiq Pre-Workout Watermelon Candy,Vitamin B6,vitamin,1,1,TRUE,TRUE,Fully disclosed
321540,EUPHORiq Pre-Workout Watermelon Candy,nooLVL,non-nutrient/non-botanical,1,1,TRUE,TRUE,Fully disclosed
321541,EUPHORiq Pre-Workout Icy Snow Cone,AlphaSize,non-nutrient/non-botanical,1,1,TRUE,TRUE,Fully disclosed
321541,EUPHORiq Pre-Workout Icy Snow Cone,Beta-Alanine,amino acid,1,1,TRUE,TRUE,Fully disclosed
321541,EUPHORiq Pre-Workout Icy Snow Cone,Betaine Anhydrous,non-nutrient/non-botanical,1,1,TRUE,TRUE,Fully disclosed
321541,EUPHORiq Pre-Workout Icy Snow Cone,Choline,vitamin,1,1,TRUE,TRUE,Fully disclosed
321541,EUPHORiq Pre-Workout Icy Snow Cone,Enfinity,non-nutrient/non-botanical,1,1,TRUE,TRUE,Fully disclosed
321541,EUPHORiq Pre-Workout Icy Snow Cone,Huperzine A,non-nutrient/non-botanical,1,1,TRUE,TRUE,Fully disclosed
321541,EUPHORiq Pre-Workout Icy Snow Cone,L-Citrulline,amino acid,1,1,TRUE,TRUE,Fully disclosed
321541,EUPHORiq Pre-Workout Icy Snow Cone,L-Tyrosine,amino acid,1,1,TRUE,TRUE,Fully disclosed
321541,EUPHORiq Pre-Workout Icy Snow Cone,NeuroFactor,botanical,1,1,TRUE,TRUE,Fully disclosed
321541,EUPHORiq Pre-Workout Icy Snow Cone,Taurine,non-nutrient/non-botanical,1,1,TRUE,TRUE,Fully disclosed
321541,EUPHORiq Pre-Workout Icy Snow Cone,Vitamin B12,vitamin,1,1,TRUE,TRUE,Fully disclosed
321541,EUPHORiq Pre-Workout Icy Snow Cone,Vitamin B6,vitamin,1,1,TRUE,TRUE,Fully disclosed
321541,EUPHORiq Pre-Workout Icy Snow Cone,nooLVL,non-nutrient/non-botanical,1,1,TRUE,TRUE,Fully disclosed
321871,Gorilla Mode Pre-Workout Formula Firefly Lemonade,Agmatine Sulfate,non-nutrient/non-botanical,2,2,TRUE,TRUE,Fully disclosed
321871,Gorilla Mode Pre-Workout Formula Firefly Lemonade,Betaine Anhydrous,non-nutrient/non-botanical,2,2,TRUE,TRUE,Fully disclosed
321871,Gorilla Mode Pre-Workout Formula Firefly Lemonade,BioPerine,botanical,2,2,TRUE,TRUE,Fully disclosed
321871,Gorilla Mode Pre-Workout Formula Firefly Lemonade,Caffeine Anhydrous,non-nutrient/non-botanical,2,2,TRUE,TRUE,Fully disclosed
321871,Gorilla Mode Pre-Workout Formula Firefly Lemonade,Creatine Monohydrate,non-nutrient/non-botanical,2,2,TRUE,TRUE,Fully disclosed
321871,Gorilla Mode Pre-Workout Formula Firefly Lemonade,GlycerPump,other,2,2,TRUE,TRUE,Fully disclosed
321871,Gorilla Mode Pre-Workout Formula Firefly Lemonade,Huperzine A,non-nutrient/non-botanical,2,2,TRUE,TRUE,Fully disclosed
321871,Gorilla Mode Pre-Workout Formula Firefly Lemonade,Kanna,botanical,2,2,TRUE,TRUE,Fully disclosed
321871,Gorilla Mode Pre-Workout Formula Firefly Lemonade,L-Citrulline,amino acid,2,2,TRUE,TRUE,Fully disclosed
321871,Gorilla Mode Pre-Workout Formula Firefly Lemonade,L-Tyrosine,amino acid,2,2,TRUE,TRUE,Fully disclosed
321871,Gorilla Mode Pre-Workout Formula Firefly Lemonade,Malic Acid,non-nutrient/non-botanical,2,2,TRUE,TRUE,Fully disclosed
321871,Gorilla Mode Pre-Workout Formula Firefly Lemonade,N-Phenethyl Dimethylamine Citrate,non-nutrient/non-botanical,2,2,TRUE,TRUE,Fully disclosed
321873,Gorilla Mode Pre-Workout Formula Jungle Juice,Agmatine Sulfate,non-nutrient/non-botanical,2,2,TRUE,TRUE,Fully disclosed
321873,Gorilla Mode Pre-Workout Formula Jungle Juice,Betaine Anhydrous,non-nutrient/non-botanical,2,2,TRUE,TRUE,Fully disclosed
321873,Gorilla Mode Pre-Workout Formula Jungle Juice,BioPerine,botanical,2,2,TRUE,TRUE,Fully disclosed
321873,Gorilla Mode Pre-Workout Formula Jungle Juice,Caffeine Anhydrous,non-nutrient/non-botanical,2,2,TRUE,TRUE,Fully disclosed
321873,Gorilla Mode Pre-Workout Formula Jungle Juice,Creatine Monohydrate,non-nutrient/non-botanical,2,2,TRUE,TRUE,Fully disclosed
321873,Gorilla Mode Pre-Workout Formula Jungle Juice,GlycerPump,non-nutrient/non-botanical,2,2,TRUE,TRUE,Fully disclosed
321873,Gorilla Mode Pre-Workout Formula Jungle Juice,Huperzine A,non-nutrient/non-botanical,2,2,TRUE,TRUE,Fully disclosed
321873,Gorilla Mode Pre-Workout Formula Jungle Juice,Kanna,botanical,2,2,TRUE,TRUE,Fully disclosed
321873,Gorilla Mode Pre-Workout Formula Jungle Juice,L-Citrulline,amino acid,2,2,TRUE,TRUE,Fully disclosed
321873,Gorilla Mode Pre-Workout Formula Jungle Juice,L-Tyrosine,amino acid,2,2,TRUE,TRUE,Fully disclosed
321873,Gorilla Mode Pre-Workout Formula Jungle Juice,Malic Acid,non-nutrient/non-botanical,2,2,TRUE,TRUE,Fully disclosed
321873,Gorilla Mode Pre-Workout Formula Jungle Juice,N-Phenethyl Dimethylamine Citrate,non-nutrient/non-botanical,2,2,TRUE,TRUE,Fully disclosed
321874,Gorilla Mode Pre-Workout Formula Mouthwatering Watermelon,Agmatine Sulfate,non-nutrient/non-botanical,2,2,TRUE,TRUE,Fully disclosed
321874,Gorilla Mode Pre-Workout Formula Mouthwatering Watermelon,Betaine Anhydrous,non-nutrient/non-botanical,2,2,TRUE,TRUE,Fully disclosed
321874,Gorilla Mode Pre-Workout Formula Mouthwatering Watermelon,BioPerine,botanical,2,2,TRUE,TRUE,Fully disclosed
321874,Gorilla Mode Pre-Workout Formula Mouthwatering Watermelon,Caffeine Anhydrous,non-nutrient/non-botanical,2,2,TRUE,TRUE,Fully disclosed
321874,Gorilla Mode Pre-Workout Formula Mouthwatering Watermelon,Creatine Monohydrate,non-nutrient/non-botanical,2,2,TRUE,TRUE,Fully disclosed
321874,Gorilla Mode Pre-Workout Formula Mouthwatering Watermelon,GlycerPump,non-nutrient/non-botanical,2,2,TRUE,TRUE,Fully disclosed
321874,Gorilla Mode Pre-Workout Formula Mouthwatering Watermelon,Huperzine A,non-nutrient/non-botanical,2,2,TRUE,TRUE,Fully disclosed
321874,Gorilla Mode Pre-Workout Formula Mouthwatering Watermelon,Kanna,botanical,2,2,TRUE,TRUE,Fully disclosed
321874,Gorilla Mode Pre-Workout Formula Mouthwatering Watermelon,L-Citrulline,amino acid,2,2,TRUE,TRUE,Fully disclosed
321874,Gorilla Mode Pre-Workout Formula Mouthwatering Watermelon,L-Tyrosine,amino acid,2,2,TRUE,TRUE,Fully disclosed
321874,Gorilla Mode Pre-Workout Formula Mouthwatering Watermelon,Malic Acid,non-nutrient/non-botanical,2,2,TRUE,TRUE,Fully disclosed
321874,Gorilla Mode Pre-Workout Formula Mouthwatering Watermelon,N-Phenethyl Dimethylamine Citrate,non-nutrient/non-botanical,2,2,TRUE,TRUE,Fully disclosed
322543,Nitrosurge Pre-Workout Arctic White,AstraGin,blend,2,2,TRUE,TRUE,Fully disclosed
322543,Nitrosurge Pre-Workout Arctic White,Beta-Alanine,amino acid,2,2,TRUE,TRUE,Fully disclosed
322543,Nitrosurge Pre-Workout Arctic White,Betaine Anhydrous,non-nutrient/non-botanical,2,2,TRUE,TRUE,Fully disclosed
322543,Nitrosurge Pre-Workout Arctic White,Caffeine Anhydrous,non-nutrient/non-botanical,2,2,TRUE,TRUE,Fully disclosed
322543,Nitrosurge Pre-Workout Arctic White,L-Citrulline,amino acid,2,2,TRUE,TRUE,Fully disclosed
322543,Nitrosurge Pre-Workout Arctic White,L-Theanine,non-nutrient/non-botanical,2,2,TRUE,TRUE,Fully disclosed
322543,Nitrosurge Pre-Workout Arctic White,Theobromine,non-nutrient/non-botanical,2,2,TRUE,TRUE,Fully disclosed
322544,Nitrosurge Pre-Workout Black Cherry,AstraGin,blend,2,2,TRUE,TRUE,Fully disclosed
322544,Nitrosurge Pre-Workout Black Cherry,Beta Alanine,amino acid,2,2,TRUE,TRUE,Fully disclosed
322544,Nitrosurge Pre-Workout Black Cherry,Betaine Anhydrous,non-nutrient/non-botanical,2,2,TRUE,TRUE,Fully disclosed
322544,Nitrosurge Pre-Workout Black Cherry,Caffeine Anhydrous,non-nutrient/non-botanical,2,2,TRUE,TRUE,Fully disclosed
322544,Nitrosurge Pre-Workout Black Cherry,L-Citrulline,amino acid,2,2,TRUE,TRUE,Fully disclosed
322544,Nitrosurge Pre-Workout Black Cherry,L-Theanine,non-nutrient/non-botanical,2,2,TRUE,TRUE,Fully disclosed
322544,Nitrosurge Pre-Workout Black Cherry,Theobromine,non-nutrient/non-botanical,2,2,TRUE,TRUE,Fully disclosed
322546,PumpSurge Stim Free Pre-Workout Blue Raspberry,Alpha-Glycerylphosphorylcholine,non-nutrient/non-botanical,1,1,TRUE,TRUE,Fully disclosed
322546,PumpSurge Stim Free Pre-Workout Blue Raspberry,AstraGin,blend,1,1,TRUE,TRUE,Fully disclosed
322546,PumpSurge Stim Free Pre-Workout Blue Raspberry,Betaine Anhydrous,non-nutrient/non-botanical,1,1,TRUE,TRUE,Fully disclosed
322546,PumpSurge Stim Free Pre-Workout Blue Raspberry,Huperzine A,non-nutrient/non-botanical,1,1,TRUE,TRUE,Fully disclosed
322546,PumpSurge Stim Free Pre-Workout Blue Raspberry,L-Citrulline,amino acid,1,1,TRUE,TRUE,Fully disclosed
322546,PumpSurge Stim Free Pre-Workout Blue Raspberry,Taurine,non-nutrient/non-botanical,1,1,TRUE,TRUE,Fully disclosed
322675,Pre-Workout Explosion Ripped Watermelon,Advanced Amino Complex,blend,1,1,TRUE,TRUE,Fully disclosed
322675,Pre-Workout Explosion Ripped Watermelon,Beta-Alanine,amino acid,1,1,TRUE,TRUE,Fully disclosed
322675,Pre-Workout Explosion Ripped Watermelon,Caffeine Anhydrous,non-nutrient/non-botanical,1,1,TRUE,TRUE,Fully disclosed
322675,Pre-Workout Explosion Ripped Watermelon,Choline,vitamin,1,1,TRUE,TRUE,Fully disclosed
322675,Pre-Workout Explosion Ripped Watermelon,Choline Bitartrate,vitamin,1,1,FALSE,FALSE,Not disclosed
322675,Pre-Workout Explosion Ripped Watermelon,Green Coffee Bean Extract,botanical,1,1,TRUE,TRUE,Fully disclosed
322675,Pre-Workout Explosion Ripped Watermelon,L-Arginine Alpha-Ketoglutarate,non-nutrient/non-botanical,1,1,TRUE,TRUE,Fully disclosed
322675,Pre-Workout Explosion Ripped Watermelon,L-Arginine Hydrochloride,amino acid,1,1,FALSE,FALSE,Not disclosed
322675,Pre-Workout Explosion Ripped Watermelon,L-Carnitine L-Tartrate,non-nutrient/non-botanical,1,1,TRUE,TRUE,Fully disclosed
322675,Pre-Workout Explosion Ripped Watermelon,L-Citrulline,amino acid,1,1,FALSE,FALSE,Not disclosed
322675,Pre-Workout Explosion Ripped Watermelon,L-Citrulline Malate,non-nutrient/non-botanical,1,1,FALSE,FALSE,Not disclosed
322675,Pre-Workout Explosion Ripped Watermelon,L-Tyrosine,amino acid,1,1,FALSE,FALSE,Not disclosed
322675,Pre-Workout Explosion Ripped Watermelon,Niacin,vitamin,1,1,TRUE,TRUE,Fully disclosed
322675,Pre-Workout Explosion Ripped Watermelon,Pre-Workout Explosion Blend,blend,1,1,TRUE,TRUE,Fully disclosed
322675,Pre-Workout Explosion Ripped Watermelon,Taurine,non-nutrient/non-botanical,1,1,FALSE,FALSE,Not disclosed
322675,Pre-Workout Explosion Ripped Watermelon,Vitamin C,vitamin,1,1,TRUE,TRUE,Fully disclosed
322678,Pre-Workout Explosion Ripped Peach Mango,Advanced Amino Complex,blend,1,1,TRUE,TRUE,Fully disclosed
322678,Pre-Workout Explosion Ripped Peach Mango,Beta-Alanine,amino acid,1,1,TRUE,TRUE,Fully disclosed
322678,Pre-Workout Explosion Ripped Peach Mango,Caffeine Anhydrous,non-nutrient/non-botanical,1,1,TRUE,TRUE,Fully disclosed
322678,Pre-Workout Explosion Ripped Peach Mango,Choline,vitamin,1,1,TRUE,TRUE,Fully disclosed
322678,Pre-Workout Explosion Ripped Peach Mango,Choline Bitartrate,vitamin,1,1,FALSE,FALSE,Not disclosed
322678,Pre-Workout Explosion Ripped Peach Mango,Green Coffee extract,botanical,1,1,TRUE,TRUE,Fully disclosed
322678,Pre-Workout Explosion Ripped Peach Mango,L-Arginine Alpha-Ketoglutarate,non-nutrient/non-botanical,1,1,TRUE,TRUE,Fully disclosed
322678,Pre-Workout Explosion Ripped Peach Mango,L-Arginine Hydrochloride,amino acid,1,1,FALSE,FALSE,Not disclosed
322678,Pre-Workout Explosion Ripped Peach Mango,L-Carnitine L-Tartrate,non-nutrient/non-botanical,1,1,TRUE,TRUE,Fully disclosed
322678,Pre-Workout Explosion Ripped Peach Mango,L-Citrulline,amino acid,1,1,FALSE,FALSE,Not disclosed
322678,Pre-Workout Explosion Ripped Peach Mango,L-Citrulline Malate,non-nutrient/non-botanical,1,1,FALSE,FALSE,Not disclosed
322678,Pre-Workout Explosion Ripped Peach Mango,L-Tyrosine,amino acid,1,1,FALSE,FALSE,Not disclosed
322678,Pre-Workout Explosion Ripped Peach Mango,Niacin,vitamin,1,1,TRUE,TRUE,Fully disclosed
322678,Pre-Workout Explosion Ripped Peach Mango,Pre-Workout Explosion Blend,blend,1,1,TRUE,TRUE,Fully disclosed
322678,Pre-Workout Explosion Ripped Peach Mango,Taurine,non-nutrient/non-botanical,1,1,FALSE,FALSE,Not disclosed
322678,Pre-Workout Explosion Ripped Peach Mango,Vitamin C,vitamin,1,1,TRUE,TRUE,Fully disclosed
323126,Pre-Workout Elite Citrus Berry Flavored,Alpha-Glycerylphosphorylcholine,non-nutrient/non-botanical,1,1,TRUE,TRUE,Fully disclosed
323126,Pre-Workout Elite Citrus Berry Flavored,Caterpillar Mushroom,botanical,1,1,FALSE,FALSE,Not disclosed
323126,Pre-Workout Elite Citrus Berry Flavored,Guayusa leaf extract,botanical,1,1,TRUE,TRUE,Fully disclosed
323126,Pre-Workout Elite Citrus Berry Flavored,King Trumpet,botanical,1,1,FALSE,FALSE,Not disclosed
323126,Pre-Workout Elite Citrus Berry Flavored,Lion's Mane Mushroom,botanical,1,1,FALSE,FALSE,Not disclosed
323126,Pre-Workout Elite Citrus Berry Flavored,Peak ATP,non-nutrient/non-botanical,1,1,TRUE,TRUE,Fully disclosed
323126,Pre-Workout Elite Citrus Berry Flavored,PeakO2,blend,1,1,TRUE,TRUE,Fully disclosed
323126,Pre-Workout Elite Citrus Berry Flavored,Quercetin Phytosome,non-nutrient/non-botanical,1,1,TRUE,TRUE,Fully disclosed
323126,Pre-Workout Elite Citrus Berry Flavored,Reishi Mushroom,botanical,1,1,FALSE,FALSE,Not disclosed
323126,Pre-Workout Elite Citrus Berry Flavored,Shiitake Mushroom,botanical,1,1,FALSE,FALSE,Not disclosed
323126,Pre-Workout Elite Citrus Berry Flavored,Turkey Tail Mushroom,botanical,1,1,FALSE,FALSE,Not disclosed
323126,Pre-Workout Elite Citrus Berry Flavored,Zynamite,botanical,1,1,TRUE,TRUE,Fully disclosed
323178,Dr Jekyll Stimulant-Free Signature Pre-Workout Blueberry Lemonade,Adaptogenic Matrix,blend,1,1,TRUE,TRUE,Fully disclosed
323178,Dr Jekyll Stimulant-Free Signature Pre-Workout Blueberry Lemonade,Beta-Alanine,amino acid,1,1,TRUE,TRUE,Fully disclosed
323178,Dr Jekyll Stimulant-Free Signature Pre-Workout Blueberry Lemonade,Black Pepper Fruit Extract,botanical,1,1,TRUE,TRUE,Fully disclosed
323178,Dr Jekyll Stimulant-Free Signature Pre-Workout Blueberry Lemonade,CaloriBurn GP,botanical,1,1,TRUE,TRUE,Fully disclosed
323178,Dr Jekyll Stimulant-Free Signature Pre-Workout Blueberry Lemonade,Choline Bitartrate,vitamin,1,1,TRUE,TRUE,Fully disclosed
323178,Dr Jekyll Stimulant-Free Signature Pre-Workout Blueberry Lemonade,Cognitive Drive Matrix,blend,1,1,TRUE,TRUE,Fully disclosed
323178,Dr Jekyll Stimulant-Free Signature Pre-Workout Blueberry Lemonade,Creatine Hydrochloride,non-nutrient/non-botanical,1,1,TRUE,TRUE,Fully disclosed
323178,Dr Jekyll Stimulant-Free Signature Pre-Workout Blueberry Lemonade,KSM-66,botanical,1,1,TRUE,TRUE,Fully disclosed
323178,Dr Jekyll Stimulant-Free Signature Pre-Workout Blueberry Lemonade,L-Tyrosine,amino acid,1,1,TRUE,TRUE,Fully disclosed
323178,Dr Jekyll Stimulant-Free Signature Pre-Workout Blueberry Lemonade,"Panax ginseng Leaf, Stem Extract",botanical,1,1,TRUE,TRUE,Fully disclosed
323178,Dr Jekyll Stimulant-Free Signature Pre-Workout Blueberry Lemonade,Performance Matrix,blend,1,1,TRUE,TRUE,Fully disclosed
323178,Dr Jekyll Stimulant-Free Signature Pre-Workout Blueberry Lemonade,nooLVL,non-nutrient/non-botanical,1,1,TRUE,TRUE,Fully disclosed
323212,Pre-Workout Lemon Berry,Acai,botanical,1,1,FALSE,FALSE,Not disclosed
323212,Pre-Workout Lemon Berry,"Aloe Vera Gel, Powder",botanical,1,1,FALSE,FALSE,Not disclosed
323212,Pre-Workout Lemon Berry,Beet,botanical,1,1,FALSE,FALSE,Not disclosed
323212,Pre-Workout Lemon Berry,Berry Flavor,other,1,1,FALSE,FALSE,Not disclosed
323212,Pre-Workout Lemon Berry,Blueberry,botanical,1,1,FALSE,FALSE,Not disclosed
323212,Pre-Workout Lemon Berry,Circulation and Pump,blend,1,1,TRUE,TRUE,Fully disclosed
323212,Pre-Workout Lemon Berry,"Coconut Water, Powder",botanical,1,1,FALSE,FALSE,Not disclosed
323212,Pre-Workout Lemon Berry,Cordyceps Mushroom,botanical,1,1,FALSE,FALSE,Not disclosed
323212,Pre-Workout Lemon Berry,Cranberry,botanical,1,1,FALSE,FALSE,Not disclosed
323212,Pre-Workout Lemon Berry,"Eleuthero, Powder",botanical,1,1,FALSE,FALSE,Not disclosed
323212,Pre-Workout Lemon Berry,"Energy, Focus and Stamina",blend,1,1,TRUE,TRUE,Fully disclosed
323212,Pre-Workout Lemon Berry,Goji,botanical,1,1,FALSE,FALSE,Not disclosed
323212,Pre-Workout Lemon Berry,Green Coffee Extract,botanical,1,1,FALSE,FALSE,Not disclosed
323212,Pre-Workout Lemon Berry,Green Tea Extract,botanical,1,1,FALSE,FALSE,Not disclosed
323212,Pre-Workout Lemon Berry,L-Malic Acid,non-nutrient/non-botanical,1,1,FALSE,FALSE,Not disclosed
323212,Pre-Workout Lemon Berry,Lemon Flavor,botanical,1,1,FALSE,FALSE,Not disclosed
323212,Pre-Workout Lemon Berry,Luo Han Guo Berry Extract,botanical,1,1,FALSE,FALSE,Not disclosed
323212,Pre-Workout Lemon Berry,Maca,botanical,1,1,FALSE,FALSE,Not disclosed
323212,Pre-Workout Lemon Berry,Matcha Green Tea,botanical,1,1,FALSE,FALSE,Not disclosed
323212,Pre-Workout Lemon Berry,Metabolic Boost,blend,1,1,TRUE,TRUE,Fully disclosed
323212,Pre-Workout Lemon Berry,Natural Flavoring,blend,1,1,TRUE,TRUE,Fully disclosed
323212,Pre-Workout Lemon Berry,Pomegranate,botanical,1,1,FALSE,FALSE,Not disclosed
323212,Pre-Workout Lemon Berry,Potassium,mineral,1,1,TRUE,TRUE,Fully disclosed
323212,Pre-Workout Lemon Berry,Raspberry,botanical,1,1,FALSE,FALSE,Not disclosed
323212,Pre-Workout Lemon Berry,Rhodiola rosea Extract,botanical,1,1,FALSE,FALSE,Not disclosed
323212,Pre-Workout Lemon Berry,Strawberry,botanical,1,1,FALSE,FALSE,Not disclosed
323212,Pre-Workout Lemon Berry,"Turmeric, Powder",botanical,1,1,FALSE,FALSE,Not disclosed
323212,Pre-Workout Lemon Berry,"Yerba Mate, Powder",botanical,1,1,FALSE,FALSE,Not disclosed
323212,Pre-Workout Lemon Berry,organic Strawberry jam flavor,botanical,1,1,FALSE,FALSE,Not disclosed
323436,NitroSurge Pre-Workout Blueberry Lemonade,AstraGin,blend,2,2,TRUE,TRUE,Fully disclosed
323436,NitroSurge Pre-Workout Blueberry Lemonade,Beta-Alanine,amino acid,2,2,TRUE,TRUE,Fully disclosed
323436,NitroSurge Pre-Workout Blueberry Lemonade,Betaine Anhydrous,non-nutrient/non-botanical,2,2,TRUE,TRUE,Fully disclosed
323436,NitroSurge Pre-Workout Blueberry Lemonade,Caffeine Anhydrous,non-nutrient/non-botanical,2,2,TRUE,TRUE,Fully disclosed
323436,NitroSurge Pre-Workout Blueberry Lemonade,L-Citrulline,amino acid,2,2,TRUE,TRUE,Fully disclosed
323436,NitroSurge Pre-Workout Blueberry Lemonade,L-Theanine,non-nutrient/non-botanical,2,2,TRUE,TRUE,Fully disclosed
323436,NitroSurge Pre-Workout Blueberry Lemonade,Theobromine,non-nutrient/non-botanical,2,2,TRUE,TRUE,Fully disclosed
323437,NitroSurge Pre-Workout Cherry Limeade,AstraGin,blend,2,2,TRUE,TRUE,Fully disclosed
323437,NitroSurge Pre-Workout Cherry Limeade,Beta-Alanine,amino acid,2,2,TRUE,TRUE,Fully disclosed
323437,NitroSurge Pre-Workout Cherry Limeade,Betaine Anhydrous,non-nutrient/non-botanical,2,2,TRUE,TRUE,Fully disclosed
323437,NitroSurge Pre-Workout Cherry Limeade,Caffeine Anhydrous,non-nutrient/non-botanical,2,2,TRUE,TRUE,Fully disclosed
323437,NitroSurge Pre-Workout Cherry Limeade,L-Citrulline,amino acid,2,2,TRUE,TRUE,Fully disclosed
323437,NitroSurge Pre-Workout Cherry Limeade,L-Theanine,non-nutrient/non-botanical,2,2,TRUE,TRUE,Fully disclosed
323437,NitroSurge Pre-Workout Cherry Limeade,Theobromine,non-nutrient/non-botanical,2,2,TRUE,TRUE,Fully disclosed
323438,NitroSurge Pre-Workout Cotton Candy,AstraGin,blend,2,2,TRUE,TRUE,Fully disclosed
323438,NitroSurge Pre-Workout Cotton Candy,Beta-Alanine,amino acid,2,2,TRUE,TRUE,Fully disclosed
323438,NitroSurge Pre-Workout Cotton Candy,Betaine Anhydrous,non-nutrient/non-botanical,2,2,TRUE,TRUE,Fully disclosed
323438,NitroSurge Pre-Workout Cotton Candy,Caffeine Anhydrous,non-nutrient/non-botanical,2,2,TRUE,TRUE,Fully disclosed
323438,NitroSurge Pre-Workout Cotton Candy,L-Citrulline,amino acid,2,2,TRUE,TRUE,Fully disclosed
323438,NitroSurge Pre-Workout Cotton Candy,L-Theanine,non-nutrient/non-botanical,2,2,TRUE,TRUE,Fully disclosed
323438,NitroSurge Pre-Workout Cotton Candy,Theobromine,non-nutrient/non-botanical,2,2,TRUE,TRUE,Fully disclosed
323439,NitroSurge Pre-Workout Fruit Punch,AstraGin,blend,2,2,TRUE,TRUE,Fully disclosed
323439,NitroSurge Pre-Workout Fruit Punch,Beta-Alanine,amino acid,2,2,TRUE,TRUE,Fully disclosed
323439,NitroSurge Pre-Workout Fruit Punch,Betaine Anhydrous,non-nutrient/non-botanical,2,2,TRUE,TRUE,Fully disclosed
323439,NitroSurge Pre-Workout Fruit Punch,Caffeine Anhydrous,non-nutrient/non-botanical,2,2,TRUE,TRUE,Fully disclosed
323439,NitroSurge Pre-Workout Fruit Punch,L-Citrulline,amino acid,2,2,TRUE,TRUE,Fully disclosed
323439,NitroSurge Pre-Workout Fruit Punch,L-Theanine,non-nutrient/non-botanical,2,2,TRUE,TRUE,Fully disclosed
323439,NitroSurge Pre-Workout Fruit Punch,Theobromine,non-nutrient/non-botanical,2,2,TRUE,TRUE,Fully disclosed
323440,NitroSurge Pre-Workout Grape,AstraGin,blend,2,2,TRUE,TRUE,Fully disclosed
323440,NitroSurge Pre-Workout Grape,Beta-Alanine,amino acid,2,2,TRUE,TRUE,Fully disclosed
323440,NitroSurge Pre-Workout Grape,Betaine Anhydrous,non-nutrient/non-botanical,2,2,TRUE,TRUE,Fully disclosed
323440,NitroSurge Pre-Workout Grape,Caffeine Anhydrous,non-nutrient/non-botanical,2,2,TRUE,TRUE,Fully disclosed
323440,NitroSurge Pre-Workout Grape,L-Citrulline,amino acid,2,2,TRUE,TRUE,Fully disclosed
323440,NitroSurge Pre-Workout Grape,L-Theanine,non-nutrient/non-botanical,2,2,TRUE,TRUE,Fully disclosed
323440,NitroSurge Pre-Workout Grape,Theobromine,non-nutrient/non-botanical,2,2,TRUE,TRUE,Fully disclosed
323441,NitroSurge Pre-Workout Green Apple,AstraGin,blend,2,2,TRUE,TRUE,Fully disclosed
323441,NitroSurge Pre-Workout Green Apple,Beta-Alanine,amino acid,2,2,TRUE,TRUE,Fully disclosed
323441,NitroSurge Pre-Workout Green Apple,Betaine Anhydrous,non-nutrient/non-botanical,2,2,TRUE,TRUE,Fully disclosed
323441,NitroSurge Pre-Workout Green Apple,Caffeine Anhydrous,non-nutrient/non-botanical,2,2,TRUE,TRUE,Fully disclosed
323441,NitroSurge Pre-Workout Green Apple,L-Citrulline,amino acid,2,2,TRUE,TRUE,Fully disclosed
323441,NitroSurge Pre-Workout Green Apple,L-Theanine,non-nutrient/non-botanical,2,2,TRUE,TRUE,Fully disclosed
323441,NitroSurge Pre-Workout Green Apple,Theobromine,non-nutrient/non-botanical,2,2,TRUE,TRUE,Fully disclosed
323442,NitroSurge Pre-Workout Pineapple,AstraGin,blend,1,1,TRUE,TRUE,Fully disclosed
323442,NitroSurge Pre-Workout Pineapple,Beta-Alanine,amino acid,1,1,TRUE,TRUE,Fully disclosed
323442,NitroSurge Pre-Workout Pineapple,Betaine Anhydrous,non-nutrient/non-botanical,1,1,TRUE,TRUE,Fully disclosed
323442,NitroSurge Pre-Workout Pineapple,Caffeine Anhydrous,non-nutrient/non-botanical,1,1,TRUE,TRUE,Fully disclosed
323442,NitroSurge Pre-Workout Pineapple,L-Citrulline,amino acid,1,1,TRUE,TRUE,Fully disclosed
323442,NitroSurge Pre-Workout Pineapple,L-Theanine,non-nutrient/non-botanical,1,1,TRUE,TRUE,Fully disclosed
323442,NitroSurge Pre-Workout Pineapple,Theobromine,non-nutrient/non-botanical,1,1,TRUE,TRUE,Fully disclosed
323443,NitroSurge Pre-Workout Sour Peach Rings,AstraGin,blend,2,2,TRUE,TRUE,Fully disclosed
323443,NitroSurge Pre-Workout Sour Peach Rings,Beta-Alanine,amino acid,2,2,TRUE,TRUE,Fully disclosed
323443,NitroSurge Pre-Workout Sour Peach Rings,Betaine Anhydrous,non-nutrient/non-botanical,2,2,TRUE,TRUE,Fully disclosed
323443,NitroSurge Pre-Workout Sour Peach Rings,Caffeine Anhydrous,non-nutrient/non-botanical,2,2,TRUE,TRUE,Fully disclosed
323443,NitroSurge Pre-Workout Sour Peach Rings,L-Citrulline,amino acid,2,2,TRUE,TRUE,Fully disclosed
323443,NitroSurge Pre-Workout Sour Peach Rings,L-Theanine,non-nutrient/non-botanical,2,2,TRUE,TRUE,Fully disclosed
323443,NitroSurge Pre-Workout Sour Peach Rings,Theobromine,non-nutrient/non-botanical,2,2,TRUE,TRUE,Fully disclosed
323444,NitroSurge Pre-Workout Watermelon,AstraGin,blend,2,2,TRUE,TRUE,Fully disclosed
323444,NitroSurge Pre-Workout Watermelon,Beta-Alanine,amino acid,2,2,TRUE,TRUE,Fully disclosed
323444,NitroSurge Pre-Workout Watermelon,Betaine Anhydrous,non-nutrient/non-botanical,2,2,TRUE,TRUE,Fully disclosed
323444,NitroSurge Pre-Workout Watermelon,Caffeine Anhydrous,non-nutrient/non-botanical,2,2,TRUE,TRUE,Fully disclosed
323444,NitroSurge Pre-Workout Watermelon,L-Citrulline,amino acid,2,2,TRUE,TRUE,Fully disclosed
323444,NitroSurge Pre-Workout Watermelon,L-Theanine,non-nutrient/non-botanical,2,2,TRUE,TRUE,Fully disclosed
323444,NitroSurge Pre-Workout Watermelon,Theobromine,non-nutrient/non-botanical,2,2,TRUE,TRUE,Fully disclosed
323714,Gorilla Mode Pre-Workout Formula Jungle Juice,Alpha-Glycerylphosphorylcholine,non-nutrient/non-botanical,2,2,TRUE,TRUE,Fully disclosed
323714,Gorilla Mode Pre-Workout Formula Jungle Juice,Betaine Anhydrous,non-nutrient/non-botanical,2,2,TRUE,TRUE,Fully disclosed
323714,Gorilla Mode Pre-Workout Formula Jungle Juice,Caffeine Anhydrous,non-nutrient/non-botanical,2,2,TRUE,TRUE,Fully disclosed
323714,Gorilla Mode Pre-Workout Formula Jungle Juice,Creatine Monohydrate,non-nutrient/non-botanical,2,2,TRUE,TRUE,Fully disclosed
323714,Gorilla Mode Pre-Workout Formula Jungle Juice,Huperzine A,non-nutrient/non-botanical,2,2,TRUE,TRUE,Fully disclosed
323714,Gorilla Mode Pre-Workout Formula Jungle Juice,HydroPrime,other,2,2,TRUE,TRUE,Fully disclosed
323714,Gorilla Mode Pre-Workout Formula Jungle Juice,L-Citrulline,amino acid,2,2,TRUE,TRUE,Fully disclosed
323714,Gorilla Mode Pre-Workout Formula Jungle Juice,L-Tyrosine,amino acid,2,2,TRUE,TRUE,Fully disclosed
323714,Gorilla Mode Pre-Workout Formula Jungle Juice,Magnesium,mineral,2,2,TRUE,TRUE,Fully disclosed
323714,Gorilla Mode Pre-Workout Formula Jungle Juice,Malic Acid,non-nutrient/non-botanical,2,2,TRUE,TRUE,Fully disclosed
323714,Gorilla Mode Pre-Workout Formula Jungle Juice,Niacin,vitamin,2,2,TRUE,TRUE,Fully disclosed
323714,Gorilla Mode Pre-Workout Formula Jungle Juice,Pink Himalayan Sea Salt,non-nutrient/non-botanical,2,2,TRUE,TRUE,Fully disclosed
323714,Gorilla Mode Pre-Workout Formula Jungle Juice,Potassium,mineral,2,2,TRUE,TRUE,Fully disclosed
323714,Gorilla Mode Pre-Workout Formula Jungle Juice,Sodium,mineral,2,2,TRUE,TRUE,Fully disclosed
323714,Gorilla Mode Pre-Workout Formula Jungle Juice,Vitamin B12,vitamin,2,2,TRUE,TRUE,Fully disclosed
323714,Gorilla Mode Pre-Workout Formula Jungle Juice,Vitamin B6,vitamin,2,2,TRUE,TRUE,Fully disclosed
325569,Pre-Workout Breezeberry,Beta-Alanine,amino acid,1,1,TRUE,TRUE,Fully disclosed
325569,Pre-Workout Breezeberry,Caffeine,non-nutrient/non-botanical,1,1,TRUE,TRUE,Fully disclosed
325569,Pre-Workout Breezeberry,L-Citrulline Malate,non-nutrient/non-botanical,1,1,TRUE,TRUE,Fully disclosed
325569,Pre-Workout Breezeberry,L-Theanine,amino acid,1,1,TRUE,TRUE,Fully disclosed
325569,Pre-Workout Breezeberry,L-Tyrosine,amino acid,1,1,TRUE,TRUE,Fully disclosed
326386,ENGN Pre-Workout Blue Raz,Beta-Alanine,amino acid,1,1,TRUE,TRUE,Fully disclosed
326386,ENGN Pre-Workout Blue Raz,Caffeine Anhydrous,non-nutrient/non-botanical,1,1,TRUE,TRUE,Fully disclosed
326386,ENGN Pre-Workout Blue Raz,Choline,vitamin,1,1,TRUE,TRUE,Fully disclosed
326386,ENGN Pre-Workout Blue Raz,Choline Bitartrate,vitamin,1,1,TRUE,TRUE,Fully disclosed
326386,ENGN Pre-Workout Blue Raz,Creatine Monohydrate,non-nutrient/non-botanical,1,1,TRUE,TRUE,Fully disclosed
326386,ENGN Pre-Workout Blue Raz,Folic Acid,vitamin,1,1,TRUE,TRUE,Fully disclosed
326386,ENGN Pre-Workout Blue Raz,N-Acetyl-L-Tyrosine,non-nutrient/non-botanical,1,1,TRUE,TRUE,Fully disclosed
326386,ENGN Pre-Workout Blue Raz,Niacinamide,vitamin,1,1,TRUE,TRUE,Fully disclosed
326386,ENGN Pre-Workout Blue Raz,Olive Leaf Extract,botanical,1,1,TRUE,TRUE,Fully disclosed
326386,ENGN Pre-Workout Blue Raz,Vitamin B1,vitamin,1,1,TRUE,TRUE,Fully disclosed
326386,ENGN Pre-Workout Blue Raz,Vitamin B12,vitamin,1,1,TRUE,TRUE,Fully disclosed
326386,ENGN Pre-Workout Blue Raz,Vitamin B6,vitamin,1,1,TRUE,TRUE,Fully disclosed
326387,ENGN Pre-Workout Cherry Limeade,Agmatine Sulfate,non-nutrient/non-botanical,1,1,TRUE,TRUE,Fully disclosed
326387,ENGN Pre-Workout Cherry Limeade,Beta-Alanine,amino acid,1,1,TRUE,TRUE,Fully disclosed
326387,ENGN Pre-Workout Cherry Limeade,Betaine Anhydrous,non-nutrient/non-botanical,1,1,TRUE,TRUE,Fully disclosed
326387,ENGN Pre-Workout Cherry Limeade,BioPerine,botanical,1,1,TRUE,TRUE,Fully disclosed
326387,ENGN Pre-Workout Cherry Limeade,Caffeine Anhydrous,non-nutrient/non-botanical,1,1,TRUE,TRUE,Fully disclosed
326387,ENGN Pre-Workout Cherry Limeade,Choline,vitamin,1,1,TRUE,TRUE,Fully disclosed
326387,ENGN Pre-Workout Cherry Limeade,Choline Bitartrate,vitamin,1,1,TRUE,TRUE,Fully disclosed
326387,ENGN Pre-Workout Cherry Limeade,Club Moss Extract,botanical,1,1,TRUE,TRUE,Fully disclosed
326387,ENGN Pre-Workout Cherry Limeade,Creatine Monohydrate,non-nutrient/non-botanical,1,1,TRUE,TRUE,Fully disclosed
326387,ENGN Pre-Workout Cherry Limeade,ENGN Mind-to-Muscle Matrix,blend,1,1,TRUE,TRUE,Fully disclosed
326387,ENGN Pre-Workout Cherry Limeade,Folic Acid,vitamin,1,1,TRUE,TRUE,Fully disclosed
326387,ENGN Pre-Workout Cherry Limeade,L-Theanine,non-nutrient/non-botanical,1,1,TRUE,TRUE,Fully disclosed
326387,ENGN Pre-Workout Cherry Limeade,L-Tyrosine,amino acid,1,1,TRUE,TRUE,Fully disclosed
326387,ENGN Pre-Workout Cherry Limeade,Mucuna pruriens Extract,botanical,1,1,TRUE,TRUE,Fully disclosed
326387,ENGN Pre-Workout Cherry Limeade,Niacin,vitamin,1,1,TRUE,TRUE,Fully disclosed
326387,ENGN Pre-Workout Cherry Limeade,Theobroma cacao Seed Extract,botanical,1,1,TRUE,TRUE,Fully disclosed
326387,ENGN Pre-Workout Cherry Limeade,Vitamin B12,vitamin,1,1,TRUE,TRUE,Fully disclosed
326387,ENGN Pre-Workout Cherry Limeade,Vitamin B6,vitamin,1,1,TRUE,TRUE,Fully disclosed
326387,ENGN Pre-Workout Cherry Limeade,Vitashure,non-nutrient/non-botanical,1,1,TRUE,TRUE,Fully disclosed
326388,ENGN Pre-Workout Engine Furious Grape,Agmatine Sulfate,non-nutrient/non-botanical,1,1,TRUE,TRUE,Fully disclosed
326388,ENGN Pre-Workout Engine Furious Grape,Beta-Alanine,amino acid,1,1,TRUE,TRUE,Fully disclosed
326388,ENGN Pre-Workout Engine Furious Grape,Betaine Anhydrous,non-nutrient/non-botanical,1,1,TRUE,TRUE,Fully disclosed
326388,ENGN Pre-Workout Engine Furious Grape,BioPerine,botanical,1,1,TRUE,TRUE,Fully disclosed
326388,ENGN Pre-Workout Engine Furious Grape,Caffeine Anhydrous,non-nutrient/non-botanical,1,1,TRUE,TRUE,Fully disclosed
326388,ENGN Pre-Workout Engine Furious Grape,Choline,vitamin,1,1,TRUE,TRUE,Fully disclosed
326388,ENGN Pre-Workout Engine Furious Grape,Choline Bitartrate,vitamin,1,1,TRUE,TRUE,Fully disclosed
326388,ENGN Pre-Workout Engine Furious Grape,Club Moss Extract,botanical,1,1,TRUE,TRUE,Fully disclosed
326388,ENGN Pre-Workout Engine Furious Grape,Creatine Monohydrate,non-nutrient/non-botanical,1,1,TRUE,TRUE,Fully disclosed
326388,ENGN Pre-Workout Engine Furious Grape,ENGN Mind-to-Muscle Matrix,blend,1,1,TRUE,TRUE,Fully disclosed
326388,ENGN Pre-Workout Engine Furious Grape,Folic Acid,vitamin,1,1,TRUE,TRUE,Fully disclosed
326388,ENGN Pre-Workout Engine Furious Grape,L-Theanine,non-nutrient/non-botanical,1,1,TRUE,TRUE,Fully disclosed
326388,ENGN Pre-Workout Engine Furious Grape,L-Tyrosine,amino acid,1,1,TRUE,TRUE,Fully disclosed
326388,ENGN Pre-Workout Engine Furious Grape,Mucuna pruriens Extract,botanical,1,1,TRUE,TRUE,Fully disclosed
326388,ENGN Pre-Workout Engine Furious Grape,Niacin,vitamin,1,1,TRUE,TRUE,Fully disclosed
326388,ENGN Pre-Workout Engine Furious Grape,Theobroma cacao Seed Extract,botanical,1,1,TRUE,TRUE,Fully disclosed
326388,ENGN Pre-Workout Engine Furious Grape,Vitamin B12,vitamin,1,1,TRUE,TRUE,Fully disclosed
326388,ENGN Pre-Workout Engine Furious Grape,Vitamin B6,vitamin,1,1,TRUE,TRUE,Fully disclosed
326388,ENGN Pre-Workout Engine Furious Grape,Vitashure,non-nutrient/non-botanical,1,1,TRUE,TRUE,Fully disclosed
326389,ENGN Pre-Workout Pink Lemonade,Agmatine Sulfate,non-nutrient/non-botanical,1,1,TRUE,TRUE,Fully disclosed
326389,ENGN Pre-Workout Pink Lemonade,Beta-Alanine,amino acid,1,1,TRUE,TRUE,Fully disclosed
326389,ENGN Pre-Workout Pink Lemonade,Betaine Anhydrous,non-nutrient/non-botanical,1,1,TRUE,TRUE,Fully disclosed
326389,ENGN Pre-Workout Pink Lemonade,BioPerine,botanical,1,1,TRUE,TRUE,Fully disclosed
326389,ENGN Pre-Workout Pink Lemonade,Caffeine Anhydrous,non-nutrient/non-botanical,1,1,TRUE,TRUE,Fully disclosed
326389,ENGN Pre-Workout Pink Lemonade,Choline,vitamin,1,1,TRUE,TRUE,Fully disclosed
326389,ENGN Pre-Workout Pink Lemonade,Choline Bitartrate,vitamin,1,1,TRUE,TRUE,Fully disclosed
326389,ENGN Pre-Workout Pink Lemonade,Club Moss Extract,botanical,1,1,TRUE,TRUE,Fully disclosed
326389,ENGN Pre-Workout Pink Lemonade,Creatine Monohydrate,non-nutrient/non-botanical,1,1,TRUE,TRUE,Fully disclosed
326389,ENGN Pre-Workout Pink Lemonade,ENGN Mind-to-Muscle Matrix,blend,1,1,TRUE,TRUE,Fully disclosed
326389,ENGN Pre-Workout Pink Lemonade,Folic Acid,vitamin,1,1,TRUE,TRUE,Fully disclosed
326389,ENGN Pre-Workout Pink Lemonade,L-Theanine,non-nutrient/non-botanical,1,1,TRUE,TRUE,Fully disclosed
326389,ENGN Pre-Workout Pink Lemonade,L-Tyrosine,amino acid,1,1,TRUE,TRUE,Fully disclosed
326389,ENGN Pre-Workout Pink Lemonade,Mucuna pruriens Extract,botanical,1,1,TRUE,TRUE,Fully disclosed
326389,ENGN Pre-Workout Pink Lemonade,Niacin,vitamin,1,1,TRUE,TRUE,Fully disclosed
326389,ENGN Pre-Workout Pink Lemonade,Theobroma cacao Seed Extract,botanical,1,1,TRUE,TRUE,Fully disclosed
326389,ENGN Pre-Workout Pink Lemonade,Vitamin B12,vitamin,1,1,TRUE,TRUE,Fully disclosed
326389,ENGN Pre-Workout Pink Lemonade,Vitamin B6,vitamin,1,1,TRUE,TRUE,Fully disclosed
326389,ENGN Pre-Workout Pink Lemonade,Vitashure,non-nutrient/non-botanical,1,1,TRUE,TRUE,Fully disclosed
326390,ENGN Pre-Workout Pink Starblast,Agmatine Sulfate,non-nutrient/non-botanical,1,1,TRUE,TRUE,Fully disclosed
326390,ENGN Pre-Workout Pink Starblast,Beta-Alanine,amino acid,1,1,TRUE,TRUE,Fully disclosed
326390,ENGN Pre-Workout Pink Starblast,Betaine Anhydrous,non-nutrient/non-botanical,1,1,TRUE,TRUE,Fully disclosed
326390,ENGN Pre-Workout Pink Starblast,BioPerine,botanical,1,1,TRUE,TRUE,Fully disclosed
326390,ENGN Pre-Workout Pink Starblast,Caffeine Anhydrous,non-nutrient/non-botanical,1,1,TRUE,TRUE,Fully disclosed
326390,ENGN Pre-Workout Pink Starblast,Choline,vitamin,1,1,TRUE,TRUE,Fully disclosed
326390,ENGN Pre-Workout Pink Starblast,Choline Bitartrate,vitamin,1,1,TRUE,TRUE,Fully disclosed
326390,ENGN Pre-Workout Pink Starblast,Club Moss Extract,botanical,1,1,TRUE,TRUE,Fully disclosed
326390,ENGN Pre-Workout Pink Starblast,Creatine Monohydrate,non-nutrient/non-botanical,1,1,TRUE,TRUE,Fully disclosed
326390,ENGN Pre-Workout Pink Starblast,ENGN Mind-to-Muscle Matrix,blend,1,1,TRUE,TRUE,Fully disclosed
326390,ENGN Pre-Workout Pink Starblast,Folic Acid,vitamin,1,1,TRUE,TRUE,Fully disclosed
326390,ENGN Pre-Workout Pink Starblast,L-Theanine,non-nutrient/non-botanical,1,1,TRUE,TRUE,Fully disclosed
326390,ENGN Pre-Workout Pink Starblast,L-Tyrosine,amino acid,1,1,TRUE,TRUE,Fully disclosed
326390,ENGN Pre-Workout Pink Starblast,Mucuna pruriens Extract,botanical,1,1,TRUE,TRUE,Fully disclosed
326390,ENGN Pre-Workout Pink Starblast,Niacin,vitamin,1,1,TRUE,TRUE,Fully disclosed
326390,ENGN Pre-Workout Pink Starblast,Theobroma cacao Seed Extract,botanical,1,1,TRUE,TRUE,Fully disclosed
326390,ENGN Pre-Workout Pink Starblast,Vitamin B12,vitamin,1,1,TRUE,TRUE,Fully disclosed
326390,ENGN Pre-Workout Pink Starblast,Vitamin B6,vitamin,1,1,TRUE,TRUE,Fully disclosed
326390,ENGN Pre-Workout Pink Starblast,Vitashure,non-nutrient/non-botanical,1,1,TRUE,TRUE,Fully disclosed
326391,ENGN Pre-Workout Ring Candy,Agmatine Sulfate,non-nutrient/non-botanical,1,1,TRUE,TRUE,Fully disclosed
326391,ENGN Pre-Workout Ring Candy,Beta-Alanine,amino acid,1,1,TRUE,TRUE,Fully disclosed
326391,ENGN Pre-Workout Ring Candy,Betaine Anhydrous,non-nutrient/non-botanical,1,1,TRUE,TRUE,Fully disclosed
326391,ENGN Pre-Workout Ring Candy,BioPerine,botanical,1,1,TRUE,TRUE,Fully disclosed
326391,ENGN Pre-Workout Ring Candy,Caffeine Anhydrous,non-nutrient/non-botanical,1,1,TRUE,TRUE,Fully disclosed
326391,ENGN Pre-Workout Ring Candy,Choline,vitamin,1,1,TRUE,TRUE,Fully disclosed
326391,ENGN Pre-Workout Ring Candy,Choline Bitartrate,vitamin,1,1,TRUE,TRUE,Fully disclosed
326391,ENGN Pre-Workout Ring Candy,Club Moss Extract,botanical,1,1,TRUE,TRUE,Fully disclosed
326391,ENGN Pre-Workout Ring Candy,Creatine Monohydrate,non-nutrient/non-botanical,1,1,TRUE,TRUE,Fully disclosed
326391,ENGN Pre-Workout Ring Candy,ENGN Mind-to-Muscle Matrix,blend,1,1,TRUE,TRUE,Fully disclosed
326391,ENGN Pre-Workout Ring Candy,Folic Acid,vitamin,1,1,TRUE,TRUE,Fully disclosed
326391,ENGN Pre-Workout Ring Candy,L-Theanine,non-nutrient/non-botanical,1,1,TRUE,TRUE,Fully disclosed
326391,ENGN Pre-Workout Ring Candy,L-Tyrosine,amino acid,1,1,TRUE,TRUE,Fully disclosed
326391,ENGN Pre-Workout Ring Candy,Mucuna pruriens Extract,botanical,1,1,TRUE,TRUE,Fully disclosed
326391,ENGN Pre-Workout Ring Candy,Niacin,vitamin,1,1,TRUE,TRUE,Fully disclosed
326391,ENGN Pre-Workout Ring Candy,Sodium,mineral,1,1,TRUE,TRUE,Fully disclosed
326391,ENGN Pre-Workout Ring Candy,Theobroma cacao Seed Extract,botanical,1,1,TRUE,TRUE,Fully disclosed
326391,ENGN Pre-Workout Ring Candy,Vitamin B12,vitamin,1,1,TRUE,TRUE,Fully disclosed
326391,ENGN Pre-Workout Ring Candy,Vitamin B6,vitamin,1,1,TRUE,TRUE,Fully disclosed
326391,ENGN Pre-Workout Ring Candy,Vitashure,non-nutrient/non-botanical,1,1,TRUE,TRUE,Fully disclosed
326393,ENGN Shred Pre-Workout Blue Raz,Beta-Alanine,amino acid,1,1,TRUE,TRUE,Fully disclosed
326393,ENGN Shred Pre-Workout Blue Raz,Betaine Anhydrous,non-nutrient/non-botanical,1,1,TRUE,TRUE,Fully disclosed
326393,ENGN Shred Pre-Workout Blue Raz,"Caffeine, Natural",non-nutrient/non-botanical,1,1,TRUE,TRUE,Fully disclosed
326393,ENGN Shred Pre-Workout Blue Raz,Capsimax,botanical,1,1,TRUE,TRUE,Fully disclosed
326393,ENGN Shred Pre-Workout Blue Raz,Choline,vitamin,1,1,TRUE,TRUE,Fully disclosed
326393,ENGN Shred Pre-Workout Blue Raz,Choline Bitartrate,vitamin,1,1,TRUE,TRUE,Fully disclosed
326393,ENGN Shred Pre-Workout Blue Raz,Chromium,mineral,1,1,TRUE,TRUE,Fully disclosed
326393,ENGN Shred Pre-Workout Blue Raz,"Conjugated Linoleic Acid, Powder",fatty acid,1,1,TRUE,TRUE,Fully disclosed
326393,ENGN Shred Pre-Workout Blue Raz,Folic Acid,vitamin,1,1,TRUE,TRUE,Fully disclosed
326393,ENGN Shred Pre-Workout Blue Raz,L-Carnitine L-Tartrate,non-nutrient/non-botanical,1,1,TRUE,TRUE,Fully disclosed
326393,ENGN Shred Pre-Workout Blue Raz,L-Tyrosine,amino acid,1,1,TRUE,TRUE,Fully disclosed
326393,ENGN Shred Pre-Workout Blue Raz,Niacin,vitamin,1,1,TRUE,TRUE,Fully disclosed
326393,ENGN Shred Pre-Workout Blue Raz,Olive Leaf Extract,botanical,1,1,TRUE,TRUE,Fully disclosed
326393,ENGN Shred Pre-Workout Blue Raz,Vitamin B1,vitamin,1,1,TRUE,TRUE,Fully disclosed
326393,ENGN Shred Pre-Workout Blue Raz,Vitamin B12,vitamin,1,1,TRUE,TRUE,Fully disclosed
326393,ENGN Shred Pre-Workout Blue Raz,Vitamin B6,vitamin,1,1,TRUE,TRUE,Fully disclosed
326394,ENGN Shred Pre-Workout Grape,Agmatine Sulfate,non-nutrient/non-botanical,1,1,TRUE,TRUE,Fully disclosed
326394,ENGN Shred Pre-Workout Grape,"Alpha-Glycerylphosphorylcholine, Powder",non-nutrient/non-botanical,1,1,TRUE,TRUE,Fully disclosed
326394,ENGN Shred Pre-Workout Grape,Beta-Alanine,amino acid,1,1,TRUE,TRUE,Fully disclosed
326394,ENGN Shred Pre-Workout Grape,Betaine Anhydrous,non-nutrient/non-botanical,1,1,TRUE,TRUE,Fully disclosed
326394,ENGN Shred Pre-Workout Grape,"Caffeine, Natural",non-nutrient/non-botanical,1,1,FALSE,FALSE,Not disclosed
326394,ENGN Shred Pre-Workout Grape,Capsimax,botanical,1,1,TRUE,TRUE,Fully disclosed
326394,ENGN Shred Pre-Workout Grape,Choline,vitamin,1,1,TRUE,TRUE,Fully disclosed
326394,ENGN Shred Pre-Workout Grape,Choline Bitartrate,vitamin,1,1,TRUE,TRUE,Fully disclosed
326394,ENGN Shred Pre-Workout Grape,Club Moss Extract,botanical,1,1,TRUE,TRUE,Fully disclosed
326394,ENGN Shred Pre-Workout Grape,Coleus root extract,botanical,1,1,TRUE,TRUE,Fully disclosed
326394,ENGN Shred Pre-Workout Grape,"Conjugated Linoleic Acid, Powder",fatty acid,1,1,TRUE,TRUE,Fully disclosed
326394,ENGN Shred Pre-Workout Grape,ENGN Energizers,blend,1,1,TRUE,TRUE,Fully disclosed
326394,ENGN Shred Pre-Workout Grape,ENGN Mind-to-Muscle Matrix,blend,1,1,TRUE,TRUE,Fully disclosed
326394,ENGN Shred Pre-Workout Grape,ENGN Shred Matrix,blend,1,1,FALSE,FALSE,Not disclosed
326394,ENGN Shred Pre-Workout Grape,Folic Acid,vitamin,1,1,TRUE,TRUE,Fully disclosed
326394,ENGN Shred Pre-Workout Grape,Green Tea Leaf Extract,botanical,1,1,FALSE,FALSE,Not disclosed
326394,ENGN Shred Pre-Workout Grape,L-Carnitine L-Tartrate,non-nutrient/non-botanical,1,1,TRUE,TRUE,Fully disclosed
326394,ENGN Shred Pre-Workout Grape,L-Tyrosine,amino acid,1,1,TRUE,TRUE,Fully disclosed
326394,ENGN Shred Pre-Workout Grape,Niacin,vitamin,1,1,TRUE,TRUE,Fully disclosed
326394,ENGN Shred Pre-Workout Grape,Vitamin B12,vitamin,1,1,TRUE,TRUE,Fully disclosed
326394,ENGN Shred Pre-Workout Grape,Vitamin B6,vitamin,1,1,TRUE,TRUE,Fully disclosed
326394,ENGN Shred Pre-Workout Grape,Yohimbe Bark Extract,botanical,1,1,TRUE,TRUE,Fully disclosed
326408,RPM Pre-Workout Blue Raz,Betaine Anhydrous,non-nutrient/non-botanical,1,1,TRUE,TRUE,Fully disclosed
326408,RPM Pre-Workout Blue Raz,Bioperine,botanical,1,1,TRUE,TRUE,Fully disclosed
326408,RPM Pre-Workout Blue Raz,Caffeine Anhydrous,non-nutrient/non-botanical,1,1,TRUE,TRUE,Fully disclosed
326408,RPM Pre-Workout Blue Raz,Choline,vitamin,1,1,TRUE,TRUE,Fully disclosed
326408,RPM Pre-Workout Blue Raz,Choline Bitartrate,vitamin,1,1,TRUE,TRUE,Fully disclosed
326408,RPM Pre-Workout Blue Raz,Dynamine,non-nutrient/non-botanical,1,1,TRUE,TRUE,Fully disclosed
326408,RPM Pre-Workout Blue Raz,Huperzia serrata Whole Herb Extract,botanical,1,1,TRUE,TRUE,Fully disclosed
326408,RPM Pre-Workout Blue Raz,L-Alanine,amino acid,1,1,TRUE,TRUE,Fully disclosed
326408,RPM Pre-Workout Blue Raz,L-Theanine,non-nutrient/non-botanical,1,1,TRUE,TRUE,Fully disclosed
326408,RPM Pre-Workout Blue Raz,L-Tyrosine,amino acid,1,1,TRUE,TRUE,Fully disclosed
326408,RPM Pre-Workout Blue Raz,Taurine,non-nutrient/non-botanical,1,1,TRUE,TRUE,Fully disclosed
326408,RPM Pre-Workout Blue Raz,TeaCrine,non-nutrient/non-botanical,1,1,TRUE,TRUE,Fully disclosed
326408,RPM Pre-Workout Blue Raz,Theobromine,non-nutrient/non-botanical,1,1,TRUE,TRUE,Fully disclosed
326408,RPM Pre-Workout Blue Raz,Vitamin B12,vitamin,1,1,TRUE,TRUE,Fully disclosed
326408,RPM Pre-Workout Blue Raz,Vitamin B6,vitamin,1,1,TRUE,TRUE,Fully disclosed
326408,RPM Pre-Workout Blue Raz,Vitamin C,vitamin,1,1,TRUE,TRUE,Fully disclosed
326408,RPM Pre-Workout Blue Raz,ZumXR,non-nutrient/non-botanical,1,1,TRUE,TRUE,Fully disclosed
326409,RPM Pre-Workout Blue Raz Sample Pack,Betaine Anhydrous,non-nutrient/non-botanical,1,1,TRUE,TRUE,Fully disclosed
326409,RPM Pre-Workout Blue Raz Sample Pack,Bioperine,botanical,1,1,TRUE,TRUE,Fully disclosed
326409,RPM Pre-Workout Blue Raz Sample Pack,Caffeine,non-nutrient/non-botanical,1,1,TRUE,TRUE,Fully disclosed
326409,RPM Pre-Workout Blue Raz Sample Pack,Caffeine Anhydrous,non-nutrient/non-botanical,1,1,TRUE,TRUE,Fully disclosed
326409,RPM Pre-Workout Blue Raz Sample Pack,Choline,vitamin,1,1,TRUE,TRUE,Fully disclosed
326409,RPM Pre-Workout Blue Raz Sample Pack,Choline Bitartrate,vitamin,1,1,TRUE,TRUE,Fully disclosed
326409,RPM Pre-Workout Blue Raz Sample Pack,Dynamine,non-nutrient/non-botanical,1,1,TRUE,TRUE,Fully disclosed
326409,RPM Pre-Workout Blue Raz Sample Pack,Huperzia serrata Whole Herb Extract,botanical,1,1,TRUE,TRUE,Fully disclosed
326409,RPM Pre-Workout Blue Raz Sample Pack,L-Alanine,amino acid,1,1,TRUE,TRUE,Fully disclosed
326409,RPM Pre-Workout Blue Raz Sample Pack,L-Theanine,non-nutrient/non-botanical,1,1,TRUE,TRUE,Fully disclosed
326409,RPM Pre-Workout Blue Raz Sample Pack,L-Tyrosine,amino acid,1,1,TRUE,TRUE,Fully disclosed
326409,RPM Pre-Workout Blue Raz Sample Pack,Taurine,non-nutrient/non-botanical,1,1,TRUE,TRUE,Fully disclosed
326409,RPM Pre-Workout Blue Raz Sample Pack,TeaCrine,non-nutrient/non-botanical,1,1,TRUE,TRUE,Fully disclosed
326409,RPM Pre-Workout Blue Raz Sample Pack,Theobromine,non-nutrient/non-botanical,1,1,TRUE,TRUE,Fully disclosed
326409,RPM Pre-Workout Blue Raz Sample Pack,Vitamin B12,vitamin,1,1,TRUE,TRUE,Fully disclosed
326409,RPM Pre-Workout Blue Raz Sample Pack,Vitamin B6,vitamin,1,1,TRUE,TRUE,Fully disclosed
326409,RPM Pre-Workout Blue Raz Sample Pack,Vitamin C,vitamin,1,1,TRUE,TRUE,Fully disclosed
326772,ENGN Shred Pre-Workout Cherry Limeade,Beta-Alanine,amino acid,1,1,TRUE,TRUE,Fully disclosed
326772,ENGN Shred Pre-Workout Cherry Limeade,Betaine Anhydrous,non-nutrient/non-botanical,1,1,TRUE,TRUE,Fully disclosed
326772,ENGN Shred Pre-Workout Cherry Limeade,"Caffeine, Natural",non-nutrient/non-botanical,1,1,TRUE,TRUE,Fully disclosed
326772,ENGN Shred Pre-Workout Cherry Limeade,Capsimax,botanical,1,1,TRUE,TRUE,Fully disclosed
326772,ENGN Shred Pre-Workout Cherry Limeade,Choline,vitamin,1,1,TRUE,TRUE,Fully disclosed
326772,ENGN Shred Pre-Workout Cherry Limeade,Choline Bitartrate,vitamin,1,1,TRUE,TRUE,Fully disclosed
326772,ENGN Shred Pre-Workout Cherry Limeade,Chromium,mineral,1,1,TRUE,TRUE,Fully disclosed
326772,ENGN Shred Pre-Workout Cherry Limeade,"Conjugated Linoleic Acid, Powder",fatty acid,1,1,TRUE,TRUE,Fully disclosed
326772,ENGN Shred Pre-Workout Cherry Limeade,Folic Acid,vitamin,1,1,TRUE,TRUE,Fully disclosed
326772,ENGN Shred Pre-Workout Cherry Limeade,L-Carnitine L-Tartrate,non-nutrient/non-botanical,1,1,TRUE,TRUE,Fully disclosed
326772,ENGN Shred Pre-Workout Cherry Limeade,L-Tyrosine,amino acid,1,1,TRUE,TRUE,Fully disclosed
326772,ENGN Shred Pre-Workout Cherry Limeade,Niacin,vitamin,1,1,TRUE,TRUE,Fully disclosed
326772,ENGN Shred Pre-Workout Cherry Limeade,Olive Leaf Extract,botanical,1,1,TRUE,TRUE,Fully disclosed
326772,ENGN Shred Pre-Workout Cherry Limeade,Vitamin B1,vitamin,1,1,TRUE,TRUE,Fully disclosed
326772,ENGN Shred Pre-Workout Cherry Limeade,Vitamin B12,vitamin,1,1,TRUE,TRUE,Fully disclosed
326772,ENGN Shred Pre-Workout Cherry Limeade,Vitamin B6,vitamin,1,1,TRUE,TRUE,Fully disclosed
326773,ENGN Shred Pre-Workout Fruit Punch,Agmatine Sulfate,non-nutrient/non-botanical,1,1,TRUE,TRUE,Fully disclosed
326773,ENGN Shred Pre-Workout Fruit Punch,"Alpha-Glycerylphosphorylcholine, Powder",non-nutrient/non-botanical,1,1,TRUE,TRUE,Fully disclosed
326773,ENGN Shred Pre-Workout Fruit Punch,Beta-Alanine,amino acid,1,1,TRUE,TRUE,Fully disclosed
326773,ENGN Shred Pre-Workout Fruit Punch,Betaine Anhydrous,non-nutrient/non-botanical,1,1,TRUE,TRUE,Fully disclosed
326773,ENGN Shred Pre-Workout Fruit Punch,"Caffeine, Natural",non-nutrient/non-botanical,1,1,FALSE,FALSE,Not disclosed
326773,ENGN Shred Pre-Workout Fruit Punch,Capsimax,botanical,1,1,TRUE,TRUE,Fully disclosed
326773,ENGN Shred Pre-Workout Fruit Punch,Choline,vitamin,1,1,TRUE,TRUE,Fully disclosed
326773,ENGN Shred Pre-Workout Fruit Punch,Choline Bitartrate,vitamin,1,1,TRUE,TRUE,Fully disclosed
326773,ENGN Shred Pre-Workout Fruit Punch,Club Moss Extract,botanical,1,1,TRUE,TRUE,Fully disclosed
326773,ENGN Shred Pre-Workout Fruit Punch,Coleus Root Extract,botanical,1,1,TRUE,TRUE,Fully disclosed
326773,ENGN Shred Pre-Workout Fruit Punch,"Conjugated Linoleic Acid, Powder",fatty acid,1,1,TRUE,TRUE,Fully disclosed
326773,ENGN Shred Pre-Workout Fruit Punch,ENGN Energizers,blend,1,1,TRUE,TRUE,Fully disclosed
326773,ENGN Shred Pre-Workout Fruit Punch,ENGN Mind-to-Muscle Matrix,blend,1,1,TRUE,TRUE,Fully disclosed
326773,ENGN Shred Pre-Workout Fruit Punch,ENGN Shred Matrix,blend,1,1,FALSE,FALSE,Not disclosed
326773,ENGN Shred Pre-Workout Fruit Punch,Folic Acid,vitamin,1,1,TRUE,TRUE,Fully disclosed
326773,ENGN Shred Pre-Workout Fruit Punch,Green Tea Leaf Extract,botanical,1,1,FALSE,FALSE,Not disclosed
326773,ENGN Shred Pre-Workout Fruit Punch,L-Carnitine L-Tartrate,non-nutrient/non-botanical,1,1,TRUE,TRUE,Fully disclosed
326773,ENGN Shred Pre-Workout Fruit Punch,L-Tyrosine,amino acid,1,1,TRUE,TRUE,Fully disclosed
326773,ENGN Shred Pre-Workout Fruit Punch,Niacin,vitamin,1,1,TRUE,TRUE,Fully disclosed
326773,ENGN Shred Pre-Workout Fruit Punch,Vitamin B12,vitamin,1,1,TRUE,TRUE,Fully disclosed
326773,ENGN Shred Pre-Workout Fruit Punch,Vitamin B6,vitamin,1,1,TRUE,TRUE,Fully disclosed
326773,ENGN Shred Pre-Workout Fruit Punch,Yohimbe Bark Extract,botanical,1,1,TRUE,TRUE,Fully disclosed
327071,Pre-Workout with Caffeine Mango,"Asian Ginseng, Powder",botanical,1,1,TRUE,TRUE,Fully disclosed
327071,Pre-Workout with Caffeine Mango,Caffeine,non-nutrient/non-botanical,1,1,TRUE,TRUE,Fully disclosed
327071,Pre-Workout with Caffeine Mango,CarnoSyn,amino acid,1,1,TRUE,TRUE,Fully disclosed
327071,Pre-Workout with Caffeine Mango,Citrulline Malate,non-nutrient/non-botanical,1,1,TRUE,TRUE,Fully disclosed
327071,Pre-Workout with Caffeine Mango,L-Isoleucine,amino acid,1,1,TRUE,TRUE,Fully disclosed
327071,Pre-Workout with Caffeine Mango,L-Leucine,amino acid,1,1,TRUE,TRUE,Fully disclosed
327071,Pre-Workout with Caffeine Mango,L-Valine,amino acid,1,1,TRUE,TRUE,Fully disclosed
327071,Pre-Workout with Caffeine Mango,Vegan BCAA Blend,blend,1,1,TRUE,TRUE,Fully disclosed
327778,RPM Pre-Workout Peach Rings,Betaine Anhydrous,non-nutrient/non-botanical,1,1,TRUE,TRUE,Fully disclosed
327778,RPM Pre-Workout Peach Rings,Bioperine,botanical,1,1,TRUE,TRUE,Fully disclosed
327778,RPM Pre-Workout Peach Rings,Caffeine,non-nutrient/non-botanical,1,1,TRUE,TRUE,Fully disclosed
327778,RPM Pre-Workout Peach Rings,Caffeine Anhydrous,non-nutrient/non-botanical,1,1,TRUE,TRUE,Fully disclosed
327778,RPM Pre-Workout Peach Rings,Choline,vitamin,1,1,TRUE,TRUE,Fully disclosed
327778,RPM Pre-Workout Peach Rings,Choline Bitartrate,vitamin,1,1,TRUE,TRUE,Fully disclosed
327778,RPM Pre-Workout Peach Rings,Dynamine,non-nutrient/non-botanical,1,1,TRUE,TRUE,Fully disclosed
327778,RPM Pre-Workout Peach Rings,Huperzia serrata Whole Herb Extract,botanical,1,1,TRUE,TRUE,Fully disclosed
327778,RPM Pre-Workout Peach Rings,L-Alanine,amino acid,1,1,TRUE,TRUE,Fully disclosed
327778,RPM Pre-Workout Peach Rings,L-Theanine,non-nutrient/non-botanical,1,1,TRUE,TRUE,Fully disclosed
327778,RPM Pre-Workout Peach Rings,L-Tyrosine,amino acid,1,1,TRUE,TRUE,Fully disclosed
327778,RPM Pre-Workout Peach Rings,Taurine,non-nutrient/non-botanical,1,1,TRUE,TRUE,Fully disclosed
327778,RPM Pre-Workout Peach Rings,TeaCrine,non-nutrient/non-botanical,1,1,TRUE,TRUE,Fully disclosed
327778,RPM Pre-Workout Peach Rings,Theobromine,non-nutrient/non-botanical,1,1,TRUE,TRUE,Fully disclosed
327778,RPM Pre-Workout Peach Rings,Vitamin B12,vitamin,1,1,TRUE,TRUE,Fully disclosed
327778,RPM Pre-Workout Peach Rings,Vitamin B6,vitamin,1,1,TRUE,TRUE,Fully disclosed
327778,RPM Pre-Workout Peach Rings,Vitamin C,vitamin,1,1,TRUE,TRUE,Fully disclosed
328174,Pre-Workout Boost Green Apple,Amino Acid Blend,blend,1,1,TRUE,TRUE,Fully disclosed
328174,Pre-Workout Boost Green Apple,"Caffeine, Powder",non-nutrient/non-botanical,1,1,TRUE,TRUE,Fully disclosed
328174,Pre-Workout Boost Green Apple,CarnoSyn,amino acid,1,1,TRUE,TRUE,Fully disclosed
328174,Pre-Workout Boost Green Apple,L-Arginine,amino acid,1,1,FALSE,FALSE,Not disclosed
328174,Pre-Workout Boost Green Apple,L-Citrulline,amino acid,1,1,TRUE,TRUE,Fully disclosed
328174,Pre-Workout Boost Green Apple,L-Histidine,amino acid,1,1,FALSE,FALSE,Not disclosed
328174,Pre-Workout Boost Green Apple,L-Isoleucine,amino acid,1,1,FALSE,FALSE,Not disclosed
328174,Pre-Workout Boost Green Apple,L-Leucine,amino acid,1,1,FALSE,FALSE,Not disclosed
328174,Pre-Workout Boost Green Apple,L-Lysine Hydrochloride,amino acid,1,1,FALSE,FALSE,Not disclosed
328174,Pre-Workout Boost Green Apple,L-Methionine,amino acid,1,1,FALSE,FALSE,Not disclosed
328174,Pre-Workout Boost Green Apple,L-Phenylalanine,amino acid,1,1,FALSE,FALSE,Not disclosed
328174,Pre-Workout Boost Green Apple,L-Theanine,non-nutrient/non-botanical,1,1,TRUE,TRUE,Fully disclosed
328174,Pre-Workout Boost Green Apple,L-Threonine,amino acid,1,1,FALSE,FALSE,Not disclosed
328174,Pre-Workout Boost Green Apple,L-Tryptophan,amino acid,1,1,FALSE,FALSE,Not disclosed
328174,Pre-Workout Boost Green Apple,L-Valine,amino acid,1,1,FALSE,FALSE,Not disclosed
328174,Pre-Workout Boost Green Apple,Niacin,vitamin,1,1,TRUE,TRUE,Fully disclosed
328174,Pre-Workout Boost Green Apple,Pantothenic Acid,vitamin,1,1,TRUE,TRUE,Fully disclosed
328174,Pre-Workout Boost Green Apple,Rhodiola rosea Root Extract,botanical,1,1,TRUE,TRUE,Fully disclosed
328174,Pre-Workout Boost Green Apple,Riboflavin,vitamin,1,1,TRUE,TRUE,Fully disclosed
328174,Pre-Workout Boost Green Apple,Vitamin B12,vitamin,1,1,TRUE,TRUE,Fully disclosed
328174,Pre-Workout Boost Green Apple,Vitamin B6,vitamin,1,1,TRUE,TRUE,Fully disclosed
328175,Pre-Workout Boost Green Apple,Amino Acid Blend,blend,1,1,TRUE,TRUE,Fully disclosed
328175,Pre-Workout Boost Green Apple,"Caffeine, Powder",non-nutrient/non-botanical,1,1,TRUE,TRUE,Fully disclosed
328175,Pre-Workout Boost Green Apple,CarnoSyn,amino acid,1,1,TRUE,TRUE,Fully disclosed
328175,Pre-Workout Boost Green Apple,L-Arginine,amino acid,1,1,FALSE,FALSE,Not disclosed
328175,Pre-Workout Boost Green Apple,L-Citrulline,amino acid,1,1,TRUE,TRUE,Fully disclosed
328175,Pre-Workout Boost Green Apple,L-Histidine,amino acid,1,1,FALSE,FALSE,Not disclosed
328175,Pre-Workout Boost Green Apple,L-Isoleucine,amino acid,1,1,FALSE,FALSE,Not disclosed
328175,Pre-Workout Boost Green Apple,L-Leucine,amino acid,1,1,FALSE,FALSE,Not disclosed
328175,Pre-Workout Boost Green Apple,L-Lysine Hydrochloride,amino acid,1,1,FALSE,FALSE,Not disclosed
328175,Pre-Workout Boost Green Apple,L-Methionine,amino acid,1,1,FALSE,FALSE,Not disclosed
328175,Pre-Workout Boost Green Apple,L-Phenylalanine,amino acid,1,1,FALSE,FALSE,Not disclosed
328175,Pre-Workout Boost Green Apple,L-Theanine,non-nutrient/non-botanical,1,1,TRUE,TRUE,Fully disclosed
328175,Pre-Workout Boost Green Apple,L-Threonine,amino acid,1,1,FALSE,FALSE,Not disclosed
328175,Pre-Workout Boost Green Apple,L-Tryptophan,amino acid,1,1,FALSE,FALSE,Not disclosed
328175,Pre-Workout Boost Green Apple,L-Valine,amino acid,1,1,FALSE,FALSE,Not disclosed
328175,Pre-Workout Boost Green Apple,Niacin,vitamin,1,1,TRUE,TRUE,Fully disclosed
328175,Pre-Workout Boost Green Apple,Pantothenic Acid,vitamin,1,1,TRUE,TRUE,Fully disclosed
328175,Pre-Workout Boost Green Apple,Rhodiola rosea Root Extract,botanical,1,1,TRUE,TRUE,Fully disclosed
328175,Pre-Workout Boost Green Apple,Riboflavin,vitamin,1,1,TRUE,TRUE,Fully disclosed
328175,Pre-Workout Boost Green Apple,Vitamin B12,vitamin,1,1,TRUE,TRUE,Fully disclosed
328175,Pre-Workout Boost Green Apple,Vitamin B6,vitamin,1,1,TRUE,TRUE,Fully disclosed
328176,Pre-Workout Boost Blue Raspberry Flavored,Amino Acid Blend,blend,1,1,TRUE,TRUE,Fully disclosed
328176,Pre-Workout Boost Blue Raspberry Flavored,"Caffeine, Powder",non-nutrient/non-botanical,1,1,TRUE,TRUE,Fully disclosed
328176,Pre-Workout Boost Blue Raspberry Flavored,CarnoSyn,amino acid,1,1,TRUE,TRUE,Fully disclosed
328176,Pre-Workout Boost Blue Raspberry Flavored,L-Arginine,amino acid,1,1,FALSE,FALSE,Not disclosed
328176,Pre-Workout Boost Blue Raspberry Flavored,L-Citrulline,amino acid,1,1,TRUE,TRUE,Fully disclosed
328176,Pre-Workout Boost Blue Raspberry Flavored,L-Histidine,amino acid,1,1,FALSE,FALSE,Not disclosed
328176,Pre-Workout Boost Blue Raspberry Flavored,L-Isoleucine,amino acid,1,1,FALSE,FALSE,Not disclosed
328176,Pre-Workout Boost Blue Raspberry Flavored,L-Leucine,amino acid,1,1,FALSE,FALSE,Not disclosed
328176,Pre-Workout Boost Blue Raspberry Flavored,L-Lysine Hydrochloride,amino acid,1,1,FALSE,FALSE,Not disclosed
328176,Pre-Workout Boost Blue Raspberry Flavored,L-Methionine,amino acid,1,1,FALSE,FALSE,Not disclosed
328176,Pre-Workout Boost Blue Raspberry Flavored,L-Phenylalanine,amino acid,1,1,FALSE,FALSE,Not disclosed
328176,Pre-Workout Boost Blue Raspberry Flavored,L-Theanine,non-nutrient/non-botanical,1,1,TRUE,TRUE,Fully disclosed
328176,Pre-Workout Boost Blue Raspberry Flavored,L-Threonine,amino acid,1,1,FALSE,FALSE,Not disclosed
328176,Pre-Workout Boost Blue Raspberry Flavored,L-Tryptophan,amino acid,1,1,FALSE,FALSE,Not disclosed
328176,Pre-Workout Boost Blue Raspberry Flavored,L-Valine,amino acid,1,1,FALSE,FALSE,Not disclosed
328176,Pre-Workout Boost Blue Raspberry Flavored,Niacin,vitamin,1,1,TRUE,TRUE,Fully disclosed
328176,Pre-Workout Boost Blue Raspberry Flavored,Pantothenic Acid,vitamin,1,1,TRUE,TRUE,Fully disclosed
328176,Pre-Workout Boost Blue Raspberry Flavored,Rhodiola rosea Root Extract,botanical,1,1,TRUE,TRUE,Fully disclosed
328176,Pre-Workout Boost Blue Raspberry Flavored,Riboflavin,vitamin,1,1,TRUE,TRUE,Fully disclosed
328176,Pre-Workout Boost Blue Raspberry Flavored,Vitamin B12,vitamin,1,1,TRUE,TRUE,Fully disclosed
328176,Pre-Workout Boost Blue Raspberry Flavored,Vitamin B6,vitamin,1,1,TRUE,TRUE,Fully disclosed
328177,Pre-Workout Boost Blue Raspberry Flavored,Amino Acid Blend,blend,1,1,TRUE,TRUE,Fully disclosed
328177,Pre-Workout Boost Blue Raspberry Flavored,"Caffeine, Powder",non-nutrient/non-botanical,1,1,TRUE,TRUE,Fully disclosed
328177,Pre-Workout Boost Blue Raspberry Flavored,CarnoSyn,amino acid,1,1,TRUE,TRUE,Fully disclosed
328177,Pre-Workout Boost Blue Raspberry Flavored,L-Arginine,amino acid,1,1,FALSE,FALSE,Not disclosed
328177,Pre-Workout Boost Blue Raspberry Flavored,L-Citrulline,amino acid,1,1,TRUE,TRUE,Fully disclosed
328177,Pre-Workout Boost Blue Raspberry Flavored,L-Histidine,amino acid,1,1,FALSE,FALSE,Not disclosed
328177,Pre-Workout Boost Blue Raspberry Flavored,L-Isoleucine,amino acid,1,1,FALSE,FALSE,Not disclosed
328177,Pre-Workout Boost Blue Raspberry Flavored,L-Leucine,amino acid,1,1,FALSE,FALSE,Not disclosed
328177,Pre-Workout Boost Blue Raspberry Flavored,L-Lysine,amino acid,1,1,FALSE,FALSE,Not disclosed
328177,Pre-Workout Boost Blue Raspberry Flavored,L-Methionine,amino acid,1,1,FALSE,FALSE,Not disclosed
328177,Pre-Workout Boost Blue Raspberry Flavored,L-Phenylalanine,amino acid,1,1,FALSE,FALSE,Not disclosed
328177,Pre-Workout Boost Blue Raspberry Flavored,L-Theanine,non-nutrient/non-botanical,1,1,TRUE,TRUE,Fully disclosed
328177,Pre-Workout Boost Blue Raspberry Flavored,L-Threonine,amino acid,1,1,FALSE,FALSE,Not disclosed
328177,Pre-Workout Boost Blue Raspberry Flavored,L-Tryptophan,amino acid,1,1,FALSE,FALSE,Not disclosed
328177,Pre-Workout Boost Blue Raspberry Flavored,L-Valine,amino acid,1,1,FALSE,FALSE,Not disclosed
328177,Pre-Workout Boost Blue Raspberry Flavored,Niacin,vitamin,1,1,TRUE,TRUE,Fully disclosed
328177,Pre-Workout Boost Blue Raspberry Flavored,Pantothenic Acid,vitamin,1,1,TRUE,TRUE,Fully disclosed
328177,Pre-Workout Boost Blue Raspberry Flavored,Rhodiola rosea Root Extract,botanical,1,1,TRUE,TRUE,Fully disclosed
328177,Pre-Workout Boost Blue Raspberry Flavored,Riboflavin,vitamin,1,1,TRUE,TRUE,Fully disclosed
328177,Pre-Workout Boost Blue Raspberry Flavored,Vitamin B12,vitamin,1,1,TRUE,TRUE,Fully disclosed
328177,Pre-Workout Boost Blue Raspberry Flavored,Vitamin B6,vitamin,1,1,TRUE,TRUE,Fully disclosed
328267,Pre-Workout Caffeine Free Strawberry Lemonade,"Asian Ginseng, Powder",botanical,1,1,TRUE,TRUE,Fully disclosed
328267,Pre-Workout Caffeine Free Strawberry Lemonade,CarnoSyn,amino acid,1,1,TRUE,TRUE,Fully disclosed
328267,Pre-Workout Caffeine Free Strawberry Lemonade,Citrulline Malate,non-nutrient/non-botanical,1,1,TRUE,TRUE,Fully disclosed
328267,Pre-Workout Caffeine Free Strawberry Lemonade,L-Isoleucine,amino acid,1,1,TRUE,TRUE,Fully disclosed
328267,Pre-Workout Caffeine Free Strawberry Lemonade,L-Leucine,amino acid,1,1,TRUE,TRUE,Fully disclosed
328267,Pre-Workout Caffeine Free Strawberry Lemonade,L-Valine,amino acid,1,1,TRUE,TRUE,Fully disclosed
328267,Pre-Workout Caffeine Free Strawberry Lemonade,Vegan BCAA Blend,blend,1,1,TRUE,TRUE,Fully disclosed
328268,Pre-Workout with Caffeine Strawberry Lemonade,"Asian Ginseng, Powder",botanical,1,1,TRUE,TRUE,Fully disclosed
328268,Pre-Workout with Caffeine Strawberry Lemonade,Caffeine,non-nutrient/non-botanical,1,1,TRUE,TRUE,Fully disclosed
328268,Pre-Workout with Caffeine Strawberry Lemonade,CarnoSyn,amino acid,1,1,TRUE,TRUE,Fully disclosed
328268,Pre-Workout with Caffeine Strawberry Lemonade,Citrulline Malate,non-nutrient/non-botanical,1,1,TRUE,TRUE,Fully disclosed
328268,Pre-Workout with Caffeine Strawberry Lemonade,L-Isoleucine,amino acid,1,1,TRUE,TRUE,Fully disclosed
328268,Pre-Workout with Caffeine Strawberry Lemonade,L-Leucine,amino acid,1,1,TRUE,TRUE,Fully disclosed
328268,Pre-Workout with Caffeine Strawberry Lemonade,L-Valine,amino acid,1,1,TRUE,TRUE,Fully disclosed
328268,Pre-Workout with Caffeine Strawberry Lemonade,Vegan BCAA Blend,blend,1,1,TRUE,TRUE,Fully disclosed
328423,Bucked Up Pre-Workout Apple Spice,ActiGin,blend,1,1,TRUE,TRUE,Fully disclosed
328423,Bucked Up Pre-Workout Apple Spice,AlphaSize,non-nutrient/non-botanical,1,1,TRUE,TRUE,Fully disclosed
328423,Bucked Up Pre-Workout Apple Spice,AstraGin,blend,1,1,TRUE,TRUE,Fully disclosed
328423,Bucked Up Pre-Workout Apple Spice,Beta-Alanine,amino acid,1,1,TRUE,TRUE,Fully disclosed
328423,Bucked Up Pre-Workout Apple Spice,Caffeine Anhydrous,non-nutrient/non-botanical,1,1,TRUE,TRUE,Fully disclosed
328423,Bucked Up Pre-Workout Apple Spice,Citrulline Malate,non-nutrient/non-botanical,1,1,TRUE,TRUE,Fully disclosed
328423,Bucked Up Pre-Workout Apple Spice,Deer Antler Velvet Extract,animal part or source,1,1,TRUE,TRUE,Fully disclosed
328423,Bucked Up Pre-Workout Apple Spice,Himalayan Rock Salt,mineral,1,1,TRUE,TRUE,Fully disclosed
328423,Bucked Up Pre-Workout Apple Spice,Sodium,mineral,1,1,TRUE,TRUE,Fully disclosed
328423,Bucked Up Pre-Workout Apple Spice,Taurine,non-nutrient/non-botanical,1,1,TRUE,TRUE,Fully disclosed
328423,Bucked Up Pre-Workout Apple Spice,Vitamin B12,vitamin,1,1,TRUE,TRUE,Fully disclosed
328424,Bucked Up Pre-Workout Caramel Apple,ActiGin,blend,1,1,TRUE,TRUE,Fully disclosed
328424,Bucked Up Pre-Workout Caramel Apple,AlphaSize,non-nutrient/non-botanical,1,1,TRUE,TRUE,Fully disclosed
328424,Bucked Up Pre-Workout Caramel Apple,AstraGin,blend,1,1,TRUE,TRUE,Fully disclosed
328424,Bucked Up Pre-Workout Caramel Apple,Beta-Alanine,amino acid,1,1,TRUE,TRUE,Fully disclosed
328424,Bucked Up Pre-Workout Caramel Apple,Caffeine Anhydrous,non-nutrient/non-botanical,1,1,TRUE,TRUE,Fully disclosed
328424,Bucked Up Pre-Workout Caramel Apple,Citrulline Malate,non-nutrient/non-botanical,1,1,TRUE,TRUE,Fully disclosed
328424,Bucked Up Pre-Workout Caramel Apple,Deer Antler Velvet Extract,animal part or source,1,1,TRUE,TRUE,Fully disclosed
328424,Bucked Up Pre-Workout Caramel Apple,Himalayan Rock Salt,mineral,1,1,TRUE,TRUE,Fully disclosed
328424,Bucked Up Pre-Workout Caramel Apple,Sodium,mineral,1,1,TRUE,TRUE,Fully disclosed
328424,Bucked Up Pre-Workout Caramel Apple,Taurine,non-nutrient/non-botanical,1,1,TRUE,TRUE,Fully disclosed
328424,Bucked Up Pre-Workout Caramel Apple,Vitamin B12,vitamin,1,1,TRUE,TRUE,Fully disclosed
328425,Bucked Up Pre-Workout Cherry Candy,ActiGin,blend,1,1,TRUE,TRUE,Fully disclosed
328425,Bucked Up Pre-Workout Cherry Candy,AlphaSize,non-nutrient/non-botanical,1,1,TRUE,TRUE,Fully disclosed
328425,Bucked Up Pre-Workout Cherry Candy,AstraGin,blend,1,1,TRUE,TRUE,Fully disclosed
328425,Bucked Up Pre-Workout Cherry Candy,Beta-Alanine,amino acid,1,1,TRUE,TRUE,Fully disclosed
328425,Bucked Up Pre-Workout Cherry Candy,Caffeine Anhydrous,non-nutrient/non-botanical,1,1,TRUE,TRUE,Fully disclosed
328425,Bucked Up Pre-Workout Cherry Candy,Citrulline Malate,non-nutrient/non-botanical,1,1,TRUE,TRUE,Fully disclosed
328425,Bucked Up Pre-Workout Cherry Candy,Deer Antler Velvet Extract,animal part or source,1,1,TRUE,TRUE,Fully disclosed
328425,Bucked Up Pre-Workout Cherry Candy,Himalayan Rock Salt,mineral,1,1,TRUE,TRUE,Fully disclosed
328425,Bucked Up Pre-Workout Cherry Candy,Sodium,mineral,1,1,TRUE,TRUE,Fully disclosed
328425,Bucked Up Pre-Workout Cherry Candy,Taurine,non-nutrient/non-botanical,1,1,TRUE,TRUE,Fully disclosed
328425,Bucked Up Pre-Workout Cherry Candy,Vitamin B12,vitamin,1,1,TRUE,TRUE,Fully disclosed
328426,Bucked Up Pre-Workout Gold,ActiGin,blend,1,1,TRUE,TRUE,Fully disclosed
328426,Bucked Up Pre-Workout Gold,AlphaSize,non-nutrient/non-botanical,1,1,TRUE,TRUE,Fully disclosed
328426,Bucked Up Pre-Workout Gold,AstraGin,blend,1,1,TRUE,TRUE,Fully disclosed
328426,Bucked Up Pre-Workout Gold,Beta-Alanine,amino acid,1,1,TRUE,TRUE,Fully disclosed
328426,Bucked Up Pre-Workout Gold,Caffeine Anhydrous,non-nutrient/non-botanical,1,1,TRUE,TRUE,Fully disclosed
328426,Bucked Up Pre-Workout Gold,Citrulline Malate,non-nutrient/non-botanical,1,1,TRUE,TRUE,Fully disclosed
328426,Bucked Up Pre-Workout Gold,Deer Antler Velvet Extract,animal part or source,1,1,TRUE,TRUE,Fully disclosed
328426,Bucked Up Pre-Workout Gold,Himalayan Rock Salt,mineral,1,1,TRUE,TRUE,Fully disclosed
328426,Bucked Up Pre-Workout Gold,Sodium,mineral,1,1,TRUE,TRUE,Fully disclosed
328426,Bucked Up Pre-Workout Gold,Taurine,non-nutrient/non-botanical,1,1,TRUE,TRUE,Fully disclosed
328426,Bucked Up Pre-Workout Gold,Vitamin B12,vitamin,1,1,TRUE,TRUE,Fully disclosed
328487,Dethroner Pre-Workout Pineapple Mango Coconut,5-HTP,amino acid,2,2,TRUE,TRUE,Fully disclosed
328487,Dethroner Pre-Workout Pineapple Mango Coconut,Advantra Z,botanical,2,2,TRUE,TRUE,Fully disclosed
328487,Dethroner Pre-Workout Pineapple Mango Coconut,Alpha-Glycerylphosphorylcholine,non-nutrient/non-botanical,2,2,TRUE,TRUE,Fully disclosed
328487,Dethroner Pre-Workout Pineapple Mango Coconut,Beta-Alanine,amino acid,2,2,TRUE,TRUE,Fully disclosed
328487,Dethroner Pre-Workout Pineapple Mango Coconut,BetaPower,non-nutrient/non-botanical,2,2,TRUE,TRUE,Fully disclosed
328487,Dethroner Pre-Workout Pineapple Mango Coconut,Bioperine,botanical,2,2,TRUE,TRUE,Fully disclosed
328487,Dethroner Pre-Workout Pineapple Mango Coconut,Caffeine Anhydrous,non-nutrient/non-botanical,2,2,TRUE,TRUE,Fully disclosed
328487,Dethroner Pre-Workout Pineapple Mango Coconut,CocOganic Plus,botanical,2,2,TRUE,TRUE,Fully disclosed
328487,Dethroner Pre-Workout Pineapple Mango Coconut,Cognizin,non-nutrient/non-botanical,2,2,TRUE,TRUE,Fully disclosed
328487,Dethroner Pre-Workout Pineapple Mango Coconut,Infinergy,non-nutrient/non-botanical,2,2,TRUE,TRUE,Fully disclosed
328487,Dethroner Pre-Workout Pineapple Mango Coconut,Inositol,non-nutrient/non-botanical,2,2,TRUE,TRUE,Fully disclosed
328487,Dethroner Pre-Workout Pineapple Mango Coconut,L-Citrulline,amino acid,2,2,TRUE,TRUE,Fully disclosed
328487,Dethroner Pre-Workout Pineapple Mango Coconut,L-Tyrosine,amino acid,2,2,TRUE,TRUE,Fully disclosed
328487,Dethroner Pre-Workout Pineapple Mango Coconut,Magnesium,mineral,2,2,TRUE,TRUE,Fully disclosed
328487,Dethroner Pre-Workout Pineapple Mango Coconut,NO3-T,non-nutrient/non-botanical,2,2,TRUE,TRUE,Fully disclosed
328487,Dethroner Pre-Workout Pineapple Mango Coconut,Nutricog,blend,2,2,TRUE,TRUE,Fully disclosed
328487,Dethroner Pre-Workout Pineapple Mango Coconut,SantEnergy Nu,botanical,2,2,TRUE,TRUE,Fully disclosed
328487,Dethroner Pre-Workout Pineapple Mango Coconut,Sodium,mineral,2,2,TRUE,TRUE,Fully disclosed
328487,Dethroner Pre-Workout Pineapple Mango Coconut,Taurine,non-nutrient/non-botanical,2,2,TRUE,TRUE,Fully disclosed
328487,Dethroner Pre-Workout Pineapple Mango Coconut,Theobromine,non-nutrient/non-botanical,2,2,TRUE,TRUE,Fully disclosed
328487,Dethroner Pre-Workout Pineapple Mango Coconut,VasoDrive-AP,protein,2,2,TRUE,TRUE,Fully disclosed
328487,Dethroner Pre-Workout Pineapple Mango Coconut,Vitamin B12,vitamin,2,2,TRUE,TRUE,Fully disclosed
328487,Dethroner Pre-Workout Pineapple Mango Coconut,Vitamin B3,vitamin,2,2,TRUE,TRUE,Fully disclosed
328487,Dethroner Pre-Workout Pineapple Mango Coconut,Vitamin B6,vitamin,2,2,TRUE,TRUE,Fully disclosed
329149,Pre-Workout Witch's Brew,Beta-Alanine,amino acid,1,1,TRUE,TRUE,Fully disclosed
329149,Pre-Workout Witch's Brew,Caffeine,non-nutrient/non-botanical,1,1,TRUE,TRUE,Fully disclosed
329149,Pre-Workout Witch's Brew,L-Citrulline DL-Malate,non-nutrient/non-botanical,1,1,TRUE,TRUE,Fully disclosed
329149,Pre-Workout Witch's Brew,L-Theanine,non-nutrient/non-botanical,1,1,TRUE,TRUE,Fully disclosed
329149,Pre-Workout Witch's Brew,L-Tyrosine,amino acid,1,1,TRUE,TRUE,Fully disclosed
329149,Pre-Workout Witch's Brew,Sodium,mineral,1,1,TRUE,TRUE,Fully disclosed
329410,Bucked Up Pre-Workout Iced Tea Lemonade,ActiGin,blend,1,1,TRUE,TRUE,Fully disclosed
329410,Bucked Up Pre-Workout Iced Tea Lemonade,AlphaSize,non-nutrient/non-botanical,1,1,TRUE,TRUE,Fully disclosed
329410,Bucked Up Pre-Workout Iced Tea Lemonade,AstraGin,blend,1,1,TRUE,TRUE,Fully disclosed
329410,Bucked Up Pre-Workout Iced Tea Lemonade,Beta-Alanine,amino acid,1,1,TRUE,TRUE,Fully disclosed
329410,Bucked Up Pre-Workout Iced Tea Lemonade,Caffeine Anhydrous,non-nutrient/non-botanical,1,1,TRUE,TRUE,Fully disclosed
329410,Bucked Up Pre-Workout Iced Tea Lemonade,Citrulline Malate,non-nutrient/non-botanical,1,1,TRUE,TRUE,Fully disclosed
329410,Bucked Up Pre-Workout Iced Tea Lemonade,Deer Antler Velvet Extract,animal part or source,1,1,TRUE,TRUE,Fully disclosed
329410,Bucked Up Pre-Workout Iced Tea Lemonade,Himalayan Rock Salt,mineral,1,1,TRUE,TRUE,Fully disclosed
329410,Bucked Up Pre-Workout Iced Tea Lemonade,Sodium,mineral,1,1,TRUE,TRUE,Fully disclosed
329410,Bucked Up Pre-Workout Iced Tea Lemonade,Taurine,non-nutrient/non-botanical,1,1,TRUE,TRUE,Fully disclosed
329410,Bucked Up Pre-Workout Iced Tea Lemonade,Vitamin B12,vitamin,1,1,TRUE,TRUE,Fully disclosed
329411,Bucked Up Pre-Workout Cherry Candy,ActiGin,blend,1,1,TRUE,TRUE,Fully disclosed
329411,Bucked Up Pre-Workout Cherry Candy,AlphaSize,non-nutrient/non-botanical,1,1,TRUE,TRUE,Fully disclosed
329411,Bucked Up Pre-Workout Cherry Candy,AstraGin,blend,1,1,TRUE,TRUE,Fully disclosed
329411,Bucked Up Pre-Workout Cherry Candy,Beta-Alanine,amino acid,1,1,TRUE,TRUE,Fully disclosed
329411,Bucked Up Pre-Workout Cherry Candy,Caffeine Anhydrous,non-nutrient/non-botanical,1,1,TRUE,TRUE,Fully disclosed
329411,Bucked Up Pre-Workout Cherry Candy,Citrulline Malate,non-nutrient/non-botanical,1,1,TRUE,TRUE,Fully disclosed
329411,Bucked Up Pre-Workout Cherry Candy,Deer Antler Velvet Extract,animal part or source,1,1,TRUE,TRUE,Fully disclosed
329411,Bucked Up Pre-Workout Cherry Candy,Himalayan Rock Salt,mineral,1,1,TRUE,TRUE,Fully disclosed
329411,Bucked Up Pre-Workout Cherry Candy,Sodium,mineral,1,1,TRUE,TRUE,Fully disclosed
329411,Bucked Up Pre-Workout Cherry Candy,Taurine,non-nutrient/non-botanical,1,1,TRUE,TRUE,Fully disclosed
329411,Bucked Up Pre-Workout Cherry Candy,Vitamin B12,vitamin,1,1,TRUE,TRUE,Fully disclosed
332311,EUPHORiQ Pre-Workout Boogieman Punch,AlphaSize,non-nutrient/non-botanical,1,1,TRUE,TRUE,Fully disclosed
332311,EUPHORiQ Pre-Workout Boogieman Punch,Beta-Alanine,amino acid,1,1,TRUE,TRUE,Fully disclosed
332311,EUPHORiQ Pre-Workout Boogieman Punch,Betaine Anhydrous,non-nutrient/non-botanical,1,1,TRUE,TRUE,Fully disclosed
332311,EUPHORiQ Pre-Workout Boogieman Punch,Choline,vitamin,1,1,TRUE,TRUE,Fully disclosed
332311,EUPHORiQ Pre-Workout Boogieman Punch,Enfinity,non-nutrient/non-botanical,1,1,TRUE,TRUE,Fully disclosed
332311,EUPHORiQ Pre-Workout Boogieman Punch,Huperzine A,non-nutrient/non-botanical,1,1,TRUE,TRUE,Fully disclosed
332311,EUPHORiQ Pre-Workout Boogieman Punch,L-Citrulline,amino acid,1,1,TRUE,TRUE,Fully disclosed
332311,EUPHORiQ Pre-Workout Boogieman Punch,L-Tyrosine,amino acid,1,1,TRUE,TRUE,Fully disclosed
332311,EUPHORiQ Pre-Workout Boogieman Punch,NeuroFactor,botanical,1,1,TRUE,TRUE,Fully disclosed
332311,EUPHORiQ Pre-Workout Boogieman Punch,Taurine,non-nutrient/non-botanical,1,1,TRUE,TRUE,Fully disclosed
332311,EUPHORiQ Pre-Workout Boogieman Punch,Vitamin B12,vitamin,1,1,TRUE,TRUE,Fully disclosed
332311,EUPHORiQ Pre-Workout Boogieman Punch,Vitamin B6,vitamin,1,1,TRUE,TRUE,Fully disclosed
332311,EUPHORiQ Pre-Workout Boogieman Punch,nooLVL,non-nutrient/non-botanical,1,1,TRUE,TRUE,Fully disclosed
332658,Pre Workout Grape Flavor,Beta-Alanine,amino acid,1,1,FALSE,FALSE,Not disclosed
332658,Pre Workout Grape Flavor,Caffeine Anhydrous,non-nutrient/non-botanical,1,1,FALSE,FALSE,Not disclosed
332658,Pre Workout Grape Flavor,Cocoa Bean Extract,botanical,1,1,FALSE,FALSE,Not disclosed
332658,Pre Workout Grape Flavor,Creatine Malate,non-nutrient/non-botanical,1,1,FALSE,FALSE,Not disclosed
332658,Pre Workout Grape Flavor,Creatine Monohydrate,non-nutrient/non-botanical,1,1,FALSE,FALSE,Not disclosed
332658,Pre Workout Grape Flavor,Disodium Phosphate,mineral,1,1,FALSE,FALSE,Not disclosed
332658,Pre Workout Grape Flavor,Energy Blend,blend,1,1,TRUE,TRUE,Fully disclosed
332658,Pre Workout Grape Flavor,Green Tea Leaf Extract,botanical,1,1,FALSE,FALSE,Not disclosed
332658,Pre Workout Grape Flavor,L-Arginine,amino acid,1,1,FALSE,FALSE,Not disclosed
332658,Pre Workout Grape Flavor,L-Arginine Alpha-Ketoglutarate,non-nutrient/non-botanical,1,1,FALSE,FALSE,Not disclosed
332658,Pre Workout Grape Flavor,L-Citrulline Malate,non-nutrient/non-botanical,1,1,FALSE,FALSE,Not disclosed
332658,Pre Workout Grape Flavor,L-Isoleucine,amino acid,1,1,FALSE,FALSE,Not disclosed
332658,Pre Workout Grape Flavor,L-Leucine,amino acid,1,1,FALSE,FALSE,Not disclosed
332658,Pre Workout Grape Flavor,L-Lysine Hydrochloride,amino acid,1,1,FALSE,FALSE,Not disclosed
332658,Pre Workout Grape Flavor,L-Taurine,non-nutrient/non-botanical,1,1,FALSE,FALSE,Not disclosed
332658,Pre Workout Grape Flavor,L-Tyrosine,amino acid,1,1,FALSE,FALSE,Not disclosed
332658,Pre Workout Grape Flavor,L-Valine,amino acid,1,1,FALSE,FALSE,Not disclosed
332658,Pre Workout Grape Flavor,Muscle Pump Blend,blend,1,1,TRUE,TRUE,Fully disclosed
332658,Pre Workout Grape Flavor,Nitric Oxide Blend,blend,1,1,TRUE,TRUE,Fully disclosed
332658,Pre Workout Grape Flavor,Potassium,mineral,1,1,TRUE,TRUE,Fully disclosed
332658,Pre Workout Grape Flavor,Vitamin C,vitamin,1,1,TRUE,TRUE,Fully disclosed
332659,Pre Workout Lemon Flavor,Beta-Alanine,amino acid,1,1,FALSE,FALSE,Not disclosed
332659,Pre Workout Lemon Flavor,Caffeine Anhydrous,non-nutrient/non-botanical,1,1,FALSE,FALSE,Not disclosed
332659,Pre Workout Lemon Flavor,Cocoa Bean Extract,botanical,1,1,FALSE,FALSE,Not disclosed
332659,Pre Workout Lemon Flavor,Creatine Malate,non-nutrient/non-botanical,1,1,FALSE,FALSE,Not disclosed
332659,Pre Workout Lemon Flavor,Creatine Monohydrate,non-nutrient/non-botanical,1,1,FALSE,FALSE,Not disclosed
332659,Pre Workout Lemon Flavor,Disodium Phosphate,mineral,1,1,FALSE,FALSE,Not disclosed
332659,Pre Workout Lemon Flavor,Energy Blend,blend,1,1,TRUE,TRUE,Fully disclosed
332659,Pre Workout Lemon Flavor,Green Tea Leaf Extract,botanical,1,1,FALSE,FALSE,Not disclosed
332659,Pre Workout Lemon Flavor,L-Arginine,amino acid,1,1,FALSE,FALSE,Not disclosed
332659,Pre Workout Lemon Flavor,L-Arginine Alpha-Ketoglutarate,non-nutrient/non-botanical,1,1,FALSE,FALSE,Not disclosed
332659,Pre Workout Lemon Flavor,L-Citrulline Malate,non-nutrient/non-botanical,1,1,FALSE,FALSE,Not disclosed
332659,Pre Workout Lemon Flavor,L-Isoleucine,amino acid,1,1,FALSE,FALSE,Not disclosed
332659,Pre Workout Lemon Flavor,L-Leucine,amino acid,1,1,FALSE,FALSE,Not disclosed
332659,Pre Workout Lemon Flavor,L-Lysine Hydrochloride,amino acid,1,1,FALSE,FALSE,Not disclosed
332659,Pre Workout Lemon Flavor,L-Taurine,non-nutrient/non-botanical,1,1,FALSE,FALSE,Not disclosed
332659,Pre Workout Lemon Flavor,L-Tyrosine,amino acid,1,1,FALSE,FALSE,Not disclosed
332659,Pre Workout Lemon Flavor,L-Valine,amino acid,1,1,FALSE,FALSE,Not disclosed
332659,Pre Workout Lemon Flavor,Muscle Pump Blend,blend,1,1,TRUE,TRUE,Fully disclosed
332659,Pre Workout Lemon Flavor,Nitric Oxide Blend,blend,1,1,TRUE,TRUE,Fully disclosed
332659,Pre Workout Lemon Flavor,Potassium,mineral,1,1,TRUE,TRUE,Fully disclosed
332659,Pre Workout Lemon Flavor,Vitamin C,vitamin,1,1,TRUE,TRUE,Fully disclosed
33286,ENGN Pre-Workout Engine Fruit Punch,Agmatine Sulfate,non-nutrient/non-botanical,1,1,FALSE,FALSE,Not disclosed
33286,ENGN Pre-Workout Engine Fruit Punch,Alpha-Glycerolphosphorylcholine,non-nutrient/non-botanical,1,1,FALSE,FALSE,Not disclosed
33286,ENGN Pre-Workout Engine Fruit Punch,Beta-Alanine,amino acid,1,1,TRUE,TRUE,Fully disclosed
33286,ENGN Pre-Workout Engine Fruit Punch,Betaine Anhydrous,non-nutrient/non-botanical,1,1,FALSE,FALSE,Not disclosed
33286,ENGN Pre-Workout Engine Fruit Punch,Caffeine Anhydrous,non-nutrient/non-botanical,1,1,FALSE,FALSE,Not disclosed
33286,ENGN Pre-Workout Engine Fruit Punch,Choline Bitartrate,vitamin,1,1,FALSE,FALSE,Not disclosed
33286,ENGN Pre-Workout Engine Fruit Punch,Creatine Monohydrate,non-nutrient/non-botanical,1,1,TRUE,TRUE,Fully disclosed
33286,ENGN Pre-Workout Engine Fruit Punch,ENGN(R) Mind-to-Muscle Matrix Proprietary Blend,blend,1,1,TRUE,TRUE,Fully disclosed
33286,ENGN Pre-Workout Engine Fruit Punch,Folic Acid,vitamin,1,1,TRUE,TRUE,Fully disclosed
33286,ENGN Pre-Workout Engine Fruit Punch,Huperzia serrata extract,botanical,1,1,FALSE,FALSE,Not disclosed
33286,ENGN Pre-Workout Engine Fruit Punch,Infinergy,non-nutrient/non-botanical,1,1,FALSE,FALSE,Not disclosed
33286,ENGN Pre-Workout Engine Fruit Punch,L-Tyrosine,amino acid,1,1,FALSE,FALSE,Not disclosed
33286,ENGN Pre-Workout Engine Fruit Punch,Magnesium,mineral,1,1,TRUE,TRUE,Fully disclosed
33286,ENGN Pre-Workout Engine Fruit Punch,Magnesium Creatine Chelate,non-nutrient/non-botanical,1,1,TRUE,TRUE,Fully disclosed
33286,ENGN Pre-Workout Engine Fruit Punch,Niacin,vitamin,1,1,TRUE,TRUE,Fully disclosed
33286,ENGN Pre-Workout Engine Fruit Punch,Pikatropin,non-nutrient/non-botanical,1,1,FALSE,FALSE,Not disclosed
33286,ENGN Pre-Workout Engine Fruit Punch,Vitamin B12,vitamin,1,1,TRUE,TRUE,Fully disclosed
33286,ENGN Pre-Workout Engine Fruit Punch,Vitamin B6,vitamin,1,1,TRUE,TRUE,Fully disclosed
33359,ENGN Pre-Workout Engine Watermelon,Agmatine Sulfate,non-nutrient/non-botanical,1,1,FALSE,FALSE,Not disclosed
33359,ENGN Pre-Workout Engine Watermelon,Alpha-Glycerolphosphorylcholine,non-nutrient/non-botanical,1,1,FALSE,FALSE,Not disclosed
33359,ENGN Pre-Workout Engine Watermelon,Beta-Alanine,amino acid,1,1,TRUE,TRUE,Fully disclosed
33359,ENGN Pre-Workout Engine Watermelon,Betaine Anhydrous,non-nutrient/non-botanical,1,1,FALSE,FALSE,Not disclosed
33359,ENGN Pre-Workout Engine Watermelon,Caffeine Anhydrous,non-nutrient/non-botanical,1,1,FALSE,FALSE,Not disclosed
33359,ENGN Pre-Workout Engine Watermelon,Choline Bitartrate,vitamin,1,1,FALSE,FALSE,Not disclosed
33359,ENGN Pre-Workout Engine Watermelon,Creatine Monohydrate,non-nutrient/non-botanical,1,1,TRUE,TRUE,Fully disclosed
33359,ENGN Pre-Workout Engine Watermelon,ENGN(R) Mind-to-Muscle Matrix Proprietary Blend,blend,1,1,TRUE,TRUE,Fully disclosed
33359,ENGN Pre-Workout Engine Watermelon,Folic Acid,vitamin,1,1,TRUE,TRUE,Fully disclosed
33359,ENGN Pre-Workout Engine Watermelon,Huperzia serrata extract,botanical,1,1,FALSE,FALSE,Not disclosed
33359,ENGN Pre-Workout Engine Watermelon,Infinergy,non-nutrient/non-botanical,1,1,FALSE,FALSE,Not disclosed
33359,ENGN Pre-Workout Engine Watermelon,L-Tyrosine,amino acid,1,1,FALSE,FALSE,Not disclosed
33359,ENGN Pre-Workout Engine Watermelon,Magnesium,mineral,1,1,TRUE,TRUE,Fully disclosed
33359,ENGN Pre-Workout Engine Watermelon,Magnesium Creatine Chelate,non-nutrient/non-botanical,1,1,TRUE,TRUE,Fully disclosed
33359,ENGN Pre-Workout Engine Watermelon,Niacin,vitamin,1,1,TRUE,TRUE,Fully disclosed
33359,ENGN Pre-Workout Engine Watermelon,Pikatropin,non-nutrient/non-botanical,1,1,FALSE,FALSE,Not disclosed
33359,ENGN Pre-Workout Engine Watermelon,Vitamin B12,vitamin,1,1,TRUE,TRUE,Fully disclosed
33359,ENGN Pre-Workout Engine Watermelon,Vitamin B6,vitamin,1,1,TRUE,TRUE,Fully disclosed
333687,WRN Pre-Workout Fruit Punch,Alpha-Glycerylphosphorylcholine,non-nutrient/non-botanical,1,1,TRUE,TRUE,Fully disclosed
333687,WRN Pre-Workout Fruit Punch,Beta-Alanine,amino acid,1,1,TRUE,TRUE,Fully disclosed
333687,WRN Pre-Workout Fruit Punch,Betaine Anhydrous,non-nutrient/non-botanical,1,1,TRUE,TRUE,Fully disclosed
333687,WRN Pre-Workout Fruit Punch,Caffeine Anhydrous,non-nutrient/non-botanical,1,1,TRUE,TRUE,Fully disclosed
333687,WRN Pre-Workout Fruit Punch,Creatine Monohydrate,non-nutrient/non-botanical,1,1,TRUE,TRUE,Fully disclosed
333687,WRN Pre-Workout Fruit Punch,Gamma-Aminobutyric Acid,non-nutrient/non-botanical,1,1,TRUE,TRUE,Fully disclosed
333687,WRN Pre-Workout Fruit Punch,Huperzia serrata Extract,botanical,1,1,TRUE,TRUE,Fully disclosed
333687,WRN Pre-Workout Fruit Punch,L-Citrulline Malate,non-nutrient/non-botanical,1,1,TRUE,TRUE,Fully disclosed
333687,WRN Pre-Workout Fruit Punch,NO3-T,non-nutrient/non-botanical,1,1,TRUE,TRUE,Fully disclosed
333687,WRN Pre-Workout Fruit Punch,Peak ATP,non-nutrient/non-botanical,1,1,TRUE,TRUE,Fully disclosed
333687,WRN Pre-Workout Fruit Punch,Theobromine,non-nutrient/non-botanical,1,1,TRUE,TRUE,Fully disclosed
333687,WRN Pre-Workout Fruit Punch,Yohimbe Bark Extract,botanical,1,1,TRUE,TRUE,Fully disclosed
333688,WRN Pre-Workout Lemonade,Alpha-Glyceryl Phosphoryl Choline,non-nutrient/non-botanical,1,1,TRUE,TRUE,Fully disclosed
333688,WRN Pre-Workout Lemonade,Beta-Alanine,amino acid,1,1,TRUE,TRUE,Fully disclosed
333688,WRN Pre-Workout Lemonade,Betaine Anhydrous,non-nutrient/non-botanical,1,1,TRUE,TRUE,Fully disclosed
333688,WRN Pre-Workout Lemonade,Caffeine Anhydrous,non-nutrient/non-botanical,1,1,TRUE,TRUE,Fully disclosed
333688,WRN Pre-Workout Lemonade,"Creatine Monohydrate, Micronized",non-nutrient/non-botanical,1,1,TRUE,TRUE,Fully disclosed
333688,WRN Pre-Workout Lemonade,Gamma Amino Butyric Acid,non-nutrient/non-botanical,1,1,TRUE,TRUE,Fully disclosed
333688,WRN Pre-Workout Lemonade,Huperzia serrata Extract,botanical,1,1,TRUE,TRUE,Fully disclosed
333688,WRN Pre-Workout Lemonade,L-Citrulline Malate,non-nutrient/non-botanical,1,1,TRUE,TRUE,Fully disclosed
333688,WRN Pre-Workout Lemonade,NO3-T,non-nutrient/non-botanical,1,1,TRUE,TRUE,Fully disclosed
333688,WRN Pre-Workout Lemonade,Peak ATP,non-nutrient/non-botanical,1,1,TRUE,TRUE,Fully disclosed
333688,WRN Pre-Workout Lemonade,Theobromine,non-nutrient/non-botanical,1,1,TRUE,TRUE,Fully disclosed
333688,WRN Pre-Workout Lemonade,Yohimbe Bark Extract,botanical,1,1,TRUE,TRUE,Fully disclosed
333689,WRN Pre-Workout Strawberry Kiwi,Alpha-GPC,non-nutrient/non-botanical,1,1,TRUE,TRUE,Fully disclosed
333689,WRN Pre-Workout Strawberry Kiwi,Beta-Alanine,amino acid,1,1,TRUE,TRUE,Fully disclosed
333689,WRN Pre-Workout Strawberry Kiwi,Betaine Anhydrous,non-nutrient/non-botanical,1,1,TRUE,TRUE,Fully disclosed
333689,WRN Pre-Workout Strawberry Kiwi,Caffeine Anhydrous,non-nutrient/non-botanical,1,1,TRUE,TRUE,Fully disclosed
333689,WRN Pre-Workout Strawberry Kiwi,"Creatine Monohydrate, Micronized",non-nutrient/non-botanical,1,1,TRUE,TRUE,Fully disclosed
333689,WRN Pre-Workout Strawberry Kiwi,Gamma-Aminobutyric Acid,non-nutrient/non-botanical,1,1,TRUE,TRUE,Fully disclosed
333689,WRN Pre-Workout Strawberry Kiwi,Huperzia serrata Extract,botanical,1,1,TRUE,TRUE,Fully disclosed
333689,WRN Pre-Workout Strawberry Kiwi,L-Citrulline Malate,non-nutrient/non-botanical,1,1,TRUE,TRUE,Fully disclosed
333689,WRN Pre-Workout Strawberry Kiwi,NO3-T,non-nutrient/non-botanical,1,1,TRUE,TRUE,Fully disclosed
333689,WRN Pre-Workout Strawberry Kiwi,Peak ATP,non-nutrient/non-botanical,1,1,TRUE,TRUE,Fully disclosed
333689,WRN Pre-Workout Strawberry Kiwi,Theobromine,non-nutrient/non-botanical,1,1,TRUE,TRUE,Fully disclosed
333689,WRN Pre-Workout Strawberry Kiwi,Yohimbe Bark Extract,botanical,1,1,TRUE,TRUE,Fully disclosed
333985,Pre-Workout Yuzu & Peach,AlphaSize,non-nutrient/non-botanical,1,1,TRUE,TRUE,Fully disclosed
333985,Pre-Workout Yuzu & Peach,AstraGin,blend,1,1,TRUE,TRUE,Fully disclosed
333985,Pre-Workout Yuzu & Peach,Beta-Alanine,amino acid,1,1,TRUE,TRUE,Fully disclosed
333985,Pre-Workout Yuzu & Peach,Caffeine Anhydrous,non-nutrient/non-botanical,1,1,TRUE,TRUE,Fully disclosed
333985,Pre-Workout Yuzu & Peach,Citrulline Malate,non-nutrient/non-botanical,1,1,TRUE,TRUE,Fully disclosed
333985,Pre-Workout Yuzu & Peach,Deer Antler Velvet Extract,animal part or source,1,1,TRUE,TRUE,Fully disclosed
333985,Pre-Workout Yuzu & Peach,Himalayan Rock Salt,mineral,1,1,TRUE,TRUE,Fully disclosed
333985,Pre-Workout Yuzu & Peach,SenActiv,blend,1,1,TRUE,TRUE,Fully disclosed
333985,Pre-Workout Yuzu & Peach,Sodium,mineral,1,1,TRUE,TRUE,Fully disclosed
333985,Pre-Workout Yuzu & Peach,Taurine,non-nutrient/non-botanical,1,1,TRUE,TRUE,Fully disclosed
333985,Pre-Workout Yuzu & Peach,Vitamin B12,vitamin,1,1,TRUE,TRUE,Fully disclosed
333987,Woke AF Nootropic Pre-Workout Yuzu & Peach,AlphaSize,non-nutrient/non-botanical,1,1,TRUE,TRUE,Fully disclosed
333987,Woke AF Nootropic Pre-Workout Yuzu & Peach,AstraGin,blend,1,1,TRUE,TRUE,Fully disclosed
333987,Woke AF Nootropic Pre-Workout Yuzu & Peach,Beta-Alanine,amino acid,1,1,TRUE,TRUE,Fully disclosed
333987,Woke AF Nootropic Pre-Workout Yuzu & Peach,Caffeine Anhydrous,non-nutrient/non-botanical,1,1,TRUE,TRUE,Fully disclosed
333987,Woke AF Nootropic Pre-Workout Yuzu & Peach,Citrulline Malate,non-nutrient/non-botanical,1,1,TRUE,TRUE,Fully disclosed
333987,Woke AF Nootropic Pre-Workout Yuzu & Peach,Deer Antler Velvet Extract,animal part or source,1,1,TRUE,TRUE,Fully disclosed
333987,Woke AF Nootropic Pre-Workout Yuzu & Peach,Himalayan Rock Salt,mineral,1,1,TRUE,TRUE,Fully disclosed
333987,Woke AF Nootropic Pre-Workout Yuzu & Peach,Huperzine A,non-nutrient/non-botanical,1,1,TRUE,TRUE,Fully disclosed
333987,Woke AF Nootropic Pre-Workout Yuzu & Peach,SenActiv,blend,1,1,TRUE,TRUE,Fully disclosed
333987,Woke AF Nootropic Pre-Workout Yuzu & Peach,Sodium,mineral,1,1,TRUE,TRUE,Fully disclosed
333987,Woke AF Nootropic Pre-Workout Yuzu & Peach,Taurine,non-nutrient/non-botanical,1,1,TRUE,TRUE,Fully disclosed
333987,Woke AF Nootropic Pre-Workout Yuzu & Peach,Theobromine,non-nutrient/non-botanical,1,1,TRUE,TRUE,Fully disclosed
333987,Woke AF Nootropic Pre-Workout Yuzu & Peach,Vitamin B12,vitamin,1,1,TRUE,TRUE,Fully disclosed
333988,Bucked Up Pre-Workout KO Kiwi,AlphaSize,non-nutrient/non-botanical,1,1,TRUE,TRUE,Fully disclosed
333988,Bucked Up Pre-Workout KO Kiwi,AstraGin,blend,1,1,TRUE,TRUE,Fully disclosed
333988,Bucked Up Pre-Workout KO Kiwi,Beta-Alanine,amino acid,1,1,TRUE,TRUE,Fully disclosed
333988,Bucked Up Pre-Workout KO Kiwi,Caffeine Anhydrous,non-nutrient/non-botanical,1,1,TRUE,TRUE,Fully disclosed
333988,Bucked Up Pre-Workout KO Kiwi,Citrulline Malate,non-nutrient/non-botanical,1,1,TRUE,TRUE,Fully disclosed
333988,Bucked Up Pre-Workout KO Kiwi,Deer Antler Velvet Extract,animal part or source,1,1,TRUE,TRUE,Fully disclosed
333988,Bucked Up Pre-Workout KO Kiwi,Himalayan Rock Salt,mineral,1,1,TRUE,TRUE,Fully disclosed
333988,Bucked Up Pre-Workout KO Kiwi,SenActiv,blend,1,1,TRUE,TRUE,Fully disclosed
333988,Bucked Up Pre-Workout KO Kiwi,Sodium,mineral,1,1,TRUE,TRUE,Fully disclosed
333988,Bucked Up Pre-Workout KO Kiwi,Taurine,non-nutrient/non-botanical,1,1,TRUE,TRUE,Fully disclosed
333988,Bucked Up Pre-Workout KO Kiwi,Vitamin B12,vitamin,1,1,TRUE,TRUE,Fully disclosed
333990,Woke AF Nootropic Pre-Workout KO Kiwi,AlphaSize Alpha GPC,non-nutrient/non-botanical,1,1,TRUE,TRUE,Fully disclosed
333990,Woke AF Nootropic Pre-Workout KO Kiwi,AstraGin,blend,1,1,TRUE,TRUE,Fully disclosed
333990,Woke AF Nootropic Pre-Workout KO Kiwi,Beta-Alanine,amino acid,1,1,TRUE,TRUE,Fully disclosed
333990,Woke AF Nootropic Pre-Workout KO Kiwi,Caffeine Anhydrous,non-nutrient/non-botanical,1,1,TRUE,TRUE,Fully disclosed
333990,Woke AF Nootropic Pre-Workout KO Kiwi,Citrulline Malate,non-nutrient/non-botanical,1,1,TRUE,TRUE,Fully disclosed
333990,Woke AF Nootropic Pre-Workout KO Kiwi,Deer Antler Velvet Extract,animal part or source,1,1,TRUE,TRUE,Fully disclosed
333990,Woke AF Nootropic Pre-Workout KO Kiwi,Himalayan Rock Salt,mineral,1,1,TRUE,TRUE,Fully disclosed
333990,Woke AF Nootropic Pre-Workout KO Kiwi,Huperzine A (Huperzia serrata) extract,non-nutrient/non-botanical,1,1,TRUE,TRUE,Fully disclosed
333990,Woke AF Nootropic Pre-Workout KO Kiwi,Senactiv,blend,1,1,TRUE,TRUE,Fully disclosed
333990,Woke AF Nootropic Pre-Workout KO Kiwi,Sodium,mineral,1,1,TRUE,TRUE,Fully disclosed
333990,Woke AF Nootropic Pre-Workout KO Kiwi,Taurine,non-nutrient/non-botanical,1,1,TRUE,TRUE,Fully disclosed
333990,Woke AF Nootropic Pre-Workout KO Kiwi,Theobromine,non-nutrient/non-botanical,1,1,TRUE,TRUE,Fully disclosed
333990,Woke AF Nootropic Pre-Workout KO Kiwi,Vitamin B12,vitamin,1,1,TRUE,TRUE,Fully disclosed
333991,Woke AF Pre-Workout Cherry Candy,ActiGin,blend,1,1,TRUE,TRUE,Fully disclosed
333991,Woke AF Pre-Workout Cherry Candy,AlphaSize,non-nutrient/non-botanical,1,1,TRUE,TRUE,Fully disclosed
333991,Woke AF Pre-Workout Cherry Candy,AstraGin,blend,1,1,TRUE,TRUE,Fully disclosed
333991,Woke AF Pre-Workout Cherry Candy,Beta-Alanine,amino acid,1,1,TRUE,TRUE,Fully disclosed
333991,Woke AF Pre-Workout Cherry Candy,Caffeine Anhydrous,non-nutrient/non-botanical,1,1,TRUE,TRUE,Fully disclosed
333991,Woke AF Pre-Workout Cherry Candy,Citrulline Malate,non-nutrient/non-botanical,1,1,TRUE,TRUE,Fully disclosed
333991,Woke AF Pre-Workout Cherry Candy,Deer Antler Velvet Extract,animal part or source,1,1,TRUE,TRUE,Fully disclosed
333991,Woke AF Pre-Workout Cherry Candy,Dendrobium,botanical,1,1,TRUE,TRUE,Fully disclosed
333991,Woke AF Pre-Workout Cherry Candy,Himalayan Rock Salt,mineral,1,1,TRUE,TRUE,Fully disclosed
333991,Woke AF Pre-Workout Cherry Candy,Sodium,mineral,1,1,TRUE,TRUE,Fully disclosed
333991,Woke AF Pre-Workout Cherry Candy,Synephrine Hydrochloride,non-nutrient/non-botanical,1,1,TRUE,TRUE,Fully disclosed
333991,Woke AF Pre-Workout Cherry Candy,Taurine,non-nutrient/non-botanical,1,1,TRUE,TRUE,Fully disclosed
333991,Woke AF Pre-Workout Cherry Candy,Vitamin B12,vitamin,1,1,TRUE,TRUE,Fully disclosed
333992,Woke AF Pre-Workout Sour Bucks,ActiGin,blend,1,1,TRUE,TRUE,Fully disclosed
333992,Woke AF Pre-Workout Sour Bucks,AlphaSize,non-nutrient/non-botanical,1,1,TRUE,TRUE,Fully disclosed
333992,Woke AF Pre-Workout Sour Bucks,AstraGin,blend,1,1,TRUE,TRUE,Fully disclosed
333992,Woke AF Pre-Workout Sour Bucks,Beta-Alanine,amino acid,1,1,TRUE,TRUE,Fully disclosed
333992,Woke AF Pre-Workout Sour Bucks,Caffeine Anhydrous,non-nutrient/non-botanical,1,1,TRUE,TRUE,Fully disclosed
333992,Woke AF Pre-Workout Sour Bucks,Citrulline Malate,non-nutrient/non-botanical,1,1,TRUE,TRUE,Fully disclosed
333992,Woke AF Pre-Workout Sour Bucks,Deer Antler Velvet Extract,animal part or source,1,1,TRUE,TRUE,Fully disclosed
333992,Woke AF Pre-Workout Sour Bucks,Dendrobium,botanical,1,1,TRUE,TRUE,Fully disclosed
333992,Woke AF Pre-Workout Sour Bucks,Himalayan Rock Salt,mineral,1,1,TRUE,TRUE,Fully disclosed
333992,Woke AF Pre-Workout Sour Bucks,Sodium,mineral,1,1,TRUE,TRUE,Fully disclosed
333992,Woke AF Pre-Workout Sour Bucks,Synephrine Hydrochloride,non-nutrient/non-botanical,1,1,TRUE,TRUE,Fully disclosed
333992,Woke AF Pre-Workout Sour Bucks,Taurine,non-nutrient/non-botanical,1,1,TRUE,TRUE,Fully disclosed
333992,Woke AF Pre-Workout Sour Bucks,Vitamin B12,vitamin,1,1,TRUE,TRUE,Fully disclosed
333993,Woke AF Pre-Workout White Gummy Deer,ActiGin,blend,1,1,TRUE,TRUE,Fully disclosed
333993,Woke AF Pre-Workout White Gummy Deer,AlphaSize,non-nutrient/non-botanical,1,1,TRUE,TRUE,Fully disclosed
333993,Woke AF Pre-Workout White Gummy Deer,AstraGin,blend,1,1,TRUE,TRUE,Fully disclosed
333993,Woke AF Pre-Workout White Gummy Deer,Beta-Alanine,amino acid,1,1,TRUE,TRUE,Fully disclosed
333993,Woke AF Pre-Workout White Gummy Deer,Caffeine Anhydrous,non-nutrient/non-botanical,1,1,TRUE,TRUE,Fully disclosed
333993,Woke AF Pre-Workout White Gummy Deer,Citrulline Malate,non-nutrient/non-botanical,1,1,TRUE,TRUE,Fully disclosed
333993,Woke AF Pre-Workout White Gummy Deer,Deer Antler Velvet Extract,animal part or source,1,1,TRUE,TRUE,Fully disclosed
333993,Woke AF Pre-Workout White Gummy Deer,Dendrobium,botanical,1,1,TRUE,TRUE,Fully disclosed
333993,Woke AF Pre-Workout White Gummy Deer,Himalayan Rock Salt,mineral,1,1,TRUE,TRUE,Fully disclosed
333993,Woke AF Pre-Workout White Gummy Deer,Sodium,mineral,1,1,TRUE,TRUE,Fully disclosed
333993,Woke AF Pre-Workout White Gummy Deer,Synephrine Hydrochloride,non-nutrient/non-botanical,1,1,TRUE,TRUE,Fully disclosed
333993,Woke AF Pre-Workout White Gummy Deer,Taurine,non-nutrient/non-botanical,1,1,TRUE,TRUE,Fully disclosed
333993,Woke AF Pre-Workout White Gummy Deer,Vitamin B12,vitamin,1,1,TRUE,TRUE,Fully disclosed
334776,Pre JYM X Advanced Pre-Workout Complex Dragonberry,Alpha Glycerylphosphorylcholine,non-nutrient/non-botanical,1,1,TRUE,TRUE,Fully disclosed
334776,Pre JYM X Advanced Pre-Workout Complex Dragonberry,Beta-Alanine,amino acid,1,1,TRUE,TRUE,Fully disclosed
334776,Pre JYM X Advanced Pre-Workout Complex Dragonberry,Betaine,non-nutrient/non-botanical,1,1,TRUE,TRUE,Fully disclosed
334776,Pre JYM X Advanced Pre-Workout Complex Dragonberry,Betaine Nitrate,non-nutrient/non-botanical,1,1,TRUE,TRUE,Fully disclosed
334776,Pre JYM X Advanced Pre-Workout Complex Dragonberry,BioPerine,botanical,1,1,TRUE,TRUE,Fully disclosed
334776,Pre JYM X Advanced Pre-Workout Complex Dragonberry,Caffeine,non-nutrient/non-botanical,1,1,TRUE,TRUE,Fully disclosed
334776,Pre JYM X Advanced Pre-Workout Complex Dragonberry,Calcium,mineral,1,1,TRUE,TRUE,Fully disclosed
334776,Pre JYM X Advanced Pre-Workout Complex Dragonberry,Citrulline Malate,non-nutrient/non-botanical,1,1,TRUE,TRUE,Fully disclosed
334776,Pre JYM X Advanced Pre-Workout Complex Dragonberry,Citrulline Nitrate,non-nutrient/non-botanical,1,1,TRUE,TRUE,Fully disclosed
334776,Pre JYM X Advanced Pre-Workout Complex Dragonberry,Con-Cret,non-nutrient/non-botanical,1,1,TRUE,TRUE,Fully disclosed
334776,Pre JYM X Advanced Pre-Workout Complex Dragonberry,Dynamine,non-nutrient/non-botanical,1,1,TRUE,TRUE,Fully disclosed
334776,Pre JYM X Advanced Pre-Workout Complex Dragonberry,Energy and Nootropics,blend,1,1,FALSE,FALSE,Not disclosed
334776,Pre JYM X Advanced Pre-Workout Complex Dragonberry,Huperzine A,non-nutrient/non-botanical,1,1,TRUE,TRUE,Fully disclosed
334776,Pre JYM X Advanced Pre-Workout Complex Dragonberry,L-Isoleucine,amino acid,1,1,TRUE,TRUE,Fully disclosed
334776,Pre JYM X Advanced Pre-Workout Complex Dragonberry,L-Leucine,amino acid,1,1,TRUE,TRUE,Fully disclosed
334776,Pre JYM X Advanced Pre-Workout Complex Dragonberry,L-Tyrosine,amino acid,1,1,TRUE,TRUE,Fully disclosed
334776,Pre JYM X Advanced Pre-Workout Complex Dragonberry,L-Valine,amino acid,1,1,TRUE,TRUE,Fully disclosed
334776,Pre JYM X Advanced Pre-Workout Complex Dragonberry,Muscle Matrix,blend,1,1,FALSE,FALSE,Not disclosed
334776,Pre JYM X Advanced Pre-Workout Complex Dragonberry,Pine Bark Extract,botanical,1,1,TRUE,TRUE,Fully disclosed
334776,Pre JYM X Advanced Pre-Workout Complex Dragonberry,Potassium,mineral,1,1,TRUE,TRUE,Fully disclosed
334776,Pre JYM X Advanced Pre-Workout Complex Dragonberry,Pump Agents,blend,1,1,FALSE,FALSE,Not disclosed
334776,Pre JYM X Advanced Pre-Workout Complex Dragonberry,Taurine,non-nutrient/non-botanical,1,1,TRUE,TRUE,Fully disclosed
334776,Pre JYM X Advanced Pre-Workout Complex Dragonberry,TeaCrine,non-nutrient/non-botanical,1,1,TRUE,TRUE,Fully disclosed
334776,Pre JYM X Advanced Pre-Workout Complex Dragonberry,Theanine,non-nutrient/non-botanical,1,1,TRUE,TRUE,Fully disclosed
335683,Pre-Workout Nutrients,Beta-Alanine,amino acid,1,1,TRUE,TRUE,Fully disclosed
335683,Pre-Workout Nutrients,Betaine Anhydrous,non-nutrient/non-botanical,1,1,TRUE,TRUE,Fully disclosed
335683,Pre-Workout Nutrients,Calcium,mineral,1,1,TRUE,TRUE,Fully disclosed
335683,Pre-Workout Nutrients,Creatine Monohydrate,non-nutrient/non-botanical,1,1,TRUE,TRUE,Fully disclosed
335683,Pre-Workout Nutrients,HydroPrime,other,1,1,TRUE,TRUE,Fully disclosed
335683,Pre-Workout Nutrients,L-Carnitine Tartrate,non-nutrient/non-botanical,1,1,TRUE,TRUE,Fully disclosed
335683,Pre-Workout Nutrients,L-Citrulline,amino acid,1,1,TRUE,TRUE,Fully disclosed
335683,Pre-Workout Nutrients,MyHMB,non-nutrient/non-botanical,1,1,TRUE,TRUE,Fully disclosed
335683,Pre-Workout Nutrients,Peak ATP,non-nutrient/non-botanical,1,1,TRUE,TRUE,Fully disclosed
335683,Pre-Workout Nutrients,Sodium,mineral,1,1,TRUE,TRUE,Fully disclosed
335683,Pre-Workout Nutrients,Taurine,non-nutrient/non-botanical,1,1,TRUE,TRUE,Fully disclosed
336631,Pre-Workout Blue Slush,Beta-Alanine,amino acid,1,1,TRUE,TRUE,Fully disclosed
336631,Pre-Workout Blue Slush,Caffeine,non-nutrient/non-botanical,1,1,TRUE,TRUE,Fully disclosed
336631,Pre-Workout Blue Slush,L-Citrulline Malate,non-nutrient/non-botanical,1,1,TRUE,TRUE,Fully disclosed
336631,Pre-Workout Blue Slush,L-Theanine,amino acid,1,1,TRUE,TRUE,Fully disclosed
336631,Pre-Workout Blue Slush,L-Tyrosine,amino acid,1,1,TRUE,TRUE,Fully disclosed
336631,Pre-Workout Blue Slush,Sodium,mineral,1,1,TRUE,TRUE,Fully disclosed
336632,Pre-Workout Strawberry Sunrise,Beta-Alanine,amino acid,1,1,TRUE,TRUE,Fully disclosed
336632,Pre-Workout Strawberry Sunrise,Caffeine,non-nutrient/non-botanical,1,1,TRUE,TRUE,Fully disclosed
336632,Pre-Workout Strawberry Sunrise,Calcium,mineral,1,1,TRUE,TRUE,Fully disclosed
336632,Pre-Workout Strawberry Sunrise,L-Citrulline Malate,non-nutrient/non-botanical,1,1,TRUE,TRUE,Fully disclosed
336632,Pre-Workout Strawberry Sunrise,L-Theanine,non-nutrient/non-botanical,1,1,TRUE,TRUE,Fully disclosed
336632,Pre-Workout Strawberry Sunrise,L-Tyrosine,amino acid,1,1,TRUE,TRUE,Fully disclosed
336632,Pre-Workout Strawberry Sunrise,Sodium,mineral,1,1,TRUE,TRUE,Fully disclosed
336633,Pre-Workout+ Rocket Pop,Beta-Alanine,amino acid,1,1,TRUE,TRUE,Fully disclosed
336633,Pre-Workout+ Rocket Pop,Caffeine,non-nutrient/non-botanical,1,1,TRUE,TRUE,Fully disclosed
336633,Pre-Workout+ Rocket Pop,Calcium,mineral,1,1,TRUE,TRUE,Fully disclosed
336633,Pre-Workout+ Rocket Pop,Choline,vitamin,1,1,TRUE,TRUE,Fully disclosed
336633,Pre-Workout+ Rocket Pop,Huperzine A,non-nutrient/non-botanical,1,1,TRUE,TRUE,Fully disclosed
336633,Pre-Workout+ Rocket Pop,L-Citrulline Malate,non-nutrient/non-botanical,1,1,TRUE,TRUE,Fully disclosed
336633,Pre-Workout+ Rocket Pop,L-Theanine,non-nutrient/non-botanical,1,1,TRUE,TRUE,Fully disclosed
336633,Pre-Workout+ Rocket Pop,Pink Himalayan Salt,mineral,1,1,TRUE,TRUE,Fully disclosed
336633,Pre-Workout+ Rocket Pop,Sodium,mineral,1,1,TRUE,TRUE,Fully disclosed
336633,Pre-Workout+ Rocket Pop,Theobromine,non-nutrient/non-botanical,1,1,TRUE,TRUE,Fully disclosed
336634,Pre-Workout+ Frozen Lemonade,Beta-Alanine,amino acid,1,1,TRUE,TRUE,Fully disclosed
336634,Pre-Workout+ Frozen Lemonade,Caffeine,non-nutrient/non-botanical,1,1,TRUE,TRUE,Fully disclosed
336634,Pre-Workout+ Frozen Lemonade,Calcium,mineral,1,1,TRUE,TRUE,Fully disclosed
336634,Pre-Workout+ Frozen Lemonade,Choline,vitamin,1,1,TRUE,TRUE,Fully disclosed
336634,Pre-Workout+ Frozen Lemonade,Huperzine-A,non-nutrient/non-botanical,1,1,TRUE,TRUE,Fully disclosed
336634,Pre-Workout+ Frozen Lemonade,L-Citrulline Malate,non-nutrient/non-botanical,1,1,TRUE,TRUE,Fully disclosed
336634,Pre-Workout+ Frozen Lemonade,L-Theanine,non-nutrient/non-botanical,1,1,TRUE,TRUE,Fully disclosed
336634,Pre-Workout+ Frozen Lemonade,Pink Himalayan Salt,mineral,1,1,TRUE,TRUE,Fully disclosed
336634,Pre-Workout+ Frozen Lemonade,Sodium,mineral,1,1,TRUE,TRUE,Fully disclosed
336634,Pre-Workout+ Frozen Lemonade,Theobromine,non-nutrient/non-botanical,1,1,TRUE,TRUE,Fully disclosed
339538,Thuper Thavage Pre-Workout White Cherry,Agmatine Sulfate,non-nutrient/non-botanical,1,1,TRUE,TRUE,Fully disclosed
339538,Thuper Thavage Pre-Workout White Cherry,Alpha-Glycerylphosphorylcholine,non-nutrient/non-botanical,1,1,TRUE,TRUE,Fully disclosed
339538,Thuper Thavage Pre-Workout White Cherry,Beta-Alanine,amino acid,1,1,TRUE,TRUE,Fully disclosed
339538,Thuper Thavage Pre-Workout White Cherry,Caffeine Anhydrous,non-nutrient/non-botanical,1,1,TRUE,TRUE,Fully disclosed
339538,Thuper Thavage Pre-Workout White Cherry,Cordyceps,botanical,1,1,FALSE,FALSE,Not disclosed
339538,Thuper Thavage Pre-Workout White Cherry,Creatine Monohydrate,non-nutrient/non-botanical,1,1,TRUE,TRUE,Fully disclosed
339538,Thuper Thavage Pre-Workout White Cherry,Himalayan Pink Salt,non-nutrient/non-botanical,1,1,TRUE,TRUE,Fully disclosed
339538,Thuper Thavage Pre-Workout White Cherry,Juniper Berry Extract,botanical,1,1,TRUE,TRUE,Fully disclosed
339538,Thuper Thavage Pre-Workout White Cherry,King Trumpet,botanical,1,1,FALSE,FALSE,Not disclosed
339538,Thuper Thavage Pre-Workout White Cherry,L-Citrulline,amino acid,1,1,TRUE,TRUE,Fully disclosed
339538,Thuper Thavage Pre-Workout White Cherry,L-Theanine,non-nutrient/non-botanical,1,1,TRUE,TRUE,Fully disclosed
339538,Thuper Thavage Pre-Workout White Cherry,Lion's Mane,other,1,1,FALSE,FALSE,Not disclosed
339538,Thuper Thavage Pre-Workout White Cherry,NO3-T,non-nutrient/non-botanical,1,1,TRUE,TRUE,Fully disclosed
339538,Thuper Thavage Pre-Workout White Cherry,Peak02,blend,1,1,TRUE,TRUE,Fully disclosed
339538,Thuper Thavage Pre-Workout White Cherry,Rauwolfia Root Extract,botanical,1,1,TRUE,TRUE,Fully disclosed
339538,Thuper Thavage Pre-Workout White Cherry,Reishi,botanical,1,1,FALSE,FALSE,Not disclosed
339538,Thuper Thavage Pre-Workout White Cherry,Shiitake,botanical,1,1,FALSE,FALSE,Not disclosed
339538,Thuper Thavage Pre-Workout White Cherry,Sodium,mineral,1,1,TRUE,TRUE,Fully disclosed
339538,Thuper Thavage Pre-Workout White Cherry,Taurine,non-nutrient/non-botanical,1,1,TRUE,TRUE,Fully disclosed
339538,Thuper Thavage Pre-Workout White Cherry,Theobromine,non-nutrient/non-botanical,1,1,TRUE,TRUE,Fully disclosed
339538,Thuper Thavage Pre-Workout White Cherry,Turkey Tail,botanical,1,1,FALSE,FALSE,Not disclosed
39120,Mr Hyde Intense Energy Pre Workout Red Razz,Agmatine Sulfate,non-nutrient/non-botanical,1,1,TRUE,TRUE,Fully disclosed
39120,Mr Hyde Intense Energy Pre Workout Red Razz,Beta-Alanine,amino acid,1,1,TRUE,TRUE,Fully disclosed
39120,Mr Hyde Intense Energy Pre Workout Red Razz,Caffeine Anhydrous,non-nutrient/non-botanical,1,1,TRUE,TRUE,Fully disclosed
39120,Mr Hyde Intense Energy Pre Workout Red Razz,Caffeine Citrate,non-nutrient/non-botanical,1,1,TRUE,TRUE,Fully disclosed
39120,Mr Hyde Intense Energy Pre Workout Red Razz,Caffeine Matrix,blend,1,1,TRUE,TRUE,Fully disclosed
39120,Mr Hyde Intense Energy Pre Workout Red Razz,Creatine Hydrochloride,non-nutrient/non-botanical,1,1,TRUE,TRUE,Fully disclosed
39120,Mr Hyde Intense Energy Pre Workout Red Razz,Hordenine Hydrochloride,non-nutrient/non-botanical,1,1,TRUE,TRUE,Fully disclosed
39120,Mr Hyde Intense Energy Pre Workout Red Razz,Infinergy,blend,1,1,TRUE,TRUE,Fully disclosed
39120,Mr Hyde Intense Energy Pre Workout Red Razz,Intensity Matrix,blend,1,1,TRUE,TRUE,Fully disclosed
39120,Mr Hyde Intense Energy Pre Workout Red Razz,L-Citrulline Aspartate,non-nutrient/non-botanical,1,1,TRUE,TRUE,Fully disclosed
39120,Mr Hyde Intense Energy Pre Workout Red Razz,L-Leucine,amino acid,1,1,TRUE,TRUE,Fully disclosed
39120,Mr Hyde Intense Energy Pre Workout Red Razz,N-Methyl L-Tyramine,non-nutrient/non-botanical,1,1,TRUE,TRUE,Fully disclosed
39120,Mr Hyde Intense Energy Pre Workout Red Razz,Pikatropin,non-nutrient/non-botanical,1,1,TRUE,TRUE,Fully disclosed
39120,Mr Hyde Intense Energy Pre Workout Red Razz,Rauwolfia vomitoria root extract,botanical,1,1,TRUE,TRUE,Fully disclosed
39120,Mr Hyde Intense Energy Pre Workout Red Razz,Strength Matrix,blend,1,1,TRUE,TRUE,Fully disclosed
39120,Mr Hyde Intense Energy Pre Workout Red Razz,Yohimbe bark extract,botanical,1,1,TRUE,TRUE,Fully disclosed
39426,Volt Pre-Workout Lemon Berry,Agmatine Sulfate,non-nutrient/non-botanical,1,1,FALSE,FALSE,Not disclosed
39426,Volt Pre-Workout Lemon Berry,Beta-Alanine,amino acid,1,1,FALSE,FALSE,Not disclosed
39426,Volt Pre-Workout Lemon Berry,Caffeine Anhydrous,non-nutrient/non-botanical,1,1,FALSE,FALSE,Not disclosed
39426,Volt Pre-Workout Lemon Berry,Calcium,mineral,1,1,TRUE,TRUE,Fully disclosed
39426,Volt Pre-Workout Lemon Berry,Electric Energy Blend,blend,1,1,TRUE,TRUE,Fully disclosed
39426,Volt Pre-Workout Lemon Berry,L-Citrulline,amino acid,1,1,FALSE,FALSE,Not disclosed
39426,Volt Pre-Workout Lemon Berry,Nicotinamide Adenine Dinucleotide Hydride,non-nutrient/non-botanical,1,1,FALSE,FALSE,Not disclosed
39426,Volt Pre-Workout Lemon Berry,Olive leaf extract,botanical,1,1,FALSE,FALSE,Not disclosed
39426,Volt Pre-Workout Lemon Berry,Rauwolfia root extract,botanical,1,1,FALSE,FALSE,Not disclosed
39426,Volt Pre-Workout Lemon Berry,Rhodiola rosea root extract,botanical,1,1,FALSE,FALSE,Not disclosed
39426,Volt Pre-Workout Lemon Berry,Sugar,sugar,1,1,FALSE,FALSE,Not disclosed
39426,Volt Pre-Workout Lemon Berry,Volt(TM) Performance Matrix,blend,1,1,TRUE,TRUE,Fully disclosed
41558,Pre Workout Ritual Candy Green Apple,AgmaPure,non-nutrient/non-botanical,1,1,TRUE,TRUE,Fully disclosed
41558,Pre Workout Ritual Candy Green Apple,AstraGin(TM),blend,1,1,FALSE,FALSE,Not disclosed
41558,Pre Workout Ritual Candy Green Apple,Beta-Alanine,amino acid,1,1,TRUE,TRUE,Fully disclosed
41558,Pre Workout Ritual Candy Green Apple,Beta-Phenylethylamine HCl,non-nutrient/non-botanical,1,1,FALSE,FALSE,Not disclosed
41558,Pre Workout Ritual Candy Green Apple,Caffeine Anhydrous,non-nutrient/non-botanical,1,1,FALSE,FALSE,Not disclosed
41558,Pre Workout Ritual Candy Green Apple,Creatine Monohydrate,non-nutrient/non-botanical,1,1,TRUE,TRUE,Fully disclosed
41558,Pre Workout Ritual Candy Green Apple,DN1000,botanical,1,1,FALSE,FALSE,Not disclosed
41558,Pre Workout Ritual Candy Green Apple,Higenamine HCl,non-nutrient/non-botanical,1,1,FALSE,FALSE,Not disclosed
41558,Pre Workout Ritual Candy Green Apple,Hordenine HCl,non-nutrient/non-botanical,1,1,FALSE,FALSE,Not disclosed
41558,Pre Workout Ritual Candy Green Apple,L-Citrulline,amino acid,1,1,TRUE,TRUE,Fully disclosed
41558,Pre Workout Ritual Candy Green Apple,N-Acetyl-L-Tyrosine,non-nutrient/non-botanical,1,1,FALSE,FALSE,Not disclosed
41558,Pre Workout Ritual Candy Green Apple,PERFORMANCE PROTOCOL Complex,blend,1,1,TRUE,TRUE,Fully disclosed
41558,Pre Workout Ritual Candy Green Apple,Styphnolobium japonicum extract,botanical,1,1,TRUE,TRUE,Fully disclosed
41558,Pre Workout Ritual Candy Green Apple,Trimethylglycine,non-nutrient/non-botanical,1,1,TRUE,TRUE,Fully disclosed
41558,Pre Workout Ritual Candy Green Apple,Vitamin B12,vitamin,1,1,TRUE,TRUE,Fully disclosed
41558,Pre Workout Ritual Candy Green Apple,Vitamin C,vitamin,1,1,TRUE,TRUE,Fully disclosed
41576,Mr Hyde Intense Energy Pre Workout Blue Razz,Agmatine Sulfate,non-nutrient/non-botanical,1,1,TRUE,TRUE,Fully disclosed
41576,Mr Hyde Intense Energy Pre Workout Blue Razz,Caffeine Anhydrous,non-nutrient/non-botanical,1,1,TRUE,TRUE,Fully disclosed
41576,Mr Hyde Intense Energy Pre Workout Blue Razz,Caffeine Citrate,non-nutrient/non-botanical,1,1,TRUE,TRUE,Fully disclosed
41576,Mr Hyde Intense Energy Pre Workout Blue Razz,Caffeine Matrix,blend,1,1,TRUE,TRUE,Fully disclosed
41576,Mr Hyde Intense Energy Pre Workout Blue Razz,CarnoSyn,amino acid,1,1,TRUE,TRUE,Fully disclosed
41576,Mr Hyde Intense Energy Pre Workout Blue Razz,Creatine Nitrate,non-nutrient/non-botanical,1,1,TRUE,TRUE,Fully disclosed
41576,Mr Hyde Intense Energy Pre Workout Blue Razz,Hordenine,non-nutrient/non-botanical,1,1,TRUE,TRUE,Fully disclosed
41576,Mr Hyde Intense Energy Pre Workout Blue Razz,Infinergy,blend,1,1,TRUE,TRUE,Fully disclosed
41576,Mr Hyde Intense Energy Pre Workout Blue Razz,Intensity Matrix,blend,1,1,TRUE,TRUE,Fully disclosed
41576,Mr Hyde Intense Energy Pre Workout Blue Razz,L-Citrulline Aspartate,non-nutrient/non-botanical,1,1,TRUE,TRUE,Fully disclosed
41576,Mr Hyde Intense Energy Pre Workout Blue Razz,L-Leucine,amino acid,1,1,TRUE,TRUE,Fully disclosed
41576,Mr Hyde Intense Energy Pre Workout Blue Razz,N-Methyl L-Tyramine HCl,non-nutrient/non-botanical,1,1,TRUE,TRUE,Fully disclosed
41576,Mr Hyde Intense Energy Pre Workout Blue Razz,Pikatropin,non-nutrient/non-botanical,1,1,TRUE,TRUE,Fully disclosed
41576,Mr Hyde Intense Energy Pre Workout Blue Razz,Rauwolfia vomitoria root extract,botanical,1,1,TRUE,TRUE,Fully disclosed
41576,Mr Hyde Intense Energy Pre Workout Blue Razz,Strength Matrix,blend,1,1,TRUE,TRUE,Fully disclosed
41576,Mr Hyde Intense Energy Pre Workout Blue Razz,Yohimbe bark extract,botanical,1,1,TRUE,TRUE,Fully disclosed
41579,Mr Hyde Intense Energy Pre Workout Cherry Bomb,Agmatine Sulfate,non-nutrient/non-botanical,1,1,TRUE,TRUE,Fully disclosed
41579,Mr Hyde Intense Energy Pre Workout Cherry Bomb,Caffeine Anhydrous,non-nutrient/non-botanical,1,1,TRUE,TRUE,Fully disclosed
41579,Mr Hyde Intense Energy Pre Workout Cherry Bomb,Caffeine Citrate,non-nutrient/non-botanical,1,1,TRUE,TRUE,Fully disclosed
41579,Mr Hyde Intense Energy Pre Workout Cherry Bomb,Caffeine Matrix,blend,1,1,TRUE,TRUE,Fully disclosed
41579,Mr Hyde Intense Energy Pre Workout Cherry Bomb,CarnoSyn,amino acid,1,1,TRUE,TRUE,Fully disclosed
41579,Mr Hyde Intense Energy Pre Workout Cherry Bomb,Creatine Nitrate,non-nutrient/non-botanical,1,1,TRUE,TRUE,Fully disclosed
41579,Mr Hyde Intense Energy Pre Workout Cherry Bomb,Hordenine,non-nutrient/non-botanical,1,1,TRUE,TRUE,Fully disclosed
41579,Mr Hyde Intense Energy Pre Workout Cherry Bomb,Infinergy,blend,1,1,TRUE,TRUE,Fully disclosed
41579,Mr Hyde Intense Energy Pre Workout Cherry Bomb,Intensity Matrix,blend,1,1,TRUE,TRUE,Fully disclosed
41579,Mr Hyde Intense Energy Pre Workout Cherry Bomb,L-Citrulline Aspartate,non-nutrient/non-botanical,1,1,TRUE,TRUE,Fully disclosed
41579,Mr Hyde Intense Energy Pre Workout Cherry Bomb,L-Leucine,amino acid,1,1,TRUE,TRUE,Fully disclosed
41579,Mr Hyde Intense Energy Pre Workout Cherry Bomb,N-Methyl L-Tyramine HCl,non-nutrient/non-botanical,1,1,TRUE,TRUE,Fully disclosed
41579,Mr Hyde Intense Energy Pre Workout Cherry Bomb,Pikatropin,non-nutrient/non-botanical,1,1,TRUE,TRUE,Fully disclosed
41579,Mr Hyde Intense Energy Pre Workout Cherry Bomb,Rauwolfia vomitoria root extract,botanical,1,1,TRUE,TRUE,Fully disclosed
41579,Mr Hyde Intense Energy Pre Workout Cherry Bomb,Strength Matrix,blend,1,1,TRUE,TRUE,Fully disclosed
41579,Mr Hyde Intense Energy Pre Workout Cherry Bomb,Yohimbe bark extract,botanical,1,1,TRUE,TRUE,Fully disclosed
41580,Mr Hyde Intense Energy Pre Workout Fruit Punch,Agmatine Sulfate,non-nutrient/non-botanical,1,1,TRUE,TRUE,Fully disclosed
41580,Mr Hyde Intense Energy Pre Workout Fruit Punch,Caffeine Anhydrous,non-nutrient/non-botanical,1,1,TRUE,TRUE,Fully disclosed
41580,Mr Hyde Intense Energy Pre Workout Fruit Punch,Caffeine Citrate,non-nutrient/non-botanical,1,1,TRUE,TRUE,Fully disclosed
41580,Mr Hyde Intense Energy Pre Workout Fruit Punch,Caffeine Matrix,blend,1,1,TRUE,TRUE,Fully disclosed
41580,Mr Hyde Intense Energy Pre Workout Fruit Punch,CarnoSyn,amino acid,1,1,TRUE,TRUE,Fully disclosed
41580,Mr Hyde Intense Energy Pre Workout Fruit Punch,Creatine Nitrate,non-nutrient/non-botanical,1,1,TRUE,TRUE,Fully disclosed
41580,Mr Hyde Intense Energy Pre Workout Fruit Punch,Hordenine,non-nutrient/non-botanical,1,1,TRUE,TRUE,Fully disclosed
41580,Mr Hyde Intense Energy Pre Workout Fruit Punch,Infinergy,blend,1,1,TRUE,TRUE,Fully disclosed
41580,Mr Hyde Intense Energy Pre Workout Fruit Punch,Intensity Matrix,blend,1,1,TRUE,TRUE,Fully disclosed
41580,Mr Hyde Intense Energy Pre Workout Fruit Punch,L-Citrulline Aspartate,non-nutrient/non-botanical,1,1,TRUE,TRUE,Fully disclosed
41580,Mr Hyde Intense Energy Pre Workout Fruit Punch,L-Leucine,amino acid,1,1,TRUE,TRUE,Fully disclosed
41580,Mr Hyde Intense Energy Pre Workout Fruit Punch,N-Methyl L-Tyramine HCl,non-nutrient/non-botanical,1,1,TRUE,TRUE,Fully disclosed
41580,Mr Hyde Intense Energy Pre Workout Fruit Punch,Pikatropin,non-nutrient/non-botanical,1,1,TRUE,TRUE,Fully disclosed
41580,Mr Hyde Intense Energy Pre Workout Fruit Punch,Rauwolfia vomitoria root extract,botanical,1,1,TRUE,TRUE,Fully disclosed
41580,Mr Hyde Intense Energy Pre Workout Fruit Punch,Strength Matrix,blend,1,1,TRUE,TRUE,Fully disclosed
41580,Mr Hyde Intense Energy Pre Workout Fruit Punch,Yohimbe bark extract,botanical,1,1,TRUE,TRUE,Fully disclosed
41581,Mr Hyde Intense Energy Pre Workout Green Apple,Agmatine Sulfate,non-nutrient/non-botanical,1,1,TRUE,TRUE,Fully disclosed
41581,Mr Hyde Intense Energy Pre Workout Green Apple,Caffeine Anhydrous,non-nutrient/non-botanical,1,1,TRUE,TRUE,Fully disclosed
41581,Mr Hyde Intense Energy Pre Workout Green Apple,Caffeine Citrate,non-nutrient/non-botanical,1,1,TRUE,TRUE,Fully disclosed
41581,Mr Hyde Intense Energy Pre Workout Green Apple,Caffeine Matrix,blend,1,1,TRUE,TRUE,Fully disclosed
41581,Mr Hyde Intense Energy Pre Workout Green Apple,CarnoSyn,amino acid,1,1,TRUE,TRUE,Fully disclosed
41581,Mr Hyde Intense Energy Pre Workout Green Apple,Creatine Nitrate,non-nutrient/non-botanical,1,1,TRUE,TRUE,Fully disclosed
41581,Mr Hyde Intense Energy Pre Workout Green Apple,Hordenine,non-nutrient/non-botanical,1,1,TRUE,TRUE,Fully disclosed
41581,Mr Hyde Intense Energy Pre Workout Green Apple,Infinergy,blend,1,1,TRUE,TRUE,Fully disclosed
41581,Mr Hyde Intense Energy Pre Workout Green Apple,Intensity Matrix,blend,1,1,TRUE,TRUE,Fully disclosed
41581,Mr Hyde Intense Energy Pre Workout Green Apple,L-Citrulline Aspartate,non-nutrient/non-botanical,1,1,TRUE,TRUE,Fully disclosed
41581,Mr Hyde Intense Energy Pre Workout Green Apple,L-Leucine,amino acid,1,1,TRUE,TRUE,Fully disclosed
41581,Mr Hyde Intense Energy Pre Workout Green Apple,N-Methyl L-Tyramine HCl,non-nutrient/non-botanical,1,1,TRUE,TRUE,Fully disclosed
41581,Mr Hyde Intense Energy Pre Workout Green Apple,Pikatropin,non-nutrient/non-botanical,1,1,TRUE,TRUE,Fully disclosed
41581,Mr Hyde Intense Energy Pre Workout Green Apple,Rauwolfia vomitoria root extract,botanical,1,1,TRUE,TRUE,Fully disclosed
41581,Mr Hyde Intense Energy Pre Workout Green Apple,Strength Matrix,blend,1,1,TRUE,TRUE,Fully disclosed
41581,Mr Hyde Intense Energy Pre Workout Green Apple,Yohimbe bark extract,botanical,1,1,TRUE,TRUE,Fully disclosed
41582,Mr Hyde Intense Energy Pre Workout Mango Passion Fruit,Agmatine Sulfate,non-nutrient/non-botanical,1,1,TRUE,TRUE,Fully disclosed
41582,Mr Hyde Intense Energy Pre Workout Mango Passion Fruit,Caffeine Anhydrous,non-nutrient/non-botanical,1,1,TRUE,TRUE,Fully disclosed
41582,Mr Hyde Intense Energy Pre Workout Mango Passion Fruit,Caffeine Citrate,non-nutrient/non-botanical,1,1,TRUE,TRUE,Fully disclosed
41582,Mr Hyde Intense Energy Pre Workout Mango Passion Fruit,Caffeine Matrix,blend,1,1,TRUE,TRUE,Fully disclosed
41582,Mr Hyde Intense Energy Pre Workout Mango Passion Fruit,CarnoSyn,amino acid,1,1,TRUE,TRUE,Fully disclosed
41582,Mr Hyde Intense Energy Pre Workout Mango Passion Fruit,Creatine Nitrate,non-nutrient/non-botanical,1,1,TRUE,TRUE,Fully disclosed
41582,Mr Hyde Intense Energy Pre Workout Mango Passion Fruit,Hordenine,non-nutrient/non-botanical,1,1,TRUE,TRUE,Fully disclosed
41582,Mr Hyde Intense Energy Pre Workout Mango Passion Fruit,Infinergy,blend,1,1,TRUE,TRUE,Fully disclosed
41582,Mr Hyde Intense Energy Pre Workout Mango Passion Fruit,Intensity Matrix,blend,1,1,TRUE,TRUE,Fully disclosed
41582,Mr Hyde Intense Energy Pre Workout Mango Passion Fruit,L-Citrulline Aspartate,non-nutrient/non-botanical,1,1,TRUE,TRUE,Fully disclosed
41582,Mr Hyde Intense Energy Pre Workout Mango Passion Fruit,L-Leucine,amino acid,1,1,TRUE,TRUE,Fully disclosed
41582,Mr Hyde Intense Energy Pre Workout Mango Passion Fruit,N-Methyl L-Tyramine HCl,non-nutrient/non-botanical,1,1,TRUE,TRUE,Fully disclosed
41582,Mr Hyde Intense Energy Pre Workout Mango Passion Fruit,Pikatropin,non-nutrient/non-botanical,1,1,TRUE,TRUE,Fully disclosed
41582,Mr Hyde Intense Energy Pre Workout Mango Passion Fruit,Rauwolfia vomitoria root extract,botanical,1,1,TRUE,TRUE,Fully disclosed
41582,Mr Hyde Intense Energy Pre Workout Mango Passion Fruit,Strength Matrix,blend,1,1,TRUE,TRUE,Fully disclosed
41582,Mr Hyde Intense Energy Pre Workout Mango Passion Fruit,Yohimbe bark extract,botanical,1,1,TRUE,TRUE,Fully disclosed
41583,Mr Hyde Intense Energy Pre Workout Orange Burst,Agmatine Sulfate,non-nutrient/non-botanical,1,1,TRUE,TRUE,Fully disclosed
41583,Mr Hyde Intense Energy Pre Workout Orange Burst,Caffeine Anhydrous,non-nutrient/non-botanical,1,1,TRUE,TRUE,Fully disclosed
41583,Mr Hyde Intense Energy Pre Workout Orange Burst,Caffeine Citrate,non-nutrient/non-botanical,1,1,TRUE,TRUE,Fully disclosed
41583,Mr Hyde Intense Energy Pre Workout Orange Burst,Caffeine Matrix,blend,1,1,TRUE,TRUE,Fully disclosed
41583,Mr Hyde Intense Energy Pre Workout Orange Burst,CarnoSyn,amino acid,1,1,TRUE,TRUE,Fully disclosed
41583,Mr Hyde Intense Energy Pre Workout Orange Burst,Creatine Nitrate,non-nutrient/non-botanical,1,1,TRUE,TRUE,Fully disclosed
41583,Mr Hyde Intense Energy Pre Workout Orange Burst,Hordenine,non-nutrient/non-botanical,1,1,TRUE,TRUE,Fully disclosed
41583,Mr Hyde Intense Energy Pre Workout Orange Burst,Infinergy,blend,1,1,TRUE,TRUE,Fully disclosed
41583,Mr Hyde Intense Energy Pre Workout Orange Burst,Intensity Matrix,blend,1,1,TRUE,TRUE,Fully disclosed
41583,Mr Hyde Intense Energy Pre Workout Orange Burst,L-Citrulline Aspartate,non-nutrient/non-botanical,1,1,TRUE,TRUE,Fully disclosed
41583,Mr Hyde Intense Energy Pre Workout Orange Burst,L-Leucine,amino acid,1,1,TRUE,TRUE,Fully disclosed
41583,Mr Hyde Intense Energy Pre Workout Orange Burst,N-Methyl L-Tyramine HCl,non-nutrient/non-botanical,1,1,TRUE,TRUE,Fully disclosed
41583,Mr Hyde Intense Energy Pre Workout Orange Burst,Pikatropin,non-nutrient/non-botanical,1,1,TRUE,TRUE,Fully disclosed
41583,Mr Hyde Intense Energy Pre Workout Orange Burst,Rauwolfia vomitoria root extract,botanical,1,1,TRUE,TRUE,Fully disclosed
41583,Mr Hyde Intense Energy Pre Workout Orange Burst,Strength Matrix,blend,1,1,TRUE,TRUE,Fully disclosed
41583,Mr Hyde Intense Energy Pre Workout Orange Burst,Yohimbe bark extract,botanical,1,1,TRUE,TRUE,Fully disclosed
41584,Mr Hyde Intense Energy Pre Workout Watermelon,Agmatine Sulfate,non-nutrient/non-botanical,1,1,TRUE,TRUE,Fully disclosed
41584,Mr Hyde Intense Energy Pre Workout Watermelon,Caffeine Anhydrous,non-nutrient/non-botanical,1,1,TRUE,TRUE,Fully disclosed
41584,Mr Hyde Intense Energy Pre Workout Watermelon,Caffeine Citrate,non-nutrient/non-botanical,1,1,TRUE,TRUE,Fully disclosed
41584,Mr Hyde Intense Energy Pre Workout Watermelon,Caffeine Matrix,blend,1,1,TRUE,TRUE,Fully disclosed
41584,Mr Hyde Intense Energy Pre Workout Watermelon,CarnoSyn,amino acid,1,1,TRUE,TRUE,Fully disclosed
41584,Mr Hyde Intense Energy Pre Workout Watermelon,Creatine Nitrate,non-nutrient/non-botanical,1,1,TRUE,TRUE,Fully disclosed
41584,Mr Hyde Intense Energy Pre Workout Watermelon,Hordenine,non-nutrient/non-botanical,1,1,TRUE,TRUE,Fully disclosed
41584,Mr Hyde Intense Energy Pre Workout Watermelon,Infinergy,blend,1,1,TRUE,TRUE,Fully disclosed
41584,Mr Hyde Intense Energy Pre Workout Watermelon,Intensity Matrix,blend,1,1,TRUE,TRUE,Fully disclosed
41584,Mr Hyde Intense Energy Pre Workout Watermelon,L-Citrulline Aspartate,non-nutrient/non-botanical,1,1,TRUE,TRUE,Fully disclosed
41584,Mr Hyde Intense Energy Pre Workout Watermelon,L-Leucine,amino acid,1,1,TRUE,TRUE,Fully disclosed
41584,Mr Hyde Intense Energy Pre Workout Watermelon,N-Methyl L-Tyramine HCl,non-nutrient/non-botanical,1,1,TRUE,TRUE,Fully disclosed
41584,Mr Hyde Intense Energy Pre Workout Watermelon,Pikatropin,non-nutrient/non-botanical,1,1,TRUE,TRUE,Fully disclosed
41584,Mr Hyde Intense Energy Pre Workout Watermelon,Rauwolfia vomitoria root extract,botanical,1,1,TRUE,TRUE,Fully disclosed
41584,Mr Hyde Intense Energy Pre Workout Watermelon,Strength Matrix,blend,1,1,TRUE,TRUE,Fully disclosed
41584,Mr Hyde Intense Energy Pre Workout Watermelon,Yohimbe bark extract,botanical,1,1,TRUE,TRUE,Fully disclosed
41586,Mr Hyde Intense Energy Pre Workout Watermelon,Agmatine Sulfate,non-nutrient/non-botanical,1,1,TRUE,TRUE,Fully disclosed
41586,Mr Hyde Intense Energy Pre Workout Watermelon,Caffeine Anhydrous,non-nutrient/non-botanical,1,1,TRUE,TRUE,Fully disclosed
41586,Mr Hyde Intense Energy Pre Workout Watermelon,Caffeine Citrate,non-nutrient/non-botanical,1,1,TRUE,TRUE,Fully disclosed
41586,Mr Hyde Intense Energy Pre Workout Watermelon,Caffeine Matrix,blend,1,1,TRUE,TRUE,Fully disclosed
41586,Mr Hyde Intense Energy Pre Workout Watermelon,CarnoSyn,amino acid,1,1,TRUE,TRUE,Fully disclosed
41586,Mr Hyde Intense Energy Pre Workout Watermelon,Creatine Nitrate,non-nutrient/non-botanical,1,1,TRUE,TRUE,Fully disclosed
41586,Mr Hyde Intense Energy Pre Workout Watermelon,Hordenine,non-nutrient/non-botanical,1,1,TRUE,TRUE,Fully disclosed
41586,Mr Hyde Intense Energy Pre Workout Watermelon,Infinergy,blend,1,1,TRUE,TRUE,Fully disclosed
41586,Mr Hyde Intense Energy Pre Workout Watermelon,Intensity Matrix,blend,1,1,TRUE,TRUE,Fully disclosed
41586,Mr Hyde Intense Energy Pre Workout Watermelon,L-Citrulline Aspartate,non-nutrient/non-botanical,1,1,TRUE,TRUE,Fully disclosed
41586,Mr Hyde Intense Energy Pre Workout Watermelon,L-Leucine,amino acid,1,1,TRUE,TRUE,Fully disclosed
41586,Mr Hyde Intense Energy Pre Workout Watermelon,N-Methyl L-Tyramine HCl,non-nutrient/non-botanical,1,1,TRUE,TRUE,Fully disclosed
41586,Mr Hyde Intense Energy Pre Workout Watermelon,Pikatropin,non-nutrient/non-botanical,1,1,TRUE,TRUE,Fully disclosed
41586,Mr Hyde Intense Energy Pre Workout Watermelon,Rauwolfia vomitoria root extract,botanical,1,1,TRUE,TRUE,Fully disclosed
41586,Mr Hyde Intense Energy Pre Workout Watermelon,Strength Matrix,blend,1,1,TRUE,TRUE,Fully disclosed
41586,Mr Hyde Intense Energy Pre Workout Watermelon,Yohimbe bark extract,botanical,1,1,TRUE,TRUE,Fully disclosed
41587,Mr Hyde Intense Energy Pre Workout Blue Razz,Agmatine Sulfate,non-nutrient/non-botanical,1,1,TRUE,TRUE,Fully disclosed
41587,Mr Hyde Intense Energy Pre Workout Blue Razz,Caffeine Anhydrous,non-nutrient/non-botanical,1,1,TRUE,TRUE,Fully disclosed
41587,Mr Hyde Intense Energy Pre Workout Blue Razz,Caffeine Citrate,non-nutrient/non-botanical,1,1,TRUE,TRUE,Fully disclosed
41587,Mr Hyde Intense Energy Pre Workout Blue Razz,Caffeine Matrix,blend,1,1,TRUE,TRUE,Fully disclosed
41587,Mr Hyde Intense Energy Pre Workout Blue Razz,CarnoSyn,amino acid,1,1,TRUE,TRUE,Fully disclosed
41587,Mr Hyde Intense Energy Pre Workout Blue Razz,Creatine Nitrate,non-nutrient/non-botanical,1,1,TRUE,TRUE,Fully disclosed
41587,Mr Hyde Intense Energy Pre Workout Blue Razz,Hordenine,non-nutrient/non-botanical,1,1,TRUE,TRUE,Fully disclosed
41587,Mr Hyde Intense Energy Pre Workout Blue Razz,Infinergy,blend,1,1,TRUE,TRUE,Fully disclosed
41587,Mr Hyde Intense Energy Pre Workout Blue Razz,Intensity Matrix,blend,1,1,TRUE,TRUE,Fully disclosed
41587,Mr Hyde Intense Energy Pre Workout Blue Razz,L-Citrulline Aspartate,non-nutrient/non-botanical,1,1,TRUE,TRUE,Fully disclosed
41587,Mr Hyde Intense Energy Pre Workout Blue Razz,L-Leucine,amino acid,1,1,TRUE,TRUE,Fully disclosed
41587,Mr Hyde Intense Energy Pre Workout Blue Razz,N-Methyl L-Tyramine HCl,non-nutrient/non-botanical,1,1,TRUE,TRUE,Fully disclosed
41587,Mr Hyde Intense Energy Pre Workout Blue Razz,Pikatropin,non-nutrient/non-botanical,1,1,TRUE,TRUE,Fully disclosed
41587,Mr Hyde Intense Energy Pre Workout Blue Razz,Rauwolfia vomitoria root extract,botanical,1,1,TRUE,TRUE,Fully disclosed
41587,Mr Hyde Intense Energy Pre Workout Blue Razz,Strength Matrix,blend,1,1,TRUE,TRUE,Fully disclosed
41587,Mr Hyde Intense Energy Pre Workout Blue Razz,Yohimbe bark extract,botanical,1,1,TRUE,TRUE,Fully disclosed
41588,Mr Hyde Intense Energy Pre Workout Fruit Punch,Agmatine Sulfate,non-nutrient/non-botanical,1,1,TRUE,TRUE,Fully disclosed
41588,Mr Hyde Intense Energy Pre Workout Fruit Punch,Caffeine Anhydrous,non-nutrient/non-botanical,1,1,TRUE,TRUE,Fully disclosed
41588,Mr Hyde Intense Energy Pre Workout Fruit Punch,Caffeine Citrate,non-nutrient/non-botanical,1,1,TRUE,TRUE,Fully disclosed
41588,Mr Hyde Intense Energy Pre Workout Fruit Punch,Caffeine Matrix,blend,1,1,TRUE,TRUE,Fully disclosed
41588,Mr Hyde Intense Energy Pre Workout Fruit Punch,CarnoSyn,amino acid,1,1,TRUE,TRUE,Fully disclosed
41588,Mr Hyde Intense Energy Pre Workout Fruit Punch,Creatine Nitrate,non-nutrient/non-botanical,1,1,TRUE,TRUE,Fully disclosed
41588,Mr Hyde Intense Energy Pre Workout Fruit Punch,Hordenine,non-nutrient/non-botanical,1,1,TRUE,TRUE,Fully disclosed
41588,Mr Hyde Intense Energy Pre Workout Fruit Punch,Infinergy,blend,1,1,TRUE,TRUE,Fully disclosed
41588,Mr Hyde Intense Energy Pre Workout Fruit Punch,Intensity Matrix,blend,1,1,TRUE,TRUE,Fully disclosed
41588,Mr Hyde Intense Energy Pre Workout Fruit Punch,L-Citrulline Aspartate,non-nutrient/non-botanical,1,1,TRUE,TRUE,Fully disclosed
41588,Mr Hyde Intense Energy Pre Workout Fruit Punch,L-Leucine,amino acid,1,1,TRUE,TRUE,Fully disclosed
41588,Mr Hyde Intense Energy Pre Workout Fruit Punch,N-Methyl L-Tyramine HCl,non-nutrient/non-botanical,1,1,TRUE,TRUE,Fully disclosed
41588,Mr Hyde Intense Energy Pre Workout Fruit Punch,Pikatropin,non-nutrient/non-botanical,1,1,TRUE,TRUE,Fully disclosed
41588,Mr Hyde Intense Energy Pre Workout Fruit Punch,Rauwolfia vomitoria root extract,botanical,1,1,TRUE,TRUE,Fully disclosed
41588,Mr Hyde Intense Energy Pre Workout Fruit Punch,Strength Matrix,blend,1,1,TRUE,TRUE,Fully disclosed
41588,Mr Hyde Intense Energy Pre Workout Fruit Punch,Yohimbe bark extract,botanical,1,1,TRUE,TRUE,Fully disclosed
41590,Mr Hyde Intense Energy Pre Workout Orange Burst,Agmatine Sulfate,non-nutrient/non-botanical,1,1,TRUE,TRUE,Fully disclosed
41590,Mr Hyde Intense Energy Pre Workout Orange Burst,Caffeine Anhydrous,non-nutrient/non-botanical,1,1,TRUE,TRUE,Fully disclosed
41590,Mr Hyde Intense Energy Pre Workout Orange Burst,Caffeine Citrate,non-nutrient/non-botanical,1,1,TRUE,TRUE,Fully disclosed
41590,Mr Hyde Intense Energy Pre Workout Orange Burst,Caffeine Matrix,blend,1,1,TRUE,TRUE,Fully disclosed
41590,Mr Hyde Intense Energy Pre Workout Orange Burst,CarnoSyn,amino acid,1,1,TRUE,TRUE,Fully disclosed
41590,Mr Hyde Intense Energy Pre Workout Orange Burst,Creatine Nitrate,non-nutrient/non-botanical,1,1,TRUE,TRUE,Fully disclosed
41590,Mr Hyde Intense Energy Pre Workout Orange Burst,Hordenine,non-nutrient/non-botanical,1,1,TRUE,TRUE,Fully disclosed
41590,Mr Hyde Intense Energy Pre Workout Orange Burst,Infinergy,blend,1,1,TRUE,TRUE,Fully disclosed
41590,Mr Hyde Intense Energy Pre Workout Orange Burst,Intensity Matrix,blend,1,1,TRUE,TRUE,Fully disclosed
41590,Mr Hyde Intense Energy Pre Workout Orange Burst,L-Citrulline Aspartate,non-nutrient/non-botanical,1,1,TRUE,TRUE,Fully disclosed
41590,Mr Hyde Intense Energy Pre Workout Orange Burst,L-Leucine,amino acid,1,1,TRUE,TRUE,Fully disclosed
41590,Mr Hyde Intense Energy Pre Workout Orange Burst,N-Methyl L-Tyramine HCl,non-nutrient/non-botanical,1,1,TRUE,TRUE,Fully disclosed
41590,Mr Hyde Intense Energy Pre Workout Orange Burst,Pikatropin,non-nutrient/non-botanical,1,1,TRUE,TRUE,Fully disclosed
41590,Mr Hyde Intense Energy Pre Workout Orange Burst,Rauwolfia vomitoria root extract,botanical,1,1,TRUE,TRUE,Fully disclosed
41590,Mr Hyde Intense Energy Pre Workout Orange Burst,Strength Matrix,blend,1,1,TRUE,TRUE,Fully disclosed
41590,Mr Hyde Intense Energy Pre Workout Orange Burst,Yohimbe bark extract,botanical,1,1,TRUE,TRUE,Fully disclosed
42244,Gold Standard Pre-Workout Blueberry Lemonade,Acetyl-L-Carnitine HCl,non-nutrient/non-botanical,2,2,TRUE,TRUE,Fully disclosed
42244,Gold Standard Pre-Workout Blueberry Lemonade,AstraGin Proprietary Blend,blend,2,2,TRUE,TRUE,Fully disclosed
42244,Gold Standard Pre-Workout Blueberry Lemonade,Caffeine,non-nutrient/non-botanical,2,2,TRUE,TRUE,Fully disclosed
42244,Gold Standard Pre-Workout Blueberry Lemonade,CarnoSyn,amino acid,2,2,TRUE,TRUE,Fully disclosed
42244,Gold Standard Pre-Workout Blueberry Lemonade,Citrus Bioflavonoids,non-nutrient/non-botanical,2,2,TRUE,TRUE,Fully disclosed
42244,Gold Standard Pre-Workout Blueberry Lemonade,Creatine Monohydrate,non-nutrient/non-botanical,2,2,TRUE,TRUE,Fully disclosed
42244,Gold Standard Pre-Workout Blueberry Lemonade,Energy & Focus Complex,blend,2,2,FALSE,FALSE,Not disclosed
42244,Gold Standard Pre-Workout Blueberry Lemonade,Folic Acid,vitamin,2,2,TRUE,TRUE,Fully disclosed
42244,Gold Standard Pre-Workout Blueberry Lemonade,L-Citrulline Malate,non-nutrient/non-botanical,2,2,TRUE,TRUE,Fully disclosed
42244,Gold Standard Pre-Workout Blueberry Lemonade,Muscle Matrix,blend,2,2,FALSE,FALSE,Not disclosed
42244,Gold Standard Pre-Workout Blueberry Lemonade,N-Acetyl-L-Tyrosine,non-nutrient/non-botanical,2,2,TRUE,TRUE,Fully disclosed
42244,Gold Standard Pre-Workout Blueberry Lemonade,Niacin,vitamin,2,2,TRUE,TRUE,Fully disclosed
42244,Gold Standard Pre-Workout Blueberry Lemonade,Pantothenic Acid,vitamin,2,2,TRUE,TRUE,Fully disclosed
42244,Gold Standard Pre-Workout Blueberry Lemonade,Performance Composite,blend,2,2,FALSE,FALSE,Not disclosed
42244,Gold Standard Pre-Workout Blueberry Lemonade,Thiamine,vitamin,2,2,TRUE,TRUE,Fully disclosed
42244,Gold Standard Pre-Workout Blueberry Lemonade,Vitamin B12,vitamin,2,2,TRUE,TRUE,Fully disclosed
42244,Gold Standard Pre-Workout Blueberry Lemonade,Vitamin B6,vitamin,2,2,TRUE,TRUE,Fully disclosed
42244,Gold Standard Pre-Workout Blueberry Lemonade,Vitamin D,vitamin,2,2,TRUE,TRUE,Fully disclosed
42617,Mr Hyde Intense Energy Pre Workout Blue Razz,Agmatine Sulfate,non-nutrient/non-botanical,1,1,TRUE,TRUE,Fully disclosed
42617,Mr Hyde Intense Energy Pre Workout Blue Razz,Beta-Alanine,amino acid,1,1,TRUE,TRUE,Fully disclosed
42617,Mr Hyde Intense Energy Pre Workout Blue Razz,Caffeine Anhydrous,non-nutrient/non-botanical,1,1,TRUE,TRUE,Fully disclosed
42617,Mr Hyde Intense Energy Pre Workout Blue Razz,Caffeine Citrate,non-nutrient/non-botanical,1,1,TRUE,TRUE,Fully disclosed
42617,Mr Hyde Intense Energy Pre Workout Blue Razz,Caffeine Matrix,blend,1,1,TRUE,TRUE,Fully disclosed
42617,Mr Hyde Intense Energy Pre Workout Blue Razz,Creatine Hydrochloride,non-nutrient/non-botanical,1,1,TRUE,TRUE,Fully disclosed
42617,Mr Hyde Intense Energy Pre Workout Blue Razz,Hordenine,non-nutrient/non-botanical,1,1,TRUE,TRUE,Fully disclosed
42617,Mr Hyde Intense Energy Pre Workout Blue Razz,Infinergy,blend,1,1,TRUE,TRUE,Fully disclosed
42617,Mr Hyde Intense Energy Pre Workout Blue Razz,Intensity Matrix,blend,1,1,TRUE,TRUE,Fully disclosed
42617,Mr Hyde Intense Energy Pre Workout Blue Razz,L-Citrulline Malate,non-nutrient/non-botanical,1,1,TRUE,TRUE,Fully disclosed
42617,Mr Hyde Intense Energy Pre Workout Blue Razz,L-Leucine,amino acid,1,1,TRUE,TRUE,Fully disclosed
42617,Mr Hyde Intense Energy Pre Workout Blue Razz,N-Methyl L-Tyramine HCl,non-nutrient/non-botanical,1,1,TRUE,TRUE,Fully disclosed
42617,Mr Hyde Intense Energy Pre Workout Blue Razz,Pikatropin,non-nutrient/non-botanical,1,1,TRUE,TRUE,Fully disclosed
42617,Mr Hyde Intense Energy Pre Workout Blue Razz,Rauwolfia vomitoria root extract,botanical,1,1,TRUE,TRUE,Fully disclosed
42617,Mr Hyde Intense Energy Pre Workout Blue Razz,Strength Matrix,blend,1,1,TRUE,TRUE,Fully disclosed
42617,Mr Hyde Intense Energy Pre Workout Blue Razz,Yohimbe bark extract,botanical,1,1,TRUE,TRUE,Fully disclosed
42659,Mr Hyde Intense Energy Pre Workout Fruit Punch,Agmatine Sulfate,non-nutrient/non-botanical,1,1,TRUE,TRUE,Fully disclosed
42659,Mr Hyde Intense Energy Pre Workout Fruit Punch,Caffeine Anhydrous,non-nutrient/non-botanical,1,1,TRUE,TRUE,Fully disclosed
42659,Mr Hyde Intense Energy Pre Workout Fruit Punch,Caffeine Citrate,non-nutrient/non-botanical,1,1,TRUE,TRUE,Fully disclosed
42659,Mr Hyde Intense Energy Pre Workout Fruit Punch,Caffeine Matrix,blend,1,1,TRUE,TRUE,Fully disclosed
42659,Mr Hyde Intense Energy Pre Workout Fruit Punch,CarnoSyn,amino acid,1,1,TRUE,TRUE,Fully disclosed
42659,Mr Hyde Intense Energy Pre Workout Fruit Punch,Creatine Nitrate,non-nutrient/non-botanical,1,1,TRUE,TRUE,Fully disclosed
42659,Mr Hyde Intense Energy Pre Workout Fruit Punch,Hordenine,non-nutrient/non-botanical,1,1,TRUE,TRUE,Fully disclosed
42659,Mr Hyde Intense Energy Pre Workout Fruit Punch,Infinergy,blend,1,1,TRUE,TRUE,Fully disclosed
42659,Mr Hyde Intense Energy Pre Workout Fruit Punch,Intensity Matrix,blend,1,1,TRUE,TRUE,Fully disclosed
42659,Mr Hyde Intense Energy Pre Workout Fruit Punch,L-Citrulline Aspartate,non-nutrient/non-botanical,1,1,TRUE,TRUE,Fully disclosed
42659,Mr Hyde Intense Energy Pre Workout Fruit Punch,L-Leucine,amino acid,1,1,TRUE,TRUE,Fully disclosed
42659,Mr Hyde Intense Energy Pre Workout Fruit Punch,N-Methyl L-Tyramine HCl,non-nutrient/non-botanical,1,1,TRUE,TRUE,Fully disclosed
42659,Mr Hyde Intense Energy Pre Workout Fruit Punch,Pikatropin,non-nutrient/non-botanical,1,1,TRUE,TRUE,Fully disclosed
42659,Mr Hyde Intense Energy Pre Workout Fruit Punch,Rauwolfia vomitoria root extract,botanical,1,1,TRUE,TRUE,Fully disclosed
42659,Mr Hyde Intense Energy Pre Workout Fruit Punch,Strength Matrix,blend,1,1,TRUE,TRUE,Fully disclosed
42659,Mr Hyde Intense Energy Pre Workout Fruit Punch,Yohimbe bark extract,botanical,1,1,TRUE,TRUE,Fully disclosed
42660,Mr Hyde Intense Energy Pre Workout Watermelon,Agmatine Sulfate,non-nutrient/non-botanical,1,1,TRUE,TRUE,Fully disclosed
42660,Mr Hyde Intense Energy Pre Workout Watermelon,Caffeine Anhydrous,non-nutrient/non-botanical,1,1,TRUE,TRUE,Fully disclosed
42660,Mr Hyde Intense Energy Pre Workout Watermelon,Caffeine Citrate,non-nutrient/non-botanical,1,1,TRUE,TRUE,Fully disclosed
42660,Mr Hyde Intense Energy Pre Workout Watermelon,Caffeine Matrix,blend,1,1,TRUE,TRUE,Fully disclosed
42660,Mr Hyde Intense Energy Pre Workout Watermelon,CarnoSyn,amino acid,1,1,TRUE,TRUE,Fully disclosed
42660,Mr Hyde Intense Energy Pre Workout Watermelon,Creatine Nitrate,non-nutrient/non-botanical,1,1,TRUE,TRUE,Fully disclosed
42660,Mr Hyde Intense Energy Pre Workout Watermelon,Hordenine,non-nutrient/non-botanical,1,1,TRUE,TRUE,Fully disclosed
42660,Mr Hyde Intense Energy Pre Workout Watermelon,Infinergy,blend,1,1,TRUE,TRUE,Fully disclosed
42660,Mr Hyde Intense Energy Pre Workout Watermelon,Intensity Matrix,blend,1,1,TRUE,TRUE,Fully disclosed
42660,Mr Hyde Intense Energy Pre Workout Watermelon,L-Citrulline Aspartate,non-nutrient/non-botanical,1,1,TRUE,TRUE,Fully disclosed
42660,Mr Hyde Intense Energy Pre Workout Watermelon,L-Leucine,amino acid,1,1,TRUE,TRUE,Fully disclosed
42660,Mr Hyde Intense Energy Pre Workout Watermelon,N-Methyl L-Tyramine HCl,non-nutrient/non-botanical,1,1,TRUE,TRUE,Fully disclosed
42660,Mr Hyde Intense Energy Pre Workout Watermelon,Pikatropin,non-nutrient/non-botanical,1,1,TRUE,TRUE,Fully disclosed
42660,Mr Hyde Intense Energy Pre Workout Watermelon,Rauwolfia vomitoria root extract,botanical,1,1,TRUE,TRUE,Fully disclosed
42660,Mr Hyde Intense Energy Pre Workout Watermelon,Strength Matrix,blend,1,1,TRUE,TRUE,Fully disclosed
42660,Mr Hyde Intense Energy Pre Workout Watermelon,Yohimbe bark extract,botanical,1,1,TRUE,TRUE,Fully disclosed
42661,Mr Hyde Intense Energy Pre Workout Blue Razz,Agmatine Sulfate,non-nutrient/non-botanical,1,1,TRUE,TRUE,Fully disclosed
42661,Mr Hyde Intense Energy Pre Workout Blue Razz,Caffeine Anhydrous,non-nutrient/non-botanical,1,1,TRUE,TRUE,Fully disclosed
42661,Mr Hyde Intense Energy Pre Workout Blue Razz,Caffeine Citrate,non-nutrient/non-botanical,1,1,TRUE,TRUE,Fully disclosed
42661,Mr Hyde Intense Energy Pre Workout Blue Razz,Caffeine Matrix,blend,1,1,TRUE,TRUE,Fully disclosed
42661,Mr Hyde Intense Energy Pre Workout Blue Razz,CarnoSyn,amino acid,1,1,TRUE,TRUE,Fully disclosed
42661,Mr Hyde Intense Energy Pre Workout Blue Razz,Creatine Nitrate,non-nutrient/non-botanical,1,1,TRUE,TRUE,Fully disclosed
42661,Mr Hyde Intense Energy Pre Workout Blue Razz,Hordenine,non-nutrient/non-botanical,1,1,TRUE,TRUE,Fully disclosed
42661,Mr Hyde Intense Energy Pre Workout Blue Razz,Infinergy,blend,1,1,TRUE,TRUE,Fully disclosed
42661,Mr Hyde Intense Energy Pre Workout Blue Razz,Intensity Matrix,blend,1,1,TRUE,TRUE,Fully disclosed
42661,Mr Hyde Intense Energy Pre Workout Blue Razz,L-Citrulline Aspartate,non-nutrient/non-botanical,1,1,TRUE,TRUE,Fully disclosed
42661,Mr Hyde Intense Energy Pre Workout Blue Razz,L-Leucine,amino acid,1,1,TRUE,TRUE,Fully disclosed
42661,Mr Hyde Intense Energy Pre Workout Blue Razz,N-Methyl L-Tyramine HCl,non-nutrient/non-botanical,1,1,TRUE,TRUE,Fully disclosed
42661,Mr Hyde Intense Energy Pre Workout Blue Razz,Pikatropin,non-nutrient/non-botanical,1,1,TRUE,TRUE,Fully disclosed
42661,Mr Hyde Intense Energy Pre Workout Blue Razz,Rauwolfia vomitoria root extract,botanical,1,1,TRUE,TRUE,Fully disclosed
42661,Mr Hyde Intense Energy Pre Workout Blue Razz,Strength Matrix,blend,1,1,TRUE,TRUE,Fully disclosed
42661,Mr Hyde Intense Energy Pre Workout Blue Razz,Yohimbe bark extract,botanical,1,1,TRUE,TRUE,Fully disclosed
43580,Clean Pre Workout Raspberry Lemonade Flavor,AAKG L-Arginine,non-nutrient/non-botanical,1,1,FALSE,FALSE,Not disclosed
43580,Clean Pre Workout Raspberry Lemonade Flavor,Alpha Lipoic Acid,non-nutrient/non-botanical,1,1,FALSE,FALSE,Not disclosed
43580,Clean Pre Workout Raspberry Lemonade Flavor,Beta-Alanine,amino acid,1,1,FALSE,FALSE,Not disclosed
43580,Clean Pre Workout Raspberry Lemonade Flavor,Branched-Chain Amino Acids,blend,1,1,TRUE,TRUE,Fully disclosed
43580,Clean Pre Workout Raspberry Lemonade Flavor,Chinese Ginseng,botanical,1,1,FALSE,FALSE,Not disclosed
43580,Clean Pre Workout Raspberry Lemonade Flavor,Chloride,mineral,1,1,TRUE,TRUE,Fully disclosed
43580,Clean Pre Workout Raspberry Lemonade Flavor,Choline Citrate,vitamin,1,1,FALSE,FALSE,Not disclosed
43580,Clean Pre Workout Raspberry Lemonade Flavor,ConcenTrace(R) Electrolyte Blend,blend,1,1,TRUE,TRUE,Fully disclosed
43580,Clean Pre Workout Raspberry Lemonade Flavor,Creatine HCl,non-nutrient/non-botanical,1,1,FALSE,FALSE,Not disclosed
43580,Clean Pre Workout Raspberry Lemonade Flavor,Creatine Monohydrate,non-nutrient/non-botanical,1,1,FALSE,FALSE,Not disclosed
43580,Clean Pre Workout Raspberry Lemonade Flavor,D-Ribose,sugar,1,1,FALSE,FALSE,Not disclosed
43580,Clean Pre Workout Raspberry Lemonade Flavor,Eleuthero root powder,botanical,1,1,FALSE,FALSE,Not disclosed
43580,Clean Pre Workout Raspberry Lemonade Flavor,Folic Acid,vitamin,1,1,TRUE,TRUE,Fully disclosed
43580,Clean Pre Workout Raspberry Lemonade Flavor,Ginkgo biloba leaf powder,botanical,1,1,FALSE,FALSE,Not disclosed
43580,Clean Pre Workout Raspberry Lemonade Flavor,Green Tea,botanical,1,1,FALSE,FALSE,Not disclosed
43580,Clean Pre Workout Raspberry Lemonade Flavor,Guarana,botanical,1,1,FALSE,FALSE,Not disclosed
43580,Clean Pre Workout Raspberry Lemonade Flavor,L-Citrulline,amino acid,1,1,FALSE,FALSE,Not disclosed
43580,Clean Pre Workout Raspberry Lemonade Flavor,L-Isoleucine,amino acid,1,1,FALSE,FALSE,Not disclosed
43580,Clean Pre Workout Raspberry Lemonade Flavor,L-Leucine,amino acid,1,1,FALSE,FALSE,Not disclosed
43580,Clean Pre Workout Raspberry Lemonade Flavor,L-Valine,amino acid,1,1,FALSE,FALSE,Not disclosed
43580,Clean Pre Workout Raspberry Lemonade Flavor,Magnesium,mineral,1,1,TRUE,TRUE,Fully disclosed
43580,Clean Pre Workout Raspberry Lemonade Flavor,Mental Focus/Energy Blend,blend,1,1,TRUE,TRUE,Fully disclosed
43580,Clean Pre Workout Raspberry Lemonade Flavor,Niacin,vitamin,1,1,TRUE,TRUE,Fully disclosed
43580,Clean Pre Workout Raspberry Lemonade Flavor,Nitric Oxide Boost/Circulation Blend,blend,1,1,TRUE,TRUE,Fully disclosed
43580,Clean Pre Workout Raspberry Lemonade Flavor,Pantothenic Acid,vitamin,1,1,TRUE,TRUE,Fully disclosed
43580,Clean Pre Workout Raspberry Lemonade Flavor,Potassium,mineral,1,1,TRUE,TRUE,Fully disclosed
43580,Clean Pre Workout Raspberry Lemonade Flavor,"Power, Strength, & Endurance Blend",blend,1,1,TRUE,TRUE,Fully disclosed
43580,Clean Pre Workout Raspberry Lemonade Flavor,Quercetin Dihydrate powder,non-nutrient/non-botanical,1,1,FALSE,FALSE,Not disclosed
43580,Clean Pre Workout Raspberry Lemonade Flavor,Rhodiola root powder,botanical,1,1,FALSE,FALSE,Not disclosed
43580,Clean Pre Workout Raspberry Lemonade Flavor,Riboflavin,vitamin,1,1,TRUE,TRUE,Fully disclosed
43580,Clean Pre Workout Raspberry Lemonade Flavor,Sodium,mineral,1,1,TRUE,TRUE,Fully disclosed
43580,Clean Pre Workout Raspberry Lemonade Flavor,Sugar,sugar,1,1,TRUE,TRUE,Fully disclosed
43580,Clean Pre Workout Raspberry Lemonade Flavor,Tapioca Starch,complex carbohydrate,1,1,FALSE,FALSE,Not disclosed
43580,Clean Pre Workout Raspberry Lemonade Flavor,Thiamine,vitamin,1,1,TRUE,TRUE,Fully disclosed
43580,Clean Pre Workout Raspberry Lemonade Flavor,Vitamin B12,vitamin,1,1,TRUE,TRUE,Fully disclosed
43580,Clean Pre Workout Raspberry Lemonade Flavor,Vitamin B6,vitamin,1,1,TRUE,TRUE,Fully disclosed
43580,Clean Pre Workout Raspberry Lemonade Flavor,Vitamin C,vitamin,1,1,TRUE,TRUE,Fully disclosed
43580,Clean Pre Workout Raspberry Lemonade Flavor,net Caffeine,non-nutrient/non-botanical,1,1,TRUE,TRUE,Fully disclosed
43580,Clean Pre Workout Raspberry Lemonade Flavor,organic Beet root powder,botanical,1,1,FALSE,FALSE,Not disclosed
47622,Mr Hyde Intense Pre Workout Berry Blast,Agmatine Sulfate,non-nutrient/non-botanical,1,1,TRUE,TRUE,Fully disclosed
47622,Mr Hyde Intense Pre Workout Berry Blast,Caffeine Anhydrous,non-nutrient/non-botanical,1,1,TRUE,TRUE,Fully disclosed
47622,Mr Hyde Intense Pre Workout Berry Blast,Caffeine Citrate,non-nutrient/non-botanical,1,1,TRUE,TRUE,Fully disclosed
47622,Mr Hyde Intense Pre Workout Berry Blast,Caffeine Matrix,blend,1,1,TRUE,TRUE,Fully disclosed
47622,Mr Hyde Intense Pre Workout Berry Blast,CarnoSyn,amino acid,1,1,TRUE,TRUE,Fully disclosed
47622,Mr Hyde Intense Pre Workout Berry Blast,Creatine Nitrate,non-nutrient/non-botanical,1,1,TRUE,TRUE,Fully disclosed
47622,Mr Hyde Intense Pre Workout Berry Blast,Hordenine,non-nutrient/non-botanical,1,1,TRUE,TRUE,Fully disclosed
47622,Mr Hyde Intense Pre Workout Berry Blast,Infinergy,blend,1,1,TRUE,TRUE,Fully disclosed
47622,Mr Hyde Intense Pre Workout Berry Blast,Intensity Matrix,blend,1,1,TRUE,TRUE,Fully disclosed
47622,Mr Hyde Intense Pre Workout Berry Blast,L-Citrulline Aspartate,non-nutrient/non-botanical,1,1,TRUE,TRUE,Fully disclosed
47622,Mr Hyde Intense Pre Workout Berry Blast,L-Leucine,amino acid,1,1,TRUE,TRUE,Fully disclosed
47622,Mr Hyde Intense Pre Workout Berry Blast,N-Methyl L-Tyramine HCl,non-nutrient/non-botanical,1,1,TRUE,TRUE,Fully disclosed
47622,Mr Hyde Intense Pre Workout Berry Blast,Pikatropin,non-nutrient/non-botanical,1,1,TRUE,TRUE,Fully disclosed
47622,Mr Hyde Intense Pre Workout Berry Blast,Rauwolfia vomitoria root extract,botanical,1,1,TRUE,TRUE,Fully disclosed
47622,Mr Hyde Intense Pre Workout Berry Blast,Strength Matrix,blend,1,1,TRUE,TRUE,Fully disclosed
47622,Mr Hyde Intense Pre Workout Berry Blast,Yohimbe bark extract,botanical,1,1,TRUE,TRUE,Fully disclosed
47637,Mr Hyde Intense Energy Pre Workout Cotton Candy,Agmatine Sulfate,non-nutrient/non-botanical,1,1,TRUE,TRUE,Fully disclosed
47637,Mr Hyde Intense Energy Pre Workout Cotton Candy,Caffeine Anhydrous,non-nutrient/non-botanical,1,1,TRUE,TRUE,Fully disclosed
47637,Mr Hyde Intense Energy Pre Workout Cotton Candy,Caffeine Citrate,non-nutrient/non-botanical,1,1,TRUE,TRUE,Fully disclosed
47637,Mr Hyde Intense Energy Pre Workout Cotton Candy,Caffeine Matrix,blend,1,1,TRUE,TRUE,Fully disclosed
47637,Mr Hyde Intense Energy Pre Workout Cotton Candy,CarnoSyn,amino acid,1,1,TRUE,TRUE,Fully disclosed
47637,Mr Hyde Intense Energy Pre Workout Cotton Candy,Creatine Nitrate,non-nutrient/non-botanical,1,1,TRUE,TRUE,Fully disclosed
47637,Mr Hyde Intense Energy Pre Workout Cotton Candy,Hordenine,non-nutrient/non-botanical,1,1,TRUE,TRUE,Fully disclosed
47637,Mr Hyde Intense Energy Pre Workout Cotton Candy,Infinergy,blend,1,1,TRUE,TRUE,Fully disclosed
47637,Mr Hyde Intense Energy Pre Workout Cotton Candy,Intensity Matrix,blend,1,1,TRUE,TRUE,Fully disclosed
47637,Mr Hyde Intense Energy Pre Workout Cotton Candy,L-Citrulline Aspartate,non-nutrient/non-botanical,1,1,TRUE,TRUE,Fully disclosed
47637,Mr Hyde Intense Energy Pre Workout Cotton Candy,L-Leucine,amino acid,1,1,TRUE,TRUE,Fully disclosed
47637,Mr Hyde Intense Energy Pre Workout Cotton Candy,N-Methyl L-Tyramine HCl,non-nutrient/non-botanical,1,1,TRUE,TRUE,Fully disclosed
47637,Mr Hyde Intense Energy Pre Workout Cotton Candy,Pikatropin,non-nutrient/non-botanical,1,1,TRUE,TRUE,Fully disclosed
47637,Mr Hyde Intense Energy Pre Workout Cotton Candy,Rauwolfia vomitoria root extract,botanical,1,1,TRUE,TRUE,Fully disclosed
47637,Mr Hyde Intense Energy Pre Workout Cotton Candy,Strength Matrix,blend,1,1,TRUE,TRUE,Fully disclosed
47637,Mr Hyde Intense Energy Pre Workout Cotton Candy,Yohimbe bark extract,botanical,1,1,TRUE,TRUE,Fully disclosed
47638,Mr Hyde Intense Energy Pre Workout Berry Blast,Agmatine Sulfate,non-nutrient/non-botanical,1,1,TRUE,TRUE,Fully disclosed
47638,Mr Hyde Intense Energy Pre Workout Berry Blast,Caffeine Anhydrous,non-nutrient/non-botanical,1,1,TRUE,TRUE,Fully disclosed
47638,Mr Hyde Intense Energy Pre Workout Berry Blast,Caffeine Citrate,non-nutrient/non-botanical,1,1,TRUE,TRUE,Fully disclosed
47638,Mr Hyde Intense Energy Pre Workout Berry Blast,Caffeine Matrix,blend,1,1,TRUE,TRUE,Fully disclosed
47638,Mr Hyde Intense Energy Pre Workout Berry Blast,CarnoSyn,amino acid,1,1,TRUE,TRUE,Fully disclosed
47638,Mr Hyde Intense Energy Pre Workout Berry Blast,Citrus aurantium fruit extract,botanical,1,1,TRUE,TRUE,Fully disclosed
47638,Mr Hyde Intense Energy Pre Workout Berry Blast,Creatine Nitrate,non-nutrient/non-botanical,1,1,TRUE,TRUE,Fully disclosed
47638,Mr Hyde Intense Energy Pre Workout Berry Blast,Infinergy,blend,1,1,TRUE,TRUE,Fully disclosed
47638,Mr Hyde Intense Energy Pre Workout Berry Blast,Intensity Matrix,blend,1,1,TRUE,TRUE,Fully disclosed
47638,Mr Hyde Intense Energy Pre Workout Berry Blast,L-Citrulline Aspartate,non-nutrient/non-botanical,1,1,TRUE,TRUE,Fully disclosed
47638,Mr Hyde Intense Energy Pre Workout Berry Blast,L-Leucine,amino acid,1,1,TRUE,TRUE,Fully disclosed
47638,Mr Hyde Intense Energy Pre Workout Berry Blast,N-Methyl L-Tyramine HCl,non-nutrient/non-botanical,1,1,TRUE,TRUE,Fully disclosed
47638,Mr Hyde Intense Energy Pre Workout Berry Blast,Octopamine HCl,non-nutrient/non-botanical,1,1,TRUE,TRUE,Fully disclosed
47638,Mr Hyde Intense Energy Pre Workout Berry Blast,Pikatropin,non-nutrient/non-botanical,1,1,TRUE,TRUE,Fully disclosed
47638,Mr Hyde Intense Energy Pre Workout Berry Blast,Strength Matrix,blend,1,1,TRUE,TRUE,Fully disclosed
47640,Mr Hyde Intense Energy Pre Workout Blue Razz,Agmatine Sulfate,non-nutrient/non-botanical,1,1,TRUE,TRUE,Fully disclosed
47640,Mr Hyde Intense Energy Pre Workout Blue Razz,Caffeine Anhydrous,non-nutrient/non-botanical,1,1,TRUE,TRUE,Fully disclosed
47640,Mr Hyde Intense Energy Pre Workout Blue Razz,Caffeine Citrate,non-nutrient/non-botanical,1,1,TRUE,TRUE,Fully disclosed
47640,Mr Hyde Intense Energy Pre Workout Blue Razz,Caffeine Matrix,blend,1,1,TRUE,TRUE,Fully disclosed
47640,Mr Hyde Intense Energy Pre Workout Blue Razz,CarnoSyn,amino acid,1,1,TRUE,TRUE,Fully disclosed
47640,Mr Hyde Intense Energy Pre Workout Blue Razz,Citrus aurantium fruit extract,botanical,1,1,TRUE,TRUE,Fully disclosed
47640,Mr Hyde Intense Energy Pre Workout Blue Razz,Creatine Nitrate,non-nutrient/non-botanical,1,1,TRUE,TRUE,Fully disclosed
47640,Mr Hyde Intense Energy Pre Workout Blue Razz,Infinergy,blend,1,1,TRUE,TRUE,Fully disclosed
47640,Mr Hyde Intense Energy Pre Workout Blue Razz,Intensity Matrix,blend,1,1,TRUE,TRUE,Fully disclosed
47640,Mr Hyde Intense Energy Pre Workout Blue Razz,L-Citrulline Aspartate,non-nutrient/non-botanical,1,1,TRUE,TRUE,Fully disclosed
47640,Mr Hyde Intense Energy Pre Workout Blue Razz,L-Leucine,amino acid,1,1,TRUE,TRUE,Fully disclosed
47640,Mr Hyde Intense Energy Pre Workout Blue Razz,N-Methyl L-Tyramine HCl,non-nutrient/non-botanical,1,1,TRUE,TRUE,Fully disclosed
47640,Mr Hyde Intense Energy Pre Workout Blue Razz,Octopamine HCl,non-nutrient/non-botanical,1,1,TRUE,TRUE,Fully disclosed
47640,Mr Hyde Intense Energy Pre Workout Blue Razz,Pikatropin,non-nutrient/non-botanical,1,1,TRUE,TRUE,Fully disclosed
47640,Mr Hyde Intense Energy Pre Workout Blue Razz,Strength Matrix,blend,1,1,TRUE,TRUE,Fully disclosed
47641,Mr Hyde Intense Energy Pre Workout Cherry Bomb,Agmatine Sulfate,non-nutrient/non-botanical,1,1,TRUE,TRUE,Fully disclosed
47641,Mr Hyde Intense Energy Pre Workout Cherry Bomb,Caffeine Anhydrous,non-nutrient/non-botanical,1,1,TRUE,TRUE,Fully disclosed
47641,Mr Hyde Intense Energy Pre Workout Cherry Bomb,Caffeine Citrate,non-nutrient/non-botanical,1,1,TRUE,TRUE,Fully disclosed
47641,Mr Hyde Intense Energy Pre Workout Cherry Bomb,Caffeine Matrix,blend,1,1,TRUE,TRUE,Fully disclosed
47641,Mr Hyde Intense Energy Pre Workout Cherry Bomb,CarnoSyn,amino acid,1,1,TRUE,TRUE,Fully disclosed
47641,Mr Hyde Intense Energy Pre Workout Cherry Bomb,Citrus aurantium fruit extract,botanical,1,1,TRUE,TRUE,Fully disclosed
47641,Mr Hyde Intense Energy Pre Workout Cherry Bomb,Creatine Nitrate,non-nutrient/non-botanical,1,1,TRUE,TRUE,Fully disclosed
47641,Mr Hyde Intense Energy Pre Workout Cherry Bomb,Infinergy,blend,1,1,TRUE,TRUE,Fully disclosed
47641,Mr Hyde Intense Energy Pre Workout Cherry Bomb,Intensity Matrix,blend,1,1,TRUE,TRUE,Fully disclosed
47641,Mr Hyde Intense Energy Pre Workout Cherry Bomb,L-Citrulline Aspartate,non-nutrient/non-botanical,1,1,TRUE,TRUE,Fully disclosed
47641,Mr Hyde Intense Energy Pre Workout Cherry Bomb,L-Leucine,amino acid,1,1,TRUE,TRUE,Fully disclosed
47641,Mr Hyde Intense Energy Pre Workout Cherry Bomb,N-Methyl L-Tyramine HCl,non-nutrient/non-botanical,1,1,TRUE,TRUE,Fully disclosed
47641,Mr Hyde Intense Energy Pre Workout Cherry Bomb,Octopamine HCl,non-nutrient/non-botanical,1,1,TRUE,TRUE,Fully disclosed
47641,Mr Hyde Intense Energy Pre Workout Cherry Bomb,Pikatropin,non-nutrient/non-botanical,1,1,TRUE,TRUE,Fully disclosed
47641,Mr Hyde Intense Energy Pre Workout Cherry Bomb,Strength Matrix,blend,1,1,TRUE,TRUE,Fully disclosed
47642,Mr Hyde Intense Energy Pre Workout Fruit Punch,Agmatine Sulfate,non-nutrient/non-botanical,1,1,TRUE,TRUE,Fully disclosed
47642,Mr Hyde Intense Energy Pre Workout Fruit Punch,Caffeine Anhydrous,non-nutrient/non-botanical,1,1,TRUE,TRUE,Fully disclosed
47642,Mr Hyde Intense Energy Pre Workout Fruit Punch,Caffeine Citrate,non-nutrient/non-botanical,1,1,TRUE,TRUE,Fully disclosed
47642,Mr Hyde Intense Energy Pre Workout Fruit Punch,Caffeine Matrix,blend,1,1,TRUE,TRUE,Fully disclosed
47642,Mr Hyde Intense Energy Pre Workout Fruit Punch,CarnoSyn,amino acid,1,1,TRUE,TRUE,Fully disclosed
47642,Mr Hyde Intense Energy Pre Workout Fruit Punch,Citrus aurantium fruit extract,botanical,1,1,TRUE,TRUE,Fully disclosed
47642,Mr Hyde Intense Energy Pre Workout Fruit Punch,Creatine Nitrate,non-nutrient/non-botanical,1,1,TRUE,TRUE,Fully disclosed
47642,Mr Hyde Intense Energy Pre Workout Fruit Punch,Infinergy,blend,1,1,TRUE,TRUE,Fully disclosed
47642,Mr Hyde Intense Energy Pre Workout Fruit Punch,Intensity Matrix,blend,1,1,TRUE,TRUE,Fully disclosed
47642,Mr Hyde Intense Energy Pre Workout Fruit Punch,L-Citrulline Aspartate,non-nutrient/non-botanical,1,1,TRUE,TRUE,Fully disclosed
47642,Mr Hyde Intense Energy Pre Workout Fruit Punch,L-Leucine,amino acid,1,1,TRUE,TRUE,Fully disclosed
47642,Mr Hyde Intense Energy Pre Workout Fruit Punch,N-Methyl L-Tyramine HCl,non-nutrient/non-botanical,1,1,TRUE,TRUE,Fully disclosed
47642,Mr Hyde Intense Energy Pre Workout Fruit Punch,Octopamine HCl,non-nutrient/non-botanical,1,1,TRUE,TRUE,Fully disclosed
47642,Mr Hyde Intense Energy Pre Workout Fruit Punch,Pikatropin,non-nutrient/non-botanical,1,1,TRUE,TRUE,Fully disclosed
47642,Mr Hyde Intense Energy Pre Workout Fruit Punch,Strength Matrix,blend,1,1,TRUE,TRUE,Fully disclosed
47643,Mr Hyde Intense Energy Pre Workout Green Apple,Agmatine Sulfate,non-nutrient/non-botanical,1,1,TRUE,TRUE,Fully disclosed
47643,Mr Hyde Intense Energy Pre Workout Green Apple,Caffeine Anhydrous,non-nutrient/non-botanical,1,1,TRUE,TRUE,Fully disclosed
47643,Mr Hyde Intense Energy Pre Workout Green Apple,Caffeine Citrate,non-nutrient/non-botanical,1,1,TRUE,TRUE,Fully disclosed
47643,Mr Hyde Intense Energy Pre Workout Green Apple,Caffeine Matrix,blend,1,1,TRUE,TRUE,Fully disclosed
47643,Mr Hyde Intense Energy Pre Workout Green Apple,CarnoSyn,amino acid,1,1,TRUE,TRUE,Fully disclosed
47643,Mr Hyde Intense Energy Pre Workout Green Apple,Citrus aurantium fruit extract,botanical,1,1,TRUE,TRUE,Fully disclosed
47643,Mr Hyde Intense Energy Pre Workout Green Apple,Creatine Nitrate,non-nutrient/non-botanical,1,1,TRUE,TRUE,Fully disclosed
47643,Mr Hyde Intense Energy Pre Workout Green Apple,Infinergy,blend,1,1,TRUE,TRUE,Fully disclosed
47643,Mr Hyde Intense Energy Pre Workout Green Apple,Intensity Matrix,blend,1,1,TRUE,TRUE,Fully disclosed
47643,Mr Hyde Intense Energy Pre Workout Green Apple,L-Citrulline Aspartate,non-nutrient/non-botanical,1,1,TRUE,TRUE,Fully disclosed
47643,Mr Hyde Intense Energy Pre Workout Green Apple,L-Leucine,amino acid,1,1,TRUE,TRUE,Fully disclosed
47643,Mr Hyde Intense Energy Pre Workout Green Apple,N-Methyl L-Tyramine HCl,non-nutrient/non-botanical,1,1,TRUE,TRUE,Fully disclosed
47643,Mr Hyde Intense Energy Pre Workout Green Apple,Octopamine HCl,non-nutrient/non-botanical,1,1,TRUE,TRUE,Fully disclosed
47643,Mr Hyde Intense Energy Pre Workout Green Apple,Pikatropin,non-nutrient/non-botanical,1,1,TRUE,TRUE,Fully disclosed
47643,Mr Hyde Intense Energy Pre Workout Green Apple,Strength Matrix,blend,1,1,TRUE,TRUE,Fully disclosed
47644,Mr Hyde Intense Energy Pre Workout Mango Passion Fruit,Agmatine Sulfate,non-nutrient/non-botanical,1,1,TRUE,TRUE,Fully disclosed
47644,Mr Hyde Intense Energy Pre Workout Mango Passion Fruit,Caffeine Anhydrous,non-nutrient/non-botanical,1,1,TRUE,TRUE,Fully disclosed
47644,Mr Hyde Intense Energy Pre Workout Mango Passion Fruit,Caffeine Citrate,non-nutrient/non-botanical,1,1,TRUE,TRUE,Fully disclosed
47644,Mr Hyde Intense Energy Pre Workout Mango Passion Fruit,Caffeine Matrix,blend,1,1,TRUE,TRUE,Fully disclosed
47644,Mr Hyde Intense Energy Pre Workout Mango Passion Fruit,CarnoSyn,amino acid,1,1,TRUE,TRUE,Fully disclosed
47644,Mr Hyde Intense Energy Pre Workout Mango Passion Fruit,Citrus aurantium fruit extract,botanical,1,1,TRUE,TRUE,Fully disclosed
47644,Mr Hyde Intense Energy Pre Workout Mango Passion Fruit,Creatine Nitrate,non-nutrient/non-botanical,1,1,TRUE,TRUE,Fully disclosed
47644,Mr Hyde Intense Energy Pre Workout Mango Passion Fruit,Infinergy,blend,1,1,TRUE,TRUE,Fully disclosed
47644,Mr Hyde Intense Energy Pre Workout Mango Passion Fruit,Intensity Matrix,blend,1,1,TRUE,TRUE,Fully disclosed
47644,Mr Hyde Intense Energy Pre Workout Mango Passion Fruit,L-Citrulline Aspartate,non-nutrient/non-botanical,1,1,TRUE,TRUE,Fully disclosed
47644,Mr Hyde Intense Energy Pre Workout Mango Passion Fruit,L-Leucine,amino acid,1,1,TRUE,TRUE,Fully disclosed
47644,Mr Hyde Intense Energy Pre Workout Mango Passion Fruit,N-Methyl L-Tyramine HCl,non-nutrient/non-botanical,1,1,TRUE,TRUE,Fully disclosed
47644,Mr Hyde Intense Energy Pre Workout Mango Passion Fruit,Octopamine HCl,non-nutrient/non-botanical,1,1,TRUE,TRUE,Fully disclosed
47644,Mr Hyde Intense Energy Pre Workout Mango Passion Fruit,Pikatropin,non-nutrient/non-botanical,1,1,TRUE,TRUE,Fully disclosed
47644,Mr Hyde Intense Energy Pre Workout Mango Passion Fruit,Strength Matrix,blend,1,1,TRUE,TRUE,Fully disclosed
47645,Mr Hyde Intense Energy Pre Workout Orange Burst,Agmatine Sulfate,non-nutrient/non-botanical,1,1,TRUE,TRUE,Fully disclosed
47645,Mr Hyde Intense Energy Pre Workout Orange Burst,Caffeine Anhydrous,non-nutrient/non-botanical,1,1,TRUE,TRUE,Fully disclosed
47645,Mr Hyde Intense Energy Pre Workout Orange Burst,Caffeine Citrate,non-nutrient/non-botanical,1,1,TRUE,TRUE,Fully disclosed
47645,Mr Hyde Intense Energy Pre Workout Orange Burst,Caffeine Matrix,blend,1,1,TRUE,TRUE,Fully disclosed
47645,Mr Hyde Intense Energy Pre Workout Orange Burst,CarnoSyn,amino acid,1,1,TRUE,TRUE,Fully disclosed
47645,Mr Hyde Intense Energy Pre Workout Orange Burst,Citrus aurantium fruit extract,botanical,1,1,TRUE,TRUE,Fully disclosed
47645,Mr Hyde Intense Energy Pre Workout Orange Burst,Creatine Nitrate,non-nutrient/non-botanical,1,1,TRUE,TRUE,Fully disclosed
47645,Mr Hyde Intense Energy Pre Workout Orange Burst,Infinergy,blend,1,1,TRUE,TRUE,Fully disclosed
47645,Mr Hyde Intense Energy Pre Workout Orange Burst,Intensity Matrix,blend,1,1,TRUE,TRUE,Fully disclosed
47645,Mr Hyde Intense Energy Pre Workout Orange Burst,L-Citrulline Aspartate,non-nutrient/non-botanical,1,1,TRUE,TRUE,Fully disclosed
47645,Mr Hyde Intense Energy Pre Workout Orange Burst,L-Leucine,amino acid,1,1,TRUE,TRUE,Fully disclosed
47645,Mr Hyde Intense Energy Pre Workout Orange Burst,N-Methyl L-Tyramine HCl,non-nutrient/non-botanical,1,1,TRUE,TRUE,Fully disclosed
47645,Mr Hyde Intense Energy Pre Workout Orange Burst,Octopamine HCl,non-nutrient/non-botanical,1,1,TRUE,TRUE,Fully disclosed
47645,Mr Hyde Intense Energy Pre Workout Orange Burst,Pikatropin,non-nutrient/non-botanical,1,1,TRUE,TRUE,Fully disclosed
47645,Mr Hyde Intense Energy Pre Workout Orange Burst,Strength Matrix,blend,1,1,TRUE,TRUE,Fully disclosed
47838,Mr Hyde Intense Energy Pre Workout Blue Razz,Agmatine Sulfate,non-nutrient/non-botanical,1,1,TRUE,TRUE,Fully disclosed
47838,Mr Hyde Intense Energy Pre Workout Blue Razz,Caffeine Anhydrous,non-nutrient/non-botanical,1,1,TRUE,TRUE,Fully disclosed
47838,Mr Hyde Intense Energy Pre Workout Blue Razz,Caffeine Citrate,non-nutrient/non-botanical,1,1,TRUE,TRUE,Fully disclosed
47838,Mr Hyde Intense Energy Pre Workout Blue Razz,Caffeine Matrix,blend,1,1,TRUE,TRUE,Fully disclosed
47838,Mr Hyde Intense Energy Pre Workout Blue Razz,CarnoSyn,amino acid,1,1,TRUE,TRUE,Fully disclosed
47838,Mr Hyde Intense Energy Pre Workout Blue Razz,Creatine Nitrate,non-nutrient/non-botanical,1,1,TRUE,TRUE,Fully disclosed
47838,Mr Hyde Intense Energy Pre Workout Blue Razz,Hordenine,non-nutrient/non-botanical,1,1,TRUE,TRUE,Fully disclosed
47838,Mr Hyde Intense Energy Pre Workout Blue Razz,Infinergy,blend,1,1,TRUE,TRUE,Fully disclosed
47838,Mr Hyde Intense Energy Pre Workout Blue Razz,Intensity Matrix,blend,1,1,TRUE,TRUE,Fully disclosed
47838,Mr Hyde Intense Energy Pre Workout Blue Razz,L-Citrulline Aspartate,non-nutrient/non-botanical,1,1,TRUE,TRUE,Fully disclosed
47838,Mr Hyde Intense Energy Pre Workout Blue Razz,L-Leucine,amino acid,1,1,TRUE,TRUE,Fully disclosed
47838,Mr Hyde Intense Energy Pre Workout Blue Razz,N-Methyl L-Tyramine HCl,non-nutrient/non-botanical,1,1,TRUE,TRUE,Fully disclosed
47838,Mr Hyde Intense Energy Pre Workout Blue Razz,Pikatropin,non-nutrient/non-botanical,1,1,TRUE,TRUE,Fully disclosed
47838,Mr Hyde Intense Energy Pre Workout Blue Razz,Rauwolfia vomitoria root extract,botanical,1,1,TRUE,TRUE,Fully disclosed
47838,Mr Hyde Intense Energy Pre Workout Blue Razz,Strength Matrix,blend,1,1,TRUE,TRUE,Fully disclosed
47838,Mr Hyde Intense Energy Pre Workout Blue Razz,Yohimbe bark extract,botanical,1,1,TRUE,TRUE,Fully disclosed
47842,Mr Hyde Intense Energy Pre Workout Blue Razz,Agmatine Sulfate,non-nutrient/non-botanical,1,1,TRUE,TRUE,Fully disclosed
47842,Mr Hyde Intense Energy Pre Workout Blue Razz,Caffeine Anhydrous,non-nutrient/non-botanical,1,1,TRUE,TRUE,Fully disclosed
47842,Mr Hyde Intense Energy Pre Workout Blue Razz,Caffeine Citrate,non-nutrient/non-botanical,1,1,TRUE,TRUE,Fully disclosed
47842,Mr Hyde Intense Energy Pre Workout Blue Razz,Caffeine Matrix,blend,1,1,TRUE,TRUE,Fully disclosed
47842,Mr Hyde Intense Energy Pre Workout Blue Razz,CarnoSyn,amino acid,1,1,TRUE,TRUE,Fully disclosed
47842,Mr Hyde Intense Energy Pre Workout Blue Razz,Creatine Nitrate,non-nutrient/non-botanical,1,1,TRUE,TRUE,Fully disclosed
47842,Mr Hyde Intense Energy Pre Workout Blue Razz,Hordenine,non-nutrient/non-botanical,1,1,TRUE,TRUE,Fully disclosed
47842,Mr Hyde Intense Energy Pre Workout Blue Razz,Infinergy,blend,1,1,TRUE,TRUE,Fully disclosed
47842,Mr Hyde Intense Energy Pre Workout Blue Razz,Intensity Matrix,blend,1,1,TRUE,TRUE,Fully disclosed
47842,Mr Hyde Intense Energy Pre Workout Blue Razz,L-Citrulline Aspartate,non-nutrient/non-botanical,1,1,TRUE,TRUE,Fully disclosed
47842,Mr Hyde Intense Energy Pre Workout Blue Razz,L-Leucine,amino acid,1,1,TRUE,TRUE,Fully disclosed
47842,Mr Hyde Intense Energy Pre Workout Blue Razz,N-Methyl L-Tyramine HCl,non-nutrient/non-botanical,1,1,TRUE,TRUE,Fully disclosed
47842,Mr Hyde Intense Energy Pre Workout Blue Razz,Pikatropin,non-nutrient/non-botanical,1,1,TRUE,TRUE,Fully disclosed
47842,Mr Hyde Intense Energy Pre Workout Blue Razz,Rauwolfia vomitoria root extract,botanical,1,1,TRUE,TRUE,Fully disclosed
47842,Mr Hyde Intense Energy Pre Workout Blue Razz,Strength Matrix,blend,1,1,TRUE,TRUE,Fully disclosed
47842,Mr Hyde Intense Energy Pre Workout Blue Razz,Yohimbe bark extract,botanical,1,1,TRUE,TRUE,Fully disclosed
47845,Mr Hyde Intense Energy Pre Workout Fruit Punch,Agmatine Sulfate,non-nutrient/non-botanical,1,1,TRUE,TRUE,Fully disclosed
47845,Mr Hyde Intense Energy Pre Workout Fruit Punch,Caffeine Anhydrous,non-nutrient/non-botanical,1,1,TRUE,TRUE,Fully disclosed
47845,Mr Hyde Intense Energy Pre Workout Fruit Punch,Caffeine Citrate,non-nutrient/non-botanical,1,1,TRUE,TRUE,Fully disclosed
47845,Mr Hyde Intense Energy Pre Workout Fruit Punch,Caffeine Matrix,blend,1,1,TRUE,TRUE,Fully disclosed
47845,Mr Hyde Intense Energy Pre Workout Fruit Punch,CarnoSyn,amino acid,1,1,TRUE,TRUE,Fully disclosed
47845,Mr Hyde Intense Energy Pre Workout Fruit Punch,Creatine Nitrate,non-nutrient/non-botanical,1,1,TRUE,TRUE,Fully disclosed
47845,Mr Hyde Intense Energy Pre Workout Fruit Punch,Hordenine,non-nutrient/non-botanical,1,1,TRUE,TRUE,Fully disclosed
47845,Mr Hyde Intense Energy Pre Workout Fruit Punch,Infinergy,blend,1,1,TRUE,TRUE,Fully disclosed
47845,Mr Hyde Intense Energy Pre Workout Fruit Punch,Intensity Matrix,blend,1,1,TRUE,TRUE,Fully disclosed
47845,Mr Hyde Intense Energy Pre Workout Fruit Punch,L-Citrulline Aspartate,non-nutrient/non-botanical,1,1,TRUE,TRUE,Fully disclosed
47845,Mr Hyde Intense Energy Pre Workout Fruit Punch,L-Leucine,amino acid,1,1,TRUE,TRUE,Fully disclosed
47845,Mr Hyde Intense Energy Pre Workout Fruit Punch,N-Methyl L-Tyramine HCl,non-nutrient/non-botanical,1,1,TRUE,TRUE,Fully disclosed
47845,Mr Hyde Intense Energy Pre Workout Fruit Punch,Pikatropin,non-nutrient/non-botanical,1,1,TRUE,TRUE,Fully disclosed
47845,Mr Hyde Intense Energy Pre Workout Fruit Punch,Rauwolfia vomitoria root extract,botanical,1,1,TRUE,TRUE,Fully disclosed
47845,Mr Hyde Intense Energy Pre Workout Fruit Punch,Strength Matrix,blend,1,1,TRUE,TRUE,Fully disclosed
47845,Mr Hyde Intense Energy Pre Workout Fruit Punch,Yohimbe bark extract,botanical,1,1,TRUE,TRUE,Fully disclosed
47849,Mr Hyde Intense Energy Pre Workout Green Apple,Agmatine Sulfate,non-nutrient/non-botanical,1,1,TRUE,TRUE,Fully disclosed
47849,Mr Hyde Intense Energy Pre Workout Green Apple,Caffeine Anhydrous,non-nutrient/non-botanical,1,1,TRUE,TRUE,Fully disclosed
47849,Mr Hyde Intense Energy Pre Workout Green Apple,Caffeine Citrate,non-nutrient/non-botanical,1,1,TRUE,TRUE,Fully disclosed
47849,Mr Hyde Intense Energy Pre Workout Green Apple,Caffeine Matrix,blend,1,1,TRUE,TRUE,Fully disclosed
47849,Mr Hyde Intense Energy Pre Workout Green Apple,CarnoSyn,amino acid,1,1,TRUE,TRUE,Fully disclosed
47849,Mr Hyde Intense Energy Pre Workout Green Apple,Creatine Nitrate,non-nutrient/non-botanical,1,1,TRUE,TRUE,Fully disclosed
47849,Mr Hyde Intense Energy Pre Workout Green Apple,Hordenine,non-nutrient/non-botanical,1,1,TRUE,TRUE,Fully disclosed
47849,Mr Hyde Intense Energy Pre Workout Green Apple,Infinergy,blend,1,1,TRUE,TRUE,Fully disclosed
47849,Mr Hyde Intense Energy Pre Workout Green Apple,Intensity Matrix,blend,1,1,TRUE,TRUE,Fully disclosed
47849,Mr Hyde Intense Energy Pre Workout Green Apple,L-Citrulline Aspartate,non-nutrient/non-botanical,1,1,TRUE,TRUE,Fully disclosed
47849,Mr Hyde Intense Energy Pre Workout Green Apple,L-Leucine,amino acid,1,1,TRUE,TRUE,Fully disclosed
47849,Mr Hyde Intense Energy Pre Workout Green Apple,N-Methyl L-Tyramine HCl,non-nutrient/non-botanical,1,1,TRUE,TRUE,Fully disclosed
47849,Mr Hyde Intense Energy Pre Workout Green Apple,Pikatropin,non-nutrient/non-botanical,1,1,TRUE,TRUE,Fully disclosed
47849,Mr Hyde Intense Energy Pre Workout Green Apple,Rauwolfia vomitoria root extract,botanical,1,1,TRUE,TRUE,Fully disclosed
47849,Mr Hyde Intense Energy Pre Workout Green Apple,Strength Matrix,blend,1,1,TRUE,TRUE,Fully disclosed
47849,Mr Hyde Intense Energy Pre Workout Green Apple,Yohimbe bark extract,botanical,1,1,TRUE,TRUE,Fully disclosed
47850,Mr Hyde Intense Energy Pre Workout Orange Burst,Agmatine Sulfate,non-nutrient/non-botanical,1,1,TRUE,TRUE,Fully disclosed
47850,Mr Hyde Intense Energy Pre Workout Orange Burst,Caffeine Anhydrous,non-nutrient/non-botanical,1,1,TRUE,TRUE,Fully disclosed
47850,Mr Hyde Intense Energy Pre Workout Orange Burst,Caffeine Citrate,non-nutrient/non-botanical,1,1,TRUE,TRUE,Fully disclosed
47850,Mr Hyde Intense Energy Pre Workout Orange Burst,Caffeine Matrix,blend,1,1,TRUE,TRUE,Fully disclosed
47850,Mr Hyde Intense Energy Pre Workout Orange Burst,CarnoSyn,amino acid,1,1,TRUE,TRUE,Fully disclosed
47850,Mr Hyde Intense Energy Pre Workout Orange Burst,Creatine Nitrate,non-nutrient/non-botanical,1,1,TRUE,TRUE,Fully disclosed
47850,Mr Hyde Intense Energy Pre Workout Orange Burst,Hordenine,non-nutrient/non-botanical,1,1,TRUE,TRUE,Fully disclosed
47850,Mr Hyde Intense Energy Pre Workout Orange Burst,Infinergy,blend,1,1,TRUE,TRUE,Fully disclosed
47850,Mr Hyde Intense Energy Pre Workout Orange Burst,Intensity Matrix,blend,1,1,TRUE,TRUE,Fully disclosed
47850,Mr Hyde Intense Energy Pre Workout Orange Burst,L-Citrulline Aspartate,non-nutrient/non-botanical,1,1,TRUE,TRUE,Fully disclosed
47850,Mr Hyde Intense Energy Pre Workout Orange Burst,L-Leucine,amino acid,1,1,TRUE,TRUE,Fully disclosed
47850,Mr Hyde Intense Energy Pre Workout Orange Burst,N-Methyl L-Tyramine HCl,non-nutrient/non-botanical,1,1,TRUE,TRUE,Fully disclosed
47850,Mr Hyde Intense Energy Pre Workout Orange Burst,Pikatropin,non-nutrient/non-botanical,1,1,TRUE,TRUE,Fully disclosed
47850,Mr Hyde Intense Energy Pre Workout Orange Burst,Rauwolfia vomitoria root extract,botanical,1,1,TRUE,TRUE,Fully disclosed
47850,Mr Hyde Intense Energy Pre Workout Orange Burst,Strength Matrix,blend,1,1,TRUE,TRUE,Fully disclosed
47850,Mr Hyde Intense Energy Pre Workout Orange Burst,Yohimbe bark extract,botanical,1,1,TRUE,TRUE,Fully disclosed
47852,Mr Hyde Intense Energy Pre Workout Red Razz,Agmatine Sulfate,non-nutrient/non-botanical,1,1,TRUE,TRUE,Fully disclosed
47852,Mr Hyde Intense Energy Pre Workout Red Razz,Caffeine Anhydrous,non-nutrient/non-botanical,1,1,TRUE,TRUE,Fully disclosed
47852,Mr Hyde Intense Energy Pre Workout Red Razz,Caffeine Citrate,non-nutrient/non-botanical,1,1,TRUE,TRUE,Fully disclosed
47852,Mr Hyde Intense Energy Pre Workout Red Razz,Caffeine Matrix,blend,1,1,TRUE,TRUE,Fully disclosed
47852,Mr Hyde Intense Energy Pre Workout Red Razz,CarnoSyn,amino acid,1,1,TRUE,TRUE,Fully disclosed
47852,Mr Hyde Intense Energy Pre Workout Red Razz,Creatine Nitrate,non-nutrient/non-botanical,1,1,TRUE,TRUE,Fully disclosed
47852,Mr Hyde Intense Energy Pre Workout Red Razz,Hordenine,non-nutrient/non-botanical,1,1,TRUE,TRUE,Fully disclosed
47852,Mr Hyde Intense Energy Pre Workout Red Razz,Infinergy,blend,1,1,TRUE,TRUE,Fully disclosed
47852,Mr Hyde Intense Energy Pre Workout Red Razz,Intensity Matrix,blend,1,1,TRUE,TRUE,Fully disclosed
47852,Mr Hyde Intense Energy Pre Workout Red Razz,L-Citrulline Aspartate,non-nutrient/non-botanical,1,1,TRUE,TRUE,Fully disclosed
47852,Mr Hyde Intense Energy Pre Workout Red Razz,L-Leucine,amino acid,1,1,TRUE,TRUE,Fully disclosed
47852,Mr Hyde Intense Energy Pre Workout Red Razz,N-Methyl L-Tyramine HCl,non-nutrient/non-botanical,1,1,TRUE,TRUE,Fully disclosed
47852,Mr Hyde Intense Energy Pre Workout Red Razz,Pikatropin,non-nutrient/non-botanical,1,1,TRUE,TRUE,Fully disclosed
47852,Mr Hyde Intense Energy Pre Workout Red Razz,Rauwolfia vomitoria root extract,botanical,1,1,TRUE,TRUE,Fully disclosed
47852,Mr Hyde Intense Energy Pre Workout Red Razz,Strength Matrix,blend,1,1,TRUE,TRUE,Fully disclosed
47852,Mr Hyde Intense Energy Pre Workout Red Razz,Yohimbe bark extract,botanical,1,1,TRUE,TRUE,Fully disclosed
47854,Mr Hyde Intense Energy Pre Workout Watermelon,Agmatine Sulfate,non-nutrient/non-botanical,1,1,TRUE,TRUE,Fully disclosed
47854,Mr Hyde Intense Energy Pre Workout Watermelon,Caffeine Anhydrous,non-nutrient/non-botanical,1,1,TRUE,TRUE,Fully disclosed
47854,Mr Hyde Intense Energy Pre Workout Watermelon,Caffeine Citrate,non-nutrient/non-botanical,1,1,TRUE,TRUE,Fully disclosed
47854,Mr Hyde Intense Energy Pre Workout Watermelon,Caffeine Matrix,blend,1,1,TRUE,TRUE,Fully disclosed
47854,Mr Hyde Intense Energy Pre Workout Watermelon,CarnoSyn,amino acid,1,1,TRUE,TRUE,Fully disclosed
47854,Mr Hyde Intense Energy Pre Workout Watermelon,Creatine Nitrate,non-nutrient/non-botanical,1,1,TRUE,TRUE,Fully disclosed
47854,Mr Hyde Intense Energy Pre Workout Watermelon,Hordenine,non-nutrient/non-botanical,1,1,TRUE,TRUE,Fully disclosed
47854,Mr Hyde Intense Energy Pre Workout Watermelon,Infinergy,blend,1,1,TRUE,TRUE,Fully disclosed
47854,Mr Hyde Intense Energy Pre Workout Watermelon,Intensity Matrix,blend,1,1,TRUE,TRUE,Fully disclosed
47854,Mr Hyde Intense Energy Pre Workout Watermelon,L-Citrulline Aspartate,non-nutrient/non-botanical,1,1,TRUE,TRUE,Fully disclosed
47854,Mr Hyde Intense Energy Pre Workout Watermelon,L-Leucine,amino acid,1,1,TRUE,TRUE,Fully disclosed
47854,Mr Hyde Intense Energy Pre Workout Watermelon,N-Methyl L-Tyramine HCl,non-nutrient/non-botanical,1,1,TRUE,TRUE,Fully disclosed
47854,Mr Hyde Intense Energy Pre Workout Watermelon,Pikatropin,non-nutrient/non-botanical,1,1,TRUE,TRUE,Fully disclosed
47854,Mr Hyde Intense Energy Pre Workout Watermelon,Rauwolfia vomitoria root extract,botanical,1,1,TRUE,TRUE,Fully disclosed
47854,Mr Hyde Intense Energy Pre Workout Watermelon,Strength Matrix,blend,1,1,TRUE,TRUE,Fully disclosed
47854,Mr Hyde Intense Energy Pre Workout Watermelon,Yohimbe bark extract,botanical,1,1,TRUE,TRUE,Fully disclosed
47968,Mr Hyde Intense Pre Workout Berry Blast,Agmatine Sulfate,non-nutrient/non-botanical,1,1,TRUE,TRUE,Fully disclosed
47968,Mr Hyde Intense Pre Workout Berry Blast,Caffeine Anhydrous,non-nutrient/non-botanical,1,1,TRUE,TRUE,Fully disclosed
47968,Mr Hyde Intense Pre Workout Berry Blast,Caffeine Citrate,non-nutrient/non-botanical,1,1,TRUE,TRUE,Fully disclosed
47968,Mr Hyde Intense Pre Workout Berry Blast,Caffeine Matrix,blend,1,1,TRUE,TRUE,Fully disclosed
47968,Mr Hyde Intense Pre Workout Berry Blast,CarnoSyn,amino acid,1,1,TRUE,TRUE,Fully disclosed
47968,Mr Hyde Intense Pre Workout Berry Blast,Citrus aurantium fruit extract,botanical,1,1,TRUE,TRUE,Fully disclosed
47968,Mr Hyde Intense Pre Workout Berry Blast,Creatine Nitrate,non-nutrient/non-botanical,1,1,TRUE,TRUE,Fully disclosed
47968,Mr Hyde Intense Pre Workout Berry Blast,Infinergy,blend,1,1,TRUE,TRUE,Fully disclosed
47968,Mr Hyde Intense Pre Workout Berry Blast,Intensity Matrix,blend,1,1,TRUE,TRUE,Fully disclosed
47968,Mr Hyde Intense Pre Workout Berry Blast,L-Citrulline Aspartate,non-nutrient/non-botanical,1,1,TRUE,TRUE,Fully disclosed
47968,Mr Hyde Intense Pre Workout Berry Blast,L-Leucine,amino acid,1,1,TRUE,TRUE,Fully disclosed
47968,Mr Hyde Intense Pre Workout Berry Blast,N-Methyl L-Tyramine HCl,non-nutrient/non-botanical,1,1,TRUE,TRUE,Fully disclosed
47968,Mr Hyde Intense Pre Workout Berry Blast,Noble Orchid (Dendrobium nobile) stem extract,botanical,1,1,TRUE,TRUE,Fully disclosed
47968,Mr Hyde Intense Pre Workout Berry Blast,Octopamine HCl,non-nutrient/non-botanical,1,1,TRUE,TRUE,Fully disclosed
47968,Mr Hyde Intense Pre Workout Berry Blast,Pikatropin,non-nutrient/non-botanical,1,1,TRUE,TRUE,Fully disclosed
47968,Mr Hyde Intense Pre Workout Berry Blast,Strength Matrix,blend,1,1,TRUE,TRUE,Fully disclosed
47970,Mr Hyde Intense Energy Pre Workout Blue Razz,Agmatine Sulfate,non-nutrient/non-botanical,1,1,TRUE,TRUE,Fully disclosed
47970,Mr Hyde Intense Energy Pre Workout Blue Razz,Caffeine Anhydrous,non-nutrient/non-botanical,1,1,TRUE,TRUE,Fully disclosed
47970,Mr Hyde Intense Energy Pre Workout Blue Razz,Caffeine Citrate,non-nutrient/non-botanical,1,1,TRUE,TRUE,Fully disclosed
47970,Mr Hyde Intense Energy Pre Workout Blue Razz,Caffeine Matrix,blend,1,1,TRUE,TRUE,Fully disclosed
47970,Mr Hyde Intense Energy Pre Workout Blue Razz,CarnoSyn,amino acid,1,1,TRUE,TRUE,Fully disclosed
47970,Mr Hyde Intense Energy Pre Workout Blue Razz,Citrus aurantium fruit extract,botanical,1,1,TRUE,TRUE,Fully disclosed
47970,Mr Hyde Intense Energy Pre Workout Blue Razz,Creatine Nitrate,non-nutrient/non-botanical,1,1,TRUE,TRUE,Fully disclosed
47970,Mr Hyde Intense Energy Pre Workout Blue Razz,Infinergy,blend,1,1,TRUE,TRUE,Fully disclosed
47970,Mr Hyde Intense Energy Pre Workout Blue Razz,Intensity Matrix,blend,1,1,TRUE,TRUE,Fully disclosed
47970,Mr Hyde Intense Energy Pre Workout Blue Razz,L-Citrulline Aspartate,non-nutrient/non-botanical,1,1,TRUE,TRUE,Fully disclosed
47970,Mr Hyde Intense Energy Pre Workout Blue Razz,L-Leucine,amino acid,1,1,TRUE,TRUE,Fully disclosed
47970,Mr Hyde Intense Energy Pre Workout Blue Razz,N-Methyl L-Tyramine HCl,non-nutrient/non-botanical,1,1,TRUE,TRUE,Fully disclosed
47970,Mr Hyde Intense Energy Pre Workout Blue Razz,Noble Orchid (Dendrobium nobile) stem extract,botanical,1,1,TRUE,TRUE,Fully disclosed
47970,Mr Hyde Intense Energy Pre Workout Blue Razz,Octopamine HCl,non-nutrient/non-botanical,1,1,TRUE,TRUE,Fully disclosed
47970,Mr Hyde Intense Energy Pre Workout Blue Razz,Pikatropin,non-nutrient/non-botanical,1,1,TRUE,TRUE,Fully disclosed
47970,Mr Hyde Intense Energy Pre Workout Blue Razz,Strength Matrix,blend,1,1,TRUE,TRUE,Fully disclosed
47971,Mr Hyde Intense Energy Pre Workout Cherry Bomb,Agmatine Sulfate,non-nutrient/non-botanical,1,1,TRUE,TRUE,Fully disclosed
47971,Mr Hyde Intense Energy Pre Workout Cherry Bomb,Caffeine Anhydrous,non-nutrient/non-botanical,1,1,TRUE,TRUE,Fully disclosed
47971,Mr Hyde Intense Energy Pre Workout Cherry Bomb,Caffeine Citrate,non-nutrient/non-botanical,1,1,TRUE,TRUE,Fully disclosed
47971,Mr Hyde Intense Energy Pre Workout Cherry Bomb,Caffeine Matrix,blend,1,1,TRUE,TRUE,Fully disclosed
47971,Mr Hyde Intense Energy Pre Workout Cherry Bomb,CarnoSyn,amino acid,1,1,TRUE,TRUE,Fully disclosed
47971,Mr Hyde Intense Energy Pre Workout Cherry Bomb,Citrus aurantium fruit extract,botanical,1,1,TRUE,TRUE,Fully disclosed
47971,Mr Hyde Intense Energy Pre Workout Cherry Bomb,Creatine Nitrate,non-nutrient/non-botanical,1,1,TRUE,TRUE,Fully disclosed
47971,Mr Hyde Intense Energy Pre Workout Cherry Bomb,Infinergy,blend,1,1,TRUE,TRUE,Fully disclosed
47971,Mr Hyde Intense Energy Pre Workout Cherry Bomb,Intensity Matrix,blend,1,1,TRUE,TRUE,Fully disclosed
47971,Mr Hyde Intense Energy Pre Workout Cherry Bomb,L-Citrulline Aspartate,non-nutrient/non-botanical,1,1,TRUE,TRUE,Fully disclosed
47971,Mr Hyde Intense Energy Pre Workout Cherry Bomb,L-Leucine,amino acid,1,1,TRUE,TRUE,Fully disclosed
47971,Mr Hyde Intense Energy Pre Workout Cherry Bomb,N-Methyl L-Tyramine HCl,non-nutrient/non-botanical,1,1,TRUE,TRUE,Fully disclosed
47971,Mr Hyde Intense Energy Pre Workout Cherry Bomb,Noble Orchid (Dendrobium nobile) stem extract,botanical,1,1,TRUE,TRUE,Fully disclosed
47971,Mr Hyde Intense Energy Pre Workout Cherry Bomb,Octopamine HCl,non-nutrient/non-botanical,1,1,TRUE,TRUE,Fully disclosed
47971,Mr Hyde Intense Energy Pre Workout Cherry Bomb,Pikatropin,non-nutrient/non-botanical,1,1,TRUE,TRUE,Fully disclosed
47971,Mr Hyde Intense Energy Pre Workout Cherry Bomb,Strength Matrix,blend,1,1,TRUE,TRUE,Fully disclosed
47972,Mr Hyde Intense Energy Pre Workout Cotton Candy,Agmatine Sulfate,non-nutrient/non-botanical,1,1,TRUE,TRUE,Fully disclosed
47972,Mr Hyde Intense Energy Pre Workout Cotton Candy,Caffeine Anhydrous,non-nutrient/non-botanical,1,1,TRUE,TRUE,Fully disclosed
47972,Mr Hyde Intense Energy Pre Workout Cotton Candy,Caffeine Citrate,non-nutrient/non-botanical,1,1,TRUE,TRUE,Fully disclosed
47972,Mr Hyde Intense Energy Pre Workout Cotton Candy,Caffeine Matrix,blend,1,1,TRUE,TRUE,Fully disclosed
47972,Mr Hyde Intense Energy Pre Workout Cotton Candy,CarnoSyn,amino acid,1,1,TRUE,TRUE,Fully disclosed
47972,Mr Hyde Intense Energy Pre Workout Cotton Candy,Citrus aurantium fruit extract,botanical,1,1,TRUE,TRUE,Fully disclosed
47972,Mr Hyde Intense Energy Pre Workout Cotton Candy,Creatine Nitrate,non-nutrient/non-botanical,1,1,TRUE,TRUE,Fully disclosed
47972,Mr Hyde Intense Energy Pre Workout Cotton Candy,Infinergy,blend,1,1,TRUE,TRUE,Fully disclosed
47972,Mr Hyde Intense Energy Pre Workout Cotton Candy,Intensity Matrix,blend,1,1,TRUE,TRUE,Fully disclosed
47972,Mr Hyde Intense Energy Pre Workout Cotton Candy,L-Citrulline Aspartate,non-nutrient/non-botanical,1,1,TRUE,TRUE,Fully disclosed
47972,Mr Hyde Intense Energy Pre Workout Cotton Candy,L-Leucine,amino acid,1,1,TRUE,TRUE,Fully disclosed
47972,Mr Hyde Intense Energy Pre Workout Cotton Candy,N-Methyl L-Tyramine HCl,non-nutrient/non-botanical,1,1,TRUE,TRUE,Fully disclosed
47972,Mr Hyde Intense Energy Pre Workout Cotton Candy,Noble Orchid (Dendrobium nobile) stem extract,botanical,1,1,TRUE,TRUE,Fully disclosed
47972,Mr Hyde Intense Energy Pre Workout Cotton Candy,Octopamine HCl,non-nutrient/non-botanical,1,1,TRUE,TRUE,Fully disclosed
47972,Mr Hyde Intense Energy Pre Workout Cotton Candy,Pikatropin,non-nutrient/non-botanical,1,1,TRUE,TRUE,Fully disclosed
47972,Mr Hyde Intense Energy Pre Workout Cotton Candy,Strength Matrix,blend,1,1,TRUE,TRUE,Fully disclosed
47973,Mr Hyde Intense Energy Pre Workout Fruit Punch,Agmatine Sulfate,non-nutrient/non-botanical,1,1,TRUE,TRUE,Fully disclosed
47973,Mr Hyde Intense Energy Pre Workout Fruit Punch,Caffeine Anhydrous,non-nutrient/non-botanical,1,1,TRUE,TRUE,Fully disclosed
47973,Mr Hyde Intense Energy Pre Workout Fruit Punch,Caffeine Citrate,non-nutrient/non-botanical,1,1,TRUE,TRUE,Fully disclosed
47973,Mr Hyde Intense Energy Pre Workout Fruit Punch,Caffeine Matrix,blend,1,1,TRUE,TRUE,Fully disclosed
47973,Mr Hyde Intense Energy Pre Workout Fruit Punch,CarnoSyn,amino acid,1,1,TRUE,TRUE,Fully disclosed
47973,Mr Hyde Intense Energy Pre Workout Fruit Punch,Citrus aurantium fruit extract,botanical,1,1,TRUE,TRUE,Fully disclosed
47973,Mr Hyde Intense Energy Pre Workout Fruit Punch,Creatine Nitrate,non-nutrient/non-botanical,1,1,TRUE,TRUE,Fully disclosed
47973,Mr Hyde Intense Energy Pre Workout Fruit Punch,Infinergy,blend,1,1,TRUE,TRUE,Fully disclosed
47973,Mr Hyde Intense Energy Pre Workout Fruit Punch,Intensity Matrix,blend,1,1,TRUE,TRUE,Fully disclosed
47973,Mr Hyde Intense Energy Pre Workout Fruit Punch,L-Citrulline Aspartate,non-nutrient/non-botanical,1,1,TRUE,TRUE,Fully disclosed
47973,Mr Hyde Intense Energy Pre Workout Fruit Punch,L-Leucine,amino acid,1,1,TRUE,TRUE,Fully disclosed
47973,Mr Hyde Intense Energy Pre Workout Fruit Punch,N-Methyl L-Tyramine HCl,non-nutrient/non-botanical,1,1,TRUE,TRUE,Fully disclosed
47973,Mr Hyde Intense Energy Pre Workout Fruit Punch,Noble Orchid (Dendrobium nobile) stem extract,botanical,1,1,TRUE,TRUE,Fully disclosed
47973,Mr Hyde Intense Energy Pre Workout Fruit Punch,Octopamine HCl,non-nutrient/non-botanical,1,1,TRUE,TRUE,Fully disclosed
47973,Mr Hyde Intense Energy Pre Workout Fruit Punch,Pikatropin,non-nutrient/non-botanical,1,1,TRUE,TRUE,Fully disclosed
47973,Mr Hyde Intense Energy Pre Workout Fruit Punch,Strength Matrix,blend,1,1,TRUE,TRUE,Fully disclosed
47975,Mr Hyde Intense Energy Pre Workout Green Apple,Agmatine Sulfate,non-nutrient/non-botanical,1,1,TRUE,TRUE,Fully disclosed
47975,Mr Hyde Intense Energy Pre Workout Green Apple,Caffeine Anhydrous,non-nutrient/non-botanical,1,1,TRUE,TRUE,Fully disclosed
47975,Mr Hyde Intense Energy Pre Workout Green Apple,Caffeine Citrate,non-nutrient/non-botanical,1,1,TRUE,TRUE,Fully disclosed
47975,Mr Hyde Intense Energy Pre Workout Green Apple,Caffeine Matrix,blend,1,1,TRUE,TRUE,Fully disclosed
47975,Mr Hyde Intense Energy Pre Workout Green Apple,CarnoSyn,amino acid,1,1,TRUE,TRUE,Fully disclosed
47975,Mr Hyde Intense Energy Pre Workout Green Apple,Citrus aurantium fruit extract,botanical,1,1,TRUE,TRUE,Fully disclosed
47975,Mr Hyde Intense Energy Pre Workout Green Apple,Creatine Nitrate,non-nutrient/non-botanical,1,1,TRUE,TRUE,Fully disclosed
47975,Mr Hyde Intense Energy Pre Workout Green Apple,Infinergy,blend,1,1,TRUE,TRUE,Fully disclosed
47975,Mr Hyde Intense Energy Pre Workout Green Apple,Intensity Matrix,blend,1,1,TRUE,TRUE,Fully disclosed
47975,Mr Hyde Intense Energy Pre Workout Green Apple,L-Citrulline Aspartate,non-nutrient/non-botanical,1,1,TRUE,TRUE,Fully disclosed
47975,Mr Hyde Intense Energy Pre Workout Green Apple,L-Leucine,amino acid,1,1,TRUE,TRUE,Fully disclosed
47975,Mr Hyde Intense Energy Pre Workout Green Apple,N-Methyl L-Tyramine HCl,non-nutrient/non-botanical,1,1,TRUE,TRUE,Fully disclosed
47975,Mr Hyde Intense Energy Pre Workout Green Apple,Noble Orchid (Dendrobium nobile) stem extract,botanical,1,1,TRUE,TRUE,Fully disclosed
47975,Mr Hyde Intense Energy Pre Workout Green Apple,Octopamine HCl,non-nutrient/non-botanical,1,1,TRUE,TRUE,Fully disclosed
47975,Mr Hyde Intense Energy Pre Workout Green Apple,Pikatropin,non-nutrient/non-botanical,1,1,TRUE,TRUE,Fully disclosed
47975,Mr Hyde Intense Energy Pre Workout Green Apple,Strength Matrix,blend,1,1,TRUE,TRUE,Fully disclosed
47977,Mr Hyde Intense Energy Pre Workout Mango Passion Fruit,Agmatine Sulfate,non-nutrient/non-botanical,1,1,TRUE,TRUE,Fully disclosed
47977,Mr Hyde Intense Energy Pre Workout Mango Passion Fruit,Caffeine Anhydrous,non-nutrient/non-botanical,1,1,TRUE,TRUE,Fully disclosed
47977,Mr Hyde Intense Energy Pre Workout Mango Passion Fruit,Caffeine Citrate,non-nutrient/non-botanical,1,1,TRUE,TRUE,Fully disclosed
47977,Mr Hyde Intense Energy Pre Workout Mango Passion Fruit,Caffeine Matrix,blend,1,1,TRUE,TRUE,Fully disclosed
47977,Mr Hyde Intense Energy Pre Workout Mango Passion Fruit,CarnoSyn,amino acid,1,1,TRUE,TRUE,Fully disclosed
47977,Mr Hyde Intense Energy Pre Workout Mango Passion Fruit,Citrus aurantium fruit extract,botanical,1,1,TRUE,TRUE,Fully disclosed
47977,Mr Hyde Intense Energy Pre Workout Mango Passion Fruit,Creatine Nitrate,non-nutrient/non-botanical,1,1,TRUE,TRUE,Fully disclosed
47977,Mr Hyde Intense Energy Pre Workout Mango Passion Fruit,Infinergy,blend,1,1,TRUE,TRUE,Fully disclosed
47977,Mr Hyde Intense Energy Pre Workout Mango Passion Fruit,Intensity Matrix,blend,1,1,TRUE,TRUE,Fully disclosed
47977,Mr Hyde Intense Energy Pre Workout Mango Passion Fruit,L-Citrulline Aspartate,non-nutrient/non-botanical,1,1,TRUE,TRUE,Fully disclosed
47977,Mr Hyde Intense Energy Pre Workout Mango Passion Fruit,L-Leucine,amino acid,1,1,TRUE,TRUE,Fully disclosed
47977,Mr Hyde Intense Energy Pre Workout Mango Passion Fruit,N-Methyl L-Tyramine HCl,non-nutrient/non-botanical,1,1,TRUE,TRUE,Fully disclosed
47977,Mr Hyde Intense Energy Pre Workout Mango Passion Fruit,Noble Orchid (Dendrobium nobile) stem extract,botanical,1,1,TRUE,TRUE,Fully disclosed
47977,Mr Hyde Intense Energy Pre Workout Mango Passion Fruit,Octopamine HCl,non-nutrient/non-botanical,1,1,TRUE,TRUE,Fully disclosed
47977,Mr Hyde Intense Energy Pre Workout Mango Passion Fruit,Pikatropin,non-nutrient/non-botanical,1,1,TRUE,TRUE,Fully disclosed
47977,Mr Hyde Intense Energy Pre Workout Mango Passion Fruit,Strength Matrix,blend,1,1,TRUE,TRUE,Fully disclosed
47978,Mr Hyde Intense Energy Pre Workout Mango Orange Burst,Agmatine Sulfate,non-nutrient/non-botanical,1,1,TRUE,TRUE,Fully disclosed
47978,Mr Hyde Intense Energy Pre Workout Mango Orange Burst,Caffeine Anhydrous,non-nutrient/non-botanical,1,1,TRUE,TRUE,Fully disclosed
47978,Mr Hyde Intense Energy Pre Workout Mango Orange Burst,Caffeine Citrate,non-nutrient/non-botanical,1,1,TRUE,TRUE,Fully disclosed
47978,Mr Hyde Intense Energy Pre Workout Mango Orange Burst,Caffeine Matrix,blend,1,1,TRUE,TRUE,Fully disclosed
47978,Mr Hyde Intense Energy Pre Workout Mango Orange Burst,CarnoSyn,amino acid,1,1,TRUE,TRUE,Fully disclosed
47978,Mr Hyde Intense Energy Pre Workout Mango Orange Burst,Citrus aurantium fruit extract,botanical,1,1,TRUE,TRUE,Fully disclosed
47978,Mr Hyde Intense Energy Pre Workout Mango Orange Burst,Creatine Nitrate,non-nutrient/non-botanical,1,1,TRUE,TRUE,Fully disclosed
47978,Mr Hyde Intense Energy Pre Workout Mango Orange Burst,Infinergy,blend,1,1,TRUE,TRUE,Fully disclosed
47978,Mr Hyde Intense Energy Pre Workout Mango Orange Burst,Intensity Matrix,blend,1,1,TRUE,TRUE,Fully disclosed
47978,Mr Hyde Intense Energy Pre Workout Mango Orange Burst,L-Citrulline Aspartate,non-nutrient/non-botanical,1,1,TRUE,TRUE,Fully disclosed
47978,Mr Hyde Intense Energy Pre Workout Mango Orange Burst,L-Leucine,amino acid,1,1,TRUE,TRUE,Fully disclosed
47978,Mr Hyde Intense Energy Pre Workout Mango Orange Burst,N-Methyl L-Tyramine HCl,non-nutrient/non-botanical,1,1,TRUE,TRUE,Fully disclosed
47978,Mr Hyde Intense Energy Pre Workout Mango Orange Burst,Noble Orchid (Dendrobium nobile) stem extract,botanical,1,1,TRUE,TRUE,Fully disclosed
47978,Mr Hyde Intense Energy Pre Workout Mango Orange Burst,Octopamine HCl,non-nutrient/non-botanical,1,1,TRUE,TRUE,Fully disclosed
47978,Mr Hyde Intense Energy Pre Workout Mango Orange Burst,Pikatropin,non-nutrient/non-botanical,1,1,TRUE,TRUE,Fully disclosed
47978,Mr Hyde Intense Energy Pre Workout Mango Orange Burst,Strength Matrix,blend,1,1,TRUE,TRUE,Fully disclosed
47979,Mr Hyde Intense Energy Pre Workout Watermelon,Agmatine Sulfate,non-nutrient/non-botanical,1,1,TRUE,TRUE,Fully disclosed
47979,Mr Hyde Intense Energy Pre Workout Watermelon,Caffeine Anhydrous,non-nutrient/non-botanical,1,1,TRUE,TRUE,Fully disclosed
47979,Mr Hyde Intense Energy Pre Workout Watermelon,Caffeine Citrate,non-nutrient/non-botanical,1,1,TRUE,TRUE,Fully disclosed
47979,Mr Hyde Intense Energy Pre Workout Watermelon,Caffeine Matrix,blend,1,1,TRUE,TRUE,Fully disclosed
47979,Mr Hyde Intense Energy Pre Workout Watermelon,CarnoSyn,amino acid,1,1,TRUE,TRUE,Fully disclosed
47979,Mr Hyde Intense Energy Pre Workout Watermelon,Citrus aurantium fruit extract,botanical,1,1,TRUE,TRUE,Fully disclosed
47979,Mr Hyde Intense Energy Pre Workout Watermelon,Creatine Nitrate,non-nutrient/non-botanical,1,1,TRUE,TRUE,Fully disclosed
47979,Mr Hyde Intense Energy Pre Workout Watermelon,Infinergy,blend,1,1,TRUE,TRUE,Fully disclosed
47979,Mr Hyde Intense Energy Pre Workout Watermelon,Intensity Matrix,blend,1,1,TRUE,TRUE,Fully disclosed
47979,Mr Hyde Intense Energy Pre Workout Watermelon,L-Citrulline Aspartate,non-nutrient/non-botanical,1,1,TRUE,TRUE,Fully disclosed
47979,Mr Hyde Intense Energy Pre Workout Watermelon,L-Leucine,amino acid,1,1,TRUE,TRUE,Fully disclosed
47979,Mr Hyde Intense Energy Pre Workout Watermelon,N-Methyl L-Tyramine HCl,non-nutrient/non-botanical,1,1,TRUE,TRUE,Fully disclosed
47979,Mr Hyde Intense Energy Pre Workout Watermelon,Noble Orchid (Dendrobium nobile) stem extract,botanical,1,1,TRUE,TRUE,Fully disclosed
47979,Mr Hyde Intense Energy Pre Workout Watermelon,Octopamine HCl,non-nutrient/non-botanical,1,1,TRUE,TRUE,Fully disclosed
47979,Mr Hyde Intense Energy Pre Workout Watermelon,Pikatropin,non-nutrient/non-botanical,1,1,TRUE,TRUE,Fully disclosed
47979,Mr Hyde Intense Energy Pre Workout Watermelon,Strength Matrix,blend,1,1,TRUE,TRUE,Fully disclosed
47980,Mr Hyde Intense Energy Pre Workout Fruit Punch,Agmatine Sulfate,non-nutrient/non-botanical,1,1,TRUE,TRUE,Fully disclosed
47980,Mr Hyde Intense Energy Pre Workout Fruit Punch,Caffeine Anhydrous,non-nutrient/non-botanical,1,1,TRUE,TRUE,Fully disclosed
47980,Mr Hyde Intense Energy Pre Workout Fruit Punch,Caffeine Citrate,non-nutrient/non-botanical,1,1,TRUE,TRUE,Fully disclosed
47980,Mr Hyde Intense Energy Pre Workout Fruit Punch,Caffeine Matrix,blend,1,1,TRUE,TRUE,Fully disclosed
47980,Mr Hyde Intense Energy Pre Workout Fruit Punch,CarnoSyn,amino acid,1,1,TRUE,TRUE,Fully disclosed
47980,Mr Hyde Intense Energy Pre Workout Fruit Punch,Citrus aurantium fruit extract,botanical,1,1,TRUE,TRUE,Fully disclosed
47980,Mr Hyde Intense Energy Pre Workout Fruit Punch,Creatine Nitrate,non-nutrient/non-botanical,1,1,TRUE,TRUE,Fully disclosed
47980,Mr Hyde Intense Energy Pre Workout Fruit Punch,Infinergy,blend,1,1,TRUE,TRUE,Fully disclosed
47980,Mr Hyde Intense Energy Pre Workout Fruit Punch,Intensity Matrix,blend,1,1,TRUE,TRUE,Fully disclosed
47980,Mr Hyde Intense Energy Pre Workout Fruit Punch,L-Citrulline Aspartate,non-nutrient/non-botanical,1,1,TRUE,TRUE,Fully disclosed
47980,Mr Hyde Intense Energy Pre Workout Fruit Punch,L-Leucine,amino acid,1,1,TRUE,TRUE,Fully disclosed
47980,Mr Hyde Intense Energy Pre Workout Fruit Punch,N-Methyl L-Tyramine HCl,non-nutrient/non-botanical,1,1,TRUE,TRUE,Fully disclosed
47980,Mr Hyde Intense Energy Pre Workout Fruit Punch,Noble Orchid (Dendrobium nobile) stem extract,botanical,1,1,TRUE,TRUE,Fully disclosed
47980,Mr Hyde Intense Energy Pre Workout Fruit Punch,Octopamine HCl,non-nutrient/non-botanical,1,1,TRUE,TRUE,Fully disclosed
47980,Mr Hyde Intense Energy Pre Workout Fruit Punch,Pikatropin,non-nutrient/non-botanical,1,1,TRUE,TRUE,Fully disclosed
47980,Mr Hyde Intense Energy Pre Workout Fruit Punch,Strength Matrix,blend,1,1,TRUE,TRUE,Fully disclosed
49177,Mr Hyde Intense Energy Pre Workout Fruit Punch,Agmatine Sulfate,non-nutrient/non-botanical,1,1,TRUE,TRUE,Fully disclosed
49177,Mr Hyde Intense Energy Pre Workout Fruit Punch,Caffeine Anhydrous,non-nutrient/non-botanical,1,1,TRUE,TRUE,Fully disclosed
49177,Mr Hyde Intense Energy Pre Workout Fruit Punch,Caffeine Citrate,non-nutrient/non-botanical,1,1,TRUE,TRUE,Fully disclosed
49177,Mr Hyde Intense Energy Pre Workout Fruit Punch,Caffeine Matrix,blend,1,1,TRUE,TRUE,Fully disclosed
49177,Mr Hyde Intense Energy Pre Workout Fruit Punch,CarnoSyn,amino acid,1,1,TRUE,TRUE,Fully disclosed
49177,Mr Hyde Intense Energy Pre Workout Fruit Punch,Citrus aurantium fruit extract,botanical,1,1,TRUE,TRUE,Fully disclosed
49177,Mr Hyde Intense Energy Pre Workout Fruit Punch,Creatine Nitrate,non-nutrient/non-botanical,1,1,TRUE,TRUE,Fully disclosed
49177,Mr Hyde Intense Energy Pre Workout Fruit Punch,Infinergy,blend,1,1,TRUE,TRUE,Fully disclosed
49177,Mr Hyde Intense Energy Pre Workout Fruit Punch,Intensity Matrix,blend,1,1,TRUE,TRUE,Fully disclosed
49177,Mr Hyde Intense Energy Pre Workout Fruit Punch,L-Citrulline Aspartate,non-nutrient/non-botanical,1,1,TRUE,TRUE,Fully disclosed
49177,Mr Hyde Intense Energy Pre Workout Fruit Punch,L-Leucine,amino acid,1,1,TRUE,TRUE,Fully disclosed
49177,Mr Hyde Intense Energy Pre Workout Fruit Punch,N-Methyl L-Tyramine HCl,non-nutrient/non-botanical,1,1,TRUE,TRUE,Fully disclosed
49177,Mr Hyde Intense Energy Pre Workout Fruit Punch,Noble Orchid (Dendrobium nobile) stem extract,botanical,1,1,TRUE,TRUE,Fully disclosed
49177,Mr Hyde Intense Energy Pre Workout Fruit Punch,Octopamine HCl,non-nutrient/non-botanical,1,1,TRUE,TRUE,Fully disclosed
49177,Mr Hyde Intense Energy Pre Workout Fruit Punch,Pikatropin Picamilon,non-nutrient/non-botanical,1,1,TRUE,TRUE,Fully disclosed
49177,Mr Hyde Intense Energy Pre Workout Fruit Punch,Strength Matrix,blend,1,1,TRUE,TRUE,Fully disclosed
49184,Mr Hyde Intense Energy Pre Workout Orange Burst,Agmatine Sulfate,non-nutrient/non-botanical,1,1,TRUE,TRUE,Fully disclosed
49184,Mr Hyde Intense Energy Pre Workout Orange Burst,Caffeine Anhydrous,non-nutrient/non-botanical,1,1,TRUE,TRUE,Fully disclosed
49184,Mr Hyde Intense Energy Pre Workout Orange Burst,Caffeine Citrate,non-nutrient/non-botanical,1,1,TRUE,TRUE,Fully disclosed
49184,Mr Hyde Intense Energy Pre Workout Orange Burst,Caffeine Matrix,blend,1,1,TRUE,TRUE,Fully disclosed
49184,Mr Hyde Intense Energy Pre Workout Orange Burst,CarnoSyn,amino acid,1,1,TRUE,TRUE,Fully disclosed
49184,Mr Hyde Intense Energy Pre Workout Orange Burst,Creatine Nitrate,non-nutrient/non-botanical,1,1,TRUE,TRUE,Fully disclosed
49184,Mr Hyde Intense Energy Pre Workout Orange Burst,Hordenine,non-nutrient/non-botanical,1,1,TRUE,TRUE,Fully disclosed
49184,Mr Hyde Intense Energy Pre Workout Orange Burst,Infinergy,blend,1,1,TRUE,TRUE,Fully disclosed
49184,Mr Hyde Intense Energy Pre Workout Orange Burst,Intensity Matrix,blend,1,1,TRUE,TRUE,Fully disclosed
49184,Mr Hyde Intense Energy Pre Workout Orange Burst,L-Citrulline Aspartate,non-nutrient/non-botanical,1,1,TRUE,TRUE,Fully disclosed
49184,Mr Hyde Intense Energy Pre Workout Orange Burst,L-Leucine,amino acid,1,1,TRUE,TRUE,Fully disclosed
49184,Mr Hyde Intense Energy Pre Workout Orange Burst,N-Methyl L-Tyramine HCl,non-nutrient/non-botanical,1,1,TRUE,TRUE,Fully disclosed
49184,Mr Hyde Intense Energy Pre Workout Orange Burst,Pikatropin Picamilon,non-nutrient/non-botanical,1,1,TRUE,TRUE,Fully disclosed
49184,Mr Hyde Intense Energy Pre Workout Orange Burst,Rauwolfia vomitoria root extract,botanical,1,1,TRUE,TRUE,Fully disclosed
49184,Mr Hyde Intense Energy Pre Workout Orange Burst,Strength Matrix,blend,1,1,TRUE,TRUE,Fully disclosed
49184,Mr Hyde Intense Energy Pre Workout Orange Burst,Yohimbe bark extract,botanical,1,1,TRUE,TRUE,Fully disclosed
49186,Mr Hyde Intense Energy Pre Workout Fruit Punch,Beta-Alanine,amino acid,1,1,TRUE,TRUE,Fully disclosed
49186,Mr Hyde Intense Energy Pre Workout Fruit Punch,Caffeine,non-nutrient/non-botanical,1,1,TRUE,TRUE,Fully disclosed
49186,Mr Hyde Intense Energy Pre Workout Fruit Punch,Caffeine Matrix,blend,1,1,TRUE,TRUE,Fully disclosed
49186,Mr Hyde Intense Energy Pre Workout Fruit Punch,Citrus aurantium extract,botanical,1,1,TRUE,TRUE,Fully disclosed
49186,Mr Hyde Intense Energy Pre Workout Fruit Punch,Creatine HCl,non-nutrient/non-botanical,1,1,TRUE,TRUE,Fully disclosed
49186,Mr Hyde Intense Energy Pre Workout Fruit Punch,Intensity Matrix,blend,1,1,TRUE,TRUE,Fully disclosed
49186,Mr Hyde Intense Energy Pre Workout Fruit Punch,L-Citrulline,amino acid,1,1,TRUE,TRUE,Fully disclosed
49186,Mr Hyde Intense Energy Pre Workout Fruit Punch,L-Citrulline Aspartate,non-nutrient/non-botanical,1,1,TRUE,TRUE,Fully disclosed
49186,Mr Hyde Intense Energy Pre Workout Fruit Punch,L-Leucine,amino acid,1,1,TRUE,TRUE,Fully disclosed
49186,Mr Hyde Intense Energy Pre Workout Fruit Punch,N-Methyl L-Tyramine HCl,non-nutrient/non-botanical,1,1,TRUE,TRUE,Fully disclosed
49186,Mr Hyde Intense Energy Pre Workout Fruit Punch,N-Nicotinoyl-R-Aminobutyric Acid,non-nutrient/non-botanical,1,1,FALSE,FALSE,Not disclosed
49186,Mr Hyde Intense Energy Pre Workout Fruit Punch,Octopamine HCl,non-nutrient/non-botanical,1,1,TRUE,TRUE,Fully disclosed
49186,Mr Hyde Intense Energy Pre Workout Fruit Punch,Pikatropin Picamilon,non-nutrient/non-botanical,1,1,TRUE,TRUE,Fully disclosed
49186,Mr Hyde Intense Energy Pre Workout Fruit Punch,Strength Matrix,blend,1,1,TRUE,TRUE,Fully disclosed
49186,Mr Hyde Intense Energy Pre Workout Fruit Punch,Synephrine,non-nutrient/non-botanical,1,1,TRUE,TRUE,Fully disclosed
49186,Mr Hyde Intense Energy Pre Workout Fruit Punch,Tyramine,non-nutrient/non-botanical,1,1,TRUE,TRUE,Fully disclosed
49198,Mr Hyde Intense Energy Pre Workout Sweet Tea,Agmatine Sulfate,non-nutrient/non-botanical,1,1,TRUE,TRUE,Fully disclosed
49198,Mr Hyde Intense Energy Pre Workout Sweet Tea,Caffeine Anhydrous,non-nutrient/non-botanical,1,1,TRUE,TRUE,Fully disclosed
49198,Mr Hyde Intense Energy Pre Workout Sweet Tea,Caffeine Citrate,non-nutrient/non-botanical,1,1,TRUE,TRUE,Fully disclosed
49198,Mr Hyde Intense Energy Pre Workout Sweet Tea,Caffeine Matrix,blend,1,1,TRUE,TRUE,Fully disclosed
49198,Mr Hyde Intense Energy Pre Workout Sweet Tea,CarnoSyn,amino acid,1,1,TRUE,TRUE,Fully disclosed
49198,Mr Hyde Intense Energy Pre Workout Sweet Tea,Creatine Nitrate,non-nutrient/non-botanical,1,1,TRUE,TRUE,Fully disclosed
49198,Mr Hyde Intense Energy Pre Workout Sweet Tea,Hordenine,non-nutrient/non-botanical,1,1,TRUE,TRUE,Fully disclosed
49198,Mr Hyde Intense Energy Pre Workout Sweet Tea,Infinergy,blend,1,1,TRUE,TRUE,Fully disclosed
49198,Mr Hyde Intense Energy Pre Workout Sweet Tea,Intensity Matrix,blend,1,1,TRUE,TRUE,Fully disclosed
49198,Mr Hyde Intense Energy Pre Workout Sweet Tea,L-Citrulline Aspartate,non-nutrient/non-botanical,1,1,TRUE,TRUE,Fully disclosed
49198,Mr Hyde Intense Energy Pre Workout Sweet Tea,L-Leucine,amino acid,1,1,TRUE,TRUE,Fully disclosed
49198,Mr Hyde Intense Energy Pre Workout Sweet Tea,N-Methyl L-Tyramine HCl,non-nutrient/non-botanical,1,1,TRUE,TRUE,Fully disclosed
49198,Mr Hyde Intense Energy Pre Workout Sweet Tea,Pikatropin Picamilon,non-nutrient/non-botanical,1,1,TRUE,TRUE,Fully disclosed
49198,Mr Hyde Intense Energy Pre Workout Sweet Tea,Rauwolfia vomitoria root extract,botanical,1,1,TRUE,TRUE,Fully disclosed
49198,Mr Hyde Intense Energy Pre Workout Sweet Tea,Strength Matrix,blend,1,1,TRUE,TRUE,Fully disclosed
49198,Mr Hyde Intense Energy Pre Workout Sweet Tea,Yohimbe bark extract,botanical,1,1,TRUE,TRUE,Fully disclosed
49458,Mr Hyde Intense Energy Pre Workout Watermelon,Agmatine Sulfate,non-nutrient/non-botanical,1,1,TRUE,TRUE,Fully disclosed
49458,Mr Hyde Intense Energy Pre Workout Watermelon,Caffeine Anhydrous,non-nutrient/non-botanical,1,1,TRUE,TRUE,Fully disclosed
49458,Mr Hyde Intense Energy Pre Workout Watermelon,Caffeine Citrate,non-nutrient/non-botanical,1,1,TRUE,TRUE,Fully disclosed
49458,Mr Hyde Intense Energy Pre Workout Watermelon,Caffeine Matrix,blend,1,1,TRUE,TRUE,Fully disclosed
49458,Mr Hyde Intense Energy Pre Workout Watermelon,CarnoSyn,amino acid,1,1,TRUE,TRUE,Fully disclosed
49458,Mr Hyde Intense Energy Pre Workout Watermelon,Citrus aurantium fruit extract,botanical,1,1,TRUE,TRUE,Fully disclosed
49458,Mr Hyde Intense Energy Pre Workout Watermelon,Creatine Nitrate,non-nutrient/non-botanical,1,1,TRUE,TRUE,Fully disclosed
49458,Mr Hyde Intense Energy Pre Workout Watermelon,Infinergy,blend,1,1,TRUE,TRUE,Fully disclosed
49458,Mr Hyde Intense Energy Pre Workout Watermelon,Intensity Matrix,blend,1,1,TRUE,TRUE,Fully disclosed
49458,Mr Hyde Intense Energy Pre Workout Watermelon,L-Citrulline Aspartate,non-nutrient/non-botanical,1,1,TRUE,TRUE,Fully disclosed
49458,Mr Hyde Intense Energy Pre Workout Watermelon,L-Leucine,amino acid,1,1,TRUE,TRUE,Fully disclosed
49458,Mr Hyde Intense Energy Pre Workout Watermelon,N-Methyl L-Tyramine HCl,non-nutrient/non-botanical,1,1,TRUE,TRUE,Fully disclosed
49458,Mr Hyde Intense Energy Pre Workout Watermelon,Octopamine HCl,non-nutrient/non-botanical,1,1,TRUE,TRUE,Fully disclosed
49458,Mr Hyde Intense Energy Pre Workout Watermelon,Pikatropin,non-nutrient/non-botanical,1,1,TRUE,TRUE,Fully disclosed
49458,Mr Hyde Intense Energy Pre Workout Watermelon,Strength Matrix,blend,1,1,TRUE,TRUE,Fully disclosed
49522,Mr Hyde Intense Energy Pre Workout Green Apple,Agmatine Sulfate,non-nutrient/non-botanical,1,1,TRUE,TRUE,Fully disclosed
49522,Mr Hyde Intense Energy Pre Workout Green Apple,Caffeine Anhydrous,non-nutrient/non-botanical,1,1,TRUE,TRUE,Fully disclosed
49522,Mr Hyde Intense Energy Pre Workout Green Apple,Caffeine Citrate,non-nutrient/non-botanical,1,1,TRUE,TRUE,Fully disclosed
49522,Mr Hyde Intense Energy Pre Workout Green Apple,Caffeine Matrix,blend,1,1,TRUE,TRUE,Fully disclosed
49522,Mr Hyde Intense Energy Pre Workout Green Apple,CarnoSyn,amino acid,1,1,TRUE,TRUE,Fully disclosed
49522,Mr Hyde Intense Energy Pre Workout Green Apple,Creatine Nitrate,non-nutrient/non-botanical,1,1,TRUE,TRUE,Fully disclosed
49522,Mr Hyde Intense Energy Pre Workout Green Apple,Hordenine,non-nutrient/non-botanical,1,1,TRUE,TRUE,Fully disclosed
49522,Mr Hyde Intense Energy Pre Workout Green Apple,Infinergy,blend,1,1,TRUE,TRUE,Fully disclosed
49522,Mr Hyde Intense Energy Pre Workout Green Apple,Intensity Matrix,blend,1,1,TRUE,TRUE,Fully disclosed
49522,Mr Hyde Intense Energy Pre Workout Green Apple,L-Citrulline Aspartate,non-nutrient/non-botanical,1,1,TRUE,TRUE,Fully disclosed
49522,Mr Hyde Intense Energy Pre Workout Green Apple,L-Leucine,amino acid,1,1,TRUE,TRUE,Fully disclosed
49522,Mr Hyde Intense Energy Pre Workout Green Apple,N-Methyl L-Tyramine HCl,non-nutrient/non-botanical,1,1,TRUE,TRUE,Fully disclosed
49522,Mr Hyde Intense Energy Pre Workout Green Apple,Pikatropin,non-nutrient/non-botanical,1,1,TRUE,TRUE,Fully disclosed
49522,Mr Hyde Intense Energy Pre Workout Green Apple,Rauwolfia vomitoria root extract,botanical,1,1,TRUE,TRUE,Fully disclosed
49522,Mr Hyde Intense Energy Pre Workout Green Apple,Strength Matrix,blend,1,1,TRUE,TRUE,Fully disclosed
49522,Mr Hyde Intense Energy Pre Workout Green Apple,Yohimbe bark extract,botanical,1,1,TRUE,TRUE,Fully disclosed
49523,Mr Hyde Intense Energy Pre Workout Blue Razz,Agmatine Sulfate,non-nutrient/non-botanical,1,1,TRUE,TRUE,Fully disclosed
49523,Mr Hyde Intense Energy Pre Workout Blue Razz,Caffeine Anhydrous,non-nutrient/non-botanical,1,1,TRUE,TRUE,Fully disclosed
49523,Mr Hyde Intense Energy Pre Workout Blue Razz,Caffeine Citrate,non-nutrient/non-botanical,1,1,TRUE,TRUE,Fully disclosed
49523,Mr Hyde Intense Energy Pre Workout Blue Razz,Caffeine Matrix,blend,1,1,TRUE,TRUE,Fully disclosed
49523,Mr Hyde Intense Energy Pre Workout Blue Razz,CarnoSyn,amino acid,1,1,TRUE,TRUE,Fully disclosed
49523,Mr Hyde Intense Energy Pre Workout Blue Razz,Citrus aurantium fruit extract,botanical,1,1,TRUE,TRUE,Fully disclosed
49523,Mr Hyde Intense Energy Pre Workout Blue Razz,Creatine Nitrate,non-nutrient/non-botanical,1,1,TRUE,TRUE,Fully disclosed
49523,Mr Hyde Intense Energy Pre Workout Blue Razz,Infinergy,blend,1,1,TRUE,TRUE,Fully disclosed
49523,Mr Hyde Intense Energy Pre Workout Blue Razz,Intensity Matrix,blend,1,1,TRUE,TRUE,Fully disclosed
49523,Mr Hyde Intense Energy Pre Workout Blue Razz,L-Citrulline Aspartate,non-nutrient/non-botanical,1,1,TRUE,TRUE,Fully disclosed
49523,Mr Hyde Intense Energy Pre Workout Blue Razz,L-Leucine,amino acid,1,1,TRUE,TRUE,Fully disclosed
49523,Mr Hyde Intense Energy Pre Workout Blue Razz,N-Methyl L-Tyramine HCl,non-nutrient/non-botanical,1,1,TRUE,TRUE,Fully disclosed
49523,Mr Hyde Intense Energy Pre Workout Blue Razz,Noble Orchid (Dendrobium nobile) stem extract,botanical,1,1,TRUE,TRUE,Fully disclosed
49523,Mr Hyde Intense Energy Pre Workout Blue Razz,Octopamine HCl,non-nutrient/non-botanical,1,1,TRUE,TRUE,Fully disclosed
49523,Mr Hyde Intense Energy Pre Workout Blue Razz,Pikatropin,non-nutrient/non-botanical,1,1,TRUE,TRUE,Fully disclosed
49523,Mr Hyde Intense Energy Pre Workout Blue Razz,Strength Matrix,blend,1,1,TRUE,TRUE,Fully disclosed
49524,Mr Hyde Intense Energy Pre Workout Cotton Candy,Agmatine Sulfate,non-nutrient/non-botanical,1,1,TRUE,TRUE,Fully disclosed
49524,Mr Hyde Intense Energy Pre Workout Cotton Candy,Caffeine Anhydrous,non-nutrient/non-botanical,1,1,TRUE,TRUE,Fully disclosed
49524,Mr Hyde Intense Energy Pre Workout Cotton Candy,Caffeine Citrate,non-nutrient/non-botanical,1,1,TRUE,TRUE,Fully disclosed
49524,Mr Hyde Intense Energy Pre Workout Cotton Candy,Caffeine Matrix,blend,1,1,TRUE,TRUE,Fully disclosed
49524,Mr Hyde Intense Energy Pre Workout Cotton Candy,CarnoSyn,amino acid,1,1,TRUE,TRUE,Fully disclosed
49524,Mr Hyde Intense Energy Pre Workout Cotton Candy,Creatine Nitrate,non-nutrient/non-botanical,1,1,TRUE,TRUE,Fully disclosed
49524,Mr Hyde Intense Energy Pre Workout Cotton Candy,Hordenine,non-nutrient/non-botanical,1,1,TRUE,TRUE,Fully disclosed
49524,Mr Hyde Intense Energy Pre Workout Cotton Candy,Infinergy,blend,1,1,TRUE,TRUE,Fully disclosed
49524,Mr Hyde Intense Energy Pre Workout Cotton Candy,Intensity Matrix,blend,1,1,TRUE,TRUE,Fully disclosed
49524,Mr Hyde Intense Energy Pre Workout Cotton Candy,L-Citrulline Aspartate,non-nutrient/non-botanical,1,1,TRUE,TRUE,Fully disclosed
49524,Mr Hyde Intense Energy Pre Workout Cotton Candy,L-Leucine,amino acid,1,1,TRUE,TRUE,Fully disclosed
49524,Mr Hyde Intense Energy Pre Workout Cotton Candy,N-Methyl L-Tyramine HCl,non-nutrient/non-botanical,1,1,TRUE,TRUE,Fully disclosed
49524,Mr Hyde Intense Energy Pre Workout Cotton Candy,Pikatropin,non-nutrient/non-botanical,1,1,TRUE,TRUE,Fully disclosed
49524,Mr Hyde Intense Energy Pre Workout Cotton Candy,Rauwolfia vomitoria root extract,botanical,1,1,TRUE,TRUE,Fully disclosed
49524,Mr Hyde Intense Energy Pre Workout Cotton Candy,Strength Matrix,blend,1,1,TRUE,TRUE,Fully disclosed
49524,Mr Hyde Intense Energy Pre Workout Cotton Candy,Yohimbe bark extract,botanical,1,1,TRUE,TRUE,Fully disclosed
50153,Mr Hyde Intense Energy Pre Workout Fruit Punch,Agmatine Sulfate,non-nutrient/non-botanical,1,1,TRUE,TRUE,Fully disclosed
50153,Mr Hyde Intense Energy Pre Workout Fruit Punch,Caffeine Anhydrous,non-nutrient/non-botanical,1,1,TRUE,TRUE,Fully disclosed
50153,Mr Hyde Intense Energy Pre Workout Fruit Punch,Caffeine Citrate,non-nutrient/non-botanical,1,1,TRUE,TRUE,Fully disclosed
50153,Mr Hyde Intense Energy Pre Workout Fruit Punch,Caffeine Matrix,blend,1,1,TRUE,TRUE,Fully disclosed
50153,Mr Hyde Intense Energy Pre Workout Fruit Punch,CarnoSyn,amino acid,1,1,TRUE,TRUE,Fully disclosed
50153,Mr Hyde Intense Energy Pre Workout Fruit Punch,Citrus aurantium fruit extract,botanical,1,1,TRUE,TRUE,Fully disclosed
50153,Mr Hyde Intense Energy Pre Workout Fruit Punch,Creatine Nitrate,non-nutrient/non-botanical,1,1,TRUE,TRUE,Fully disclosed
50153,Mr Hyde Intense Energy Pre Workout Fruit Punch,Infinergy,blend,1,1,TRUE,TRUE,Fully disclosed
50153,Mr Hyde Intense Energy Pre Workout Fruit Punch,Intensity Matrix,blend,1,1,TRUE,TRUE,Fully disclosed
50153,Mr Hyde Intense Energy Pre Workout Fruit Punch,L-Citrulline Aspartate,non-nutrient/non-botanical,1,1,TRUE,TRUE,Fully disclosed
50153,Mr Hyde Intense Energy Pre Workout Fruit Punch,L-Leucine,amino acid,1,1,TRUE,TRUE,Fully disclosed
50153,Mr Hyde Intense Energy Pre Workout Fruit Punch,N-Methyl L-Tyramine HCl,non-nutrient/non-botanical,1,1,TRUE,TRUE,Fully disclosed
50153,Mr Hyde Intense Energy Pre Workout Fruit Punch,Noble Orchid (Dendrobium nobile) stem extract,botanical,1,1,TRUE,TRUE,Fully disclosed
50153,Mr Hyde Intense Energy Pre Workout Fruit Punch,Octopamine HCl,non-nutrient/non-botanical,1,1,TRUE,TRUE,Fully disclosed
50153,Mr Hyde Intense Energy Pre Workout Fruit Punch,Pikatropin,non-nutrient/non-botanical,1,1,TRUE,TRUE,Fully disclosed
50153,Mr Hyde Intense Energy Pre Workout Fruit Punch,Strength Matrix,blend,1,1,TRUE,TRUE,Fully disclosed
57278,Clean Pre Workout Raspberry Lemonade Flavor,AAKG L-Arginine,non-nutrient/non-botanical,1,1,FALSE,FALSE,Not disclosed
57278,Clean Pre Workout Raspberry Lemonade Flavor,Alpha Lipoic Acid,non-nutrient/non-botanical,1,1,FALSE,FALSE,Not disclosed
57278,Clean Pre Workout Raspberry Lemonade Flavor,Beta-Alanine,amino acid,1,1,FALSE,FALSE,Not disclosed
57278,Clean Pre Workout Raspberry Lemonade Flavor,Branched-Chain Amino Acids,blend,1,1,TRUE,TRUE,Fully disclosed
57278,Clean Pre Workout Raspberry Lemonade Flavor,CarnoSyn,amino acid,1,1,FALSE,FALSE,Not disclosed
57278,Clean Pre Workout Raspberry Lemonade Flavor,Chinese Ginseng,botanical,1,1,FALSE,FALSE,Not disclosed
57278,Clean Pre Workout Raspberry Lemonade Flavor,Chloride,mineral,1,1,TRUE,TRUE,Fully disclosed
57278,Clean Pre Workout Raspberry Lemonade Flavor,Choline Citrate,vitamin,1,1,FALSE,FALSE,Not disclosed
57278,Clean Pre Workout Raspberry Lemonade Flavor,ConcenTrace Electrolyte Blend,blend,1,1,TRUE,TRUE,Fully disclosed
57278,Clean Pre Workout Raspberry Lemonade Flavor,Creatine HCl,non-nutrient/non-botanical,1,1,FALSE,FALSE,Not disclosed
57278,Clean Pre Workout Raspberry Lemonade Flavor,Creatine Monohydrate,non-nutrient/non-botanical,1,1,FALSE,FALSE,Not disclosed
57278,Clean Pre Workout Raspberry Lemonade Flavor,D-Ribose,sugar,1,1,FALSE,FALSE,Not disclosed
57278,Clean Pre Workout Raspberry Lemonade Flavor,Eleuthero root powder,botanical,1,1,FALSE,FALSE,Not disclosed
57278,Clean Pre Workout Raspberry Lemonade Flavor,Folic Acid,vitamin,1,1,TRUE,TRUE,Fully disclosed
57278,Clean Pre Workout Raspberry Lemonade Flavor,Ginkgo biloba leaf powder,botanical,1,1,FALSE,FALSE,Not disclosed
57278,Clean Pre Workout Raspberry Lemonade Flavor,Green Tea,botanical,1,1,FALSE,FALSE,Not disclosed
57278,Clean Pre Workout Raspberry Lemonade Flavor,Guarana,botanical,1,1,FALSE,FALSE,Not disclosed
57278,Clean Pre Workout Raspberry Lemonade Flavor,L-Citrulline,amino acid,1,1,FALSE,FALSE,Not disclosed
57278,Clean Pre Workout Raspberry Lemonade Flavor,L-Isoleucine,amino acid,1,1,FALSE,FALSE,Not disclosed
57278,Clean Pre Workout Raspberry Lemonade Flavor,L-Leucine,amino acid,1,1,FALSE,FALSE,Not disclosed
57278,Clean Pre Workout Raspberry Lemonade Flavor,L-Valine,amino acid,1,1,FALSE,FALSE,Not disclosed
57278,Clean Pre Workout Raspberry Lemonade Flavor,Magnesium,mineral,1,1,TRUE,TRUE,Fully disclosed
57278,Clean Pre Workout Raspberry Lemonade Flavor,Mental Focus/Energy Blend,blend,1,1,TRUE,TRUE,Fully disclosed
57278,Clean Pre Workout Raspberry Lemonade Flavor,Niacin,vitamin,1,1,TRUE,TRUE,Fully disclosed
57278,Clean Pre Workout Raspberry Lemonade Flavor,Oxygenation/Circulation Blend,blend,1,1,TRUE,TRUE,Fully disclosed
57278,Clean Pre Workout Raspberry Lemonade Flavor,Pantothenic Acid,vitamin,1,1,TRUE,TRUE,Fully disclosed
57278,Clean Pre Workout Raspberry Lemonade Flavor,Potassium,mineral,1,1,TRUE,TRUE,Fully disclosed
57278,Clean Pre Workout Raspberry Lemonade Flavor,"Power, Strength, & Endurance Blend",blend,1,1,TRUE,TRUE,Fully disclosed
57278,Clean Pre Workout Raspberry Lemonade Flavor,Quercetin Dihydrate powder,non-nutrient/non-botanical,1,1,FALSE,FALSE,Not disclosed
57278,Clean Pre Workout Raspberry Lemonade Flavor,Rhodiola root powder,botanical,1,1,FALSE,FALSE,Not disclosed
57278,Clean Pre Workout Raspberry Lemonade Flavor,Riboflavin,vitamin,1,1,TRUE,TRUE,Fully disclosed
57278,Clean Pre Workout Raspberry Lemonade Flavor,Sodium,mineral,1,1,TRUE,TRUE,Fully disclosed
57278,Clean Pre Workout Raspberry Lemonade Flavor,Sugar,sugar,1,1,TRUE,TRUE,Fully disclosed
57278,Clean Pre Workout Raspberry Lemonade Flavor,Tapioca Starch,complex carbohydrate,1,1,FALSE,FALSE,Not disclosed
57278,Clean Pre Workout Raspberry Lemonade Flavor,Thiamine,vitamin,1,1,TRUE,TRUE,Fully disclosed
57278,Clean Pre Workout Raspberry Lemonade Flavor,Vitamin B12,vitamin,1,1,TRUE,TRUE,Fully disclosed
57278,Clean Pre Workout Raspberry Lemonade Flavor,Vitamin B6,vitamin,1,1,TRUE,TRUE,Fully disclosed
57278,Clean Pre Workout Raspberry Lemonade Flavor,Vitamin C,vitamin,1,1,TRUE,TRUE,Fully disclosed
57278,Clean Pre Workout Raspberry Lemonade Flavor,net Caffeine,non-nutrient/non-botanical,1,1,TRUE,TRUE,Fully disclosed
57278,Clean Pre Workout Raspberry Lemonade Flavor,organic Beet root powder,botanical,1,1,FALSE,FALSE,Not disclosed
58291,Clean Pre-Workout Fruit Punch,Arginine Silicate Inositol,non-nutrient/non-botanical,1,1,TRUE,TRUE,Fully disclosed
58291,Clean Pre-Workout Fruit Punch,Caffeine Anhydrous,non-nutrient/non-botanical,1,1,TRUE,TRUE,Fully disclosed
58291,Clean Pre-Workout Fruit Punch,CarnoSyn,amino acid,1,1,TRUE,TRUE,Fully disclosed
58291,Clean Pre-Workout Fruit Punch,Glycerol powder,other,1,1,TRUE,TRUE,Fully disclosed
58291,Clean Pre-Workout Fruit Punch,N-Acetyl-L-Tyrosine,non-nutrient/non-botanical,1,1,TRUE,TRUE,Fully disclosed
58291,Clean Pre-Workout Fruit Punch,Niacin,vitamin,1,1,TRUE,TRUE,Fully disclosed
58291,Clean Pre-Workout Fruit Punch,Toothed Clubmoss extract,botanical,1,1,TRUE,TRUE,Fully disclosed
58836,Pre-Workout N.O. Fury Fruit Punch,Amino-BCAA Blend,blend,2,2,TRUE,TRUE,Fully disclosed
58836,Pre-Workout N.O. Fury Fruit Punch,Caffeine Anhydrous,non-nutrient/non-botanical,2,2,FALSE,FALSE,Not disclosed
58836,Pre-Workout N.O. Fury Fruit Punch,Creatine HCl,non-nutrient/non-botanical,2,2,FALSE,FALSE,Not disclosed
58836,Pre-Workout N.O. Fury Fruit Punch,Creatine Monohydrate,non-nutrient/non-botanical,2,2,FALSE,FALSE,Not disclosed
58836,Pre-Workout N.O. Fury Fruit Punch,Energy,other,2,2,TRUE,TRUE,Fully disclosed
58836,Pre-Workout N.O. Fury Fruit Punch,Glycine,amino acid,2,2,FALSE,FALSE,Not disclosed
58836,Pre-Workout N.O. Fury Fruit Punch,Intense Vaso Complex,other,2,2,TRUE,TRUE,Fully disclosed
58836,Pre-Workout N.O. Fury Fruit Punch,L-Citrulline Malate,non-nutrient/non-botanical,2,2,FALSE,FALSE,Not disclosed
58836,Pre-Workout N.O. Fury Fruit Punch,L-Isoleucine,amino acid,2,2,FALSE,FALSE,Not disclosed
58836,Pre-Workout N.O. Fury Fruit Punch,L-Leucine,amino acid,2,2,FALSE,FALSE,Not disclosed
58836,Pre-Workout N.O. Fury Fruit Punch,L-Valine,amino acid,2,2,FALSE,FALSE,Not disclosed
58836,Pre-Workout N.O. Fury Fruit Punch,Magnesium,mineral,2,2,TRUE,TRUE,Fully disclosed
58836,Pre-Workout N.O. Fury Fruit Punch,Muscle Building Creatine Blend,non-nutrient/non-botanical,2,2,TRUE,TRUE,Fully disclosed
58836,Pre-Workout N.O. Fury Fruit Punch,Nitrogen Enhancing Amino,blend,2,2,TRUE,TRUE,Fully disclosed
58836,Pre-Workout N.O. Fury Fruit Punch,Potassium,mineral,2,2,TRUE,TRUE,Fully disclosed
58836,Pre-Workout N.O. Fury Fruit Punch,Sodium,mineral,2,2,TRUE,TRUE,Fully disclosed
58836,Pre-Workout N.O. Fury Fruit Punch,Sugar,sugar,2,2,TRUE,FALSE,Partially disclosed
58836,Pre-Workout N.O. Fury Fruit Punch,Taurine,non-nutrient/non-botanical,2,2,FALSE,FALSE,Not disclosed
58836,Pre-Workout N.O. Fury Fruit Punch,Vitamin B6,vitamin,2,2,TRUE,TRUE,Fully disclosed
62708,C4 50X Pre-Workout Icy Blue Razz,Arginine AKG,non-nutrient/non-botanical,1,1,TRUE,TRUE,Fully disclosed
62708,C4 50X Pre-Workout Icy Blue Razz,Beta-Alanine,amino acid,1,1,TRUE,TRUE,Fully disclosed
62708,C4 50X Pre-Workout Icy Blue Razz,C4 50x Explosion Blend,blend,1,1,TRUE,TRUE,Fully disclosed
62708,C4 50X Pre-Workout Icy Blue Razz,Caffeine Anhydrous,non-nutrient/non-botanical,1,1,FALSE,FALSE,Not disclosed
62708,C4 50X Pre-Workout Icy Blue Razz,Calcium,mineral,1,1,TRUE,TRUE,Fully disclosed
62708,C4 50X Pre-Workout Icy Blue Razz,Creatine Nitrate,non-nutrient/non-botanical,1,1,TRUE,TRUE,Fully disclosed
62708,C4 50X Pre-Workout Icy Blue Razz,Folic Acid,vitamin,1,1,TRUE,TRUE,Fully disclosed
62708,C4 50X Pre-Workout Icy Blue Razz,N-Acetyl-L-Tyrosine,non-nutrient/non-botanical,1,1,FALSE,FALSE,Not disclosed
62708,C4 50X Pre-Workout Icy Blue Razz,Niacin,vitamin,1,1,TRUE,TRUE,Fully disclosed
62708,C4 50X Pre-Workout Icy Blue Razz,TeaCor,non-nutrient/non-botanical,1,1,FALSE,FALSE,Not disclosed
62708,C4 50X Pre-Workout Icy Blue Razz,Velvet Bean (Mucuna pruriens) seed extract,botanical,1,1,FALSE,FALSE,Not disclosed
62708,C4 50X Pre-Workout Icy Blue Razz,Vitamin B12,vitamin,1,1,TRUE,TRUE,Fully disclosed
62708,C4 50X Pre-Workout Icy Blue Razz,Vitamin B6,vitamin,1,1,TRUE,TRUE,Fully disclosed
62708,C4 50X Pre-Workout Icy Blue Razz,Vitamin C,vitamin,1,1,TRUE,TRUE,Fully disclosed
62708,C4 50X Pre-Workout Icy Blue Razz,XCELICOR Caffeine Pterostilbene Cocrystal,non-nutrient/non-botanical,1,1,FALSE,FALSE,Not disclosed
63149,Pre-Workout Explosioin Fruit Punch,Advanced Pump Complex,blend,1,1,TRUE,TRUE,Fully disclosed
63149,Pre-Workout Explosioin Fruit Punch,Caffeine,non-nutrient/non-botanical,1,1,TRUE,TRUE,Fully disclosed
63149,Pre-Workout Explosioin Fruit Punch,Caffeine Anhydrous,non-nutrient/non-botanical,1,1,FALSE,FALSE,Not disclosed
63149,Pre-Workout Explosioin Fruit Punch,CarnoSyn,amino acid,1,1,TRUE,TRUE,Fully disclosed
63149,Pre-Workout Explosioin Fruit Punch,Choline Bitartrate,vitamin,1,1,FALSE,FALSE,Not disclosed
63149,Pre-Workout Explosioin Fruit Punch,Creatine Monohydrate,non-nutrient/non-botanical,1,1,TRUE,TRUE,Fully disclosed
63149,Pre-Workout Explosioin Fruit Punch,L-Arginine Alpha-Ketoglutarate,non-nutrient/non-botanical,1,1,TRUE,TRUE,Fully disclosed
63149,Pre-Workout Explosioin Fruit Punch,L-Arginine Hydrochloride,amino acid,1,1,FALSE,FALSE,Not disclosed
63149,Pre-Workout Explosioin Fruit Punch,L-Citrulline,amino acid,1,1,FALSE,FALSE,Not disclosed
63149,Pre-Workout Explosioin Fruit Punch,L-Citrulline Malate,non-nutrient/non-botanical,1,1,FALSE,FALSE,Not disclosed
63149,Pre-Workout Explosioin Fruit Punch,L-Tyrosine,amino acid,1,1,FALSE,FALSE,Not disclosed
63149,Pre-Workout Explosioin Fruit Punch,Niacin,vitamin,1,1,TRUE,TRUE,Fully disclosed
63149,Pre-Workout Explosioin Fruit Punch,Niacinamide,vitamin,1,1,FALSE,FALSE,Not disclosed
63149,Pre-Workout Explosioin Fruit Punch,Pre-Workout Explosion Blend (Combination),blend,1,1,TRUE,TRUE,Fully disclosed
63149,Pre-Workout Explosioin Fruit Punch,Sugar,sugar,1,1,FALSE,FALSE,Not disclosed
63149,Pre-Workout Explosioin Fruit Punch,Taurine,non-nutrient/non-botanical,1,1,FALSE,FALSE,Not disclosed
63149,Pre-Workout Explosioin Fruit Punch,Vitamin C,vitamin,2,1,TRUE,FALSE,Partially disclosed
65428,Gold Standard Pre-Workout Strawberry Lime,Acetyl-L-Carnitine HCl,non-nutrient/non-botanical,1,1,TRUE,TRUE,Fully disclosed
65428,Gold Standard Pre-Workout Strawberry Lime,AstraGIN Proprietary Blend,blend,1,1,TRUE,TRUE,Fully disclosed
65428,Gold Standard Pre-Workout Strawberry Lime,Astragalus membranaceus extract,botanical,1,1,FALSE,FALSE,Not disclosed
65428,Gold Standard Pre-Workout Strawberry Lime,Caffeine,non-nutrient/non-botanical,1,1,TRUE,TRUE,Fully disclosed
65428,Gold Standard Pre-Workout Strawberry Lime,CarnoSyn,amino acid,1,1,TRUE,TRUE,Fully disclosed
65428,Gold Standard Pre-Workout Strawberry Lime,Citrus Bioflavonoids Complex,non-nutrient/non-botanical,1,1,TRUE,TRUE,Fully disclosed
65428,Gold Standard Pre-Workout Strawberry Lime,Creatine Monohydrate,non-nutrient/non-botanical,1,1,TRUE,TRUE,Fully disclosed
65428,Gold Standard Pre-Workout Strawberry Lime,Energy & Focus Complex,blend,1,1,FALSE,FALSE,Not disclosed
65428,Gold Standard Pre-Workout Strawberry Lime,Folic Acid,vitamin,1,1,TRUE,TRUE,Fully disclosed
65428,Gold Standard Pre-Workout Strawberry Lime,"L-Citrulline, Micronized",amino acid,1,1,TRUE,TRUE,Fully disclosed
65428,Gold Standard Pre-Workout Strawberry Lime,Muscle Matrix,blend,1,1,FALSE,FALSE,Not disclosed
65428,Gold Standard Pre-Workout Strawberry Lime,N-Acetyl-L-Tyrosine,non-nutrient/non-botanical,1,1,TRUE,TRUE,Fully disclosed
65428,Gold Standard Pre-Workout Strawberry Lime,Niacin,vitamin,1,1,TRUE,TRUE,Fully disclosed
65428,Gold Standard Pre-Workout Strawberry Lime,Panax notoginseng extract,botanical,1,1,FALSE,FALSE,Not disclosed
65428,Gold Standard Pre-Workout Strawberry Lime,Pantothenic Acid,vitamin,1,1,TRUE,TRUE,Fully disclosed
65428,Gold Standard Pre-Workout Strawberry Lime,Performance Composite,blend,1,1,FALSE,FALSE,Not disclosed
65428,Gold Standard Pre-Workout Strawberry Lime,Thiamine,vitamin,1,1,TRUE,TRUE,Fully disclosed
65428,Gold Standard Pre-Workout Strawberry Lime,Vitamin B12,vitamin,1,1,TRUE,TRUE,Fully disclosed
65428,Gold Standard Pre-Workout Strawberry Lime,Vitamin B6,vitamin,1,1,TRUE,TRUE,Fully disclosed
65428,Gold Standard Pre-Workout Strawberry Lime,Vitamin D,vitamin,1,1,TRUE,TRUE,Fully disclosed
65771,Pre Workout Island Fruit flavor,Coconut powder,botanical,1,1,TRUE,TRUE,Fully disclosed
65771,Pre Workout Island Fruit flavor,Devil’s Claw (root) extract,botanical,1,1,TRUE,TRUE,Fully disclosed
65771,Pre Workout Island Fruit flavor,Ginger (root) extract,botanical,1,1,TRUE,TRUE,Fully disclosed
65771,Pre Workout Island Fruit flavor,Green Tea (leaf) extract,botanical,1,1,TRUE,TRUE,Fully disclosed
65771,Pre Workout Island Fruit flavor,Korean Ginseng (root) powder,botanical,1,1,TRUE,TRUE,Fully disclosed
65771,Pre Workout Island Fruit flavor,Potassium,mineral,1,1,TRUE,TRUE,Fully disclosed
65771,Pre Workout Island Fruit flavor,Rhodiola rosea (root) extract,botanical,1,1,TRUE,TRUE,Fully disclosed
65771,Pre Workout Island Fruit flavor,Sodium,mineral,1,1,TRUE,TRUE,Fully disclosed
65771,Pre Workout Island Fruit flavor,Sugar,sugar,1,1,TRUE,TRUE,Fully disclosed
65771,Pre Workout Island Fruit flavor,Turmeric (root) extract,botanical,1,1,TRUE,TRUE,Fully disclosed
65771,Pre Workout Island Fruit flavor,Yerba Mate (leaf) extract,botanical,1,1,TRUE,TRUE,Fully disclosed
66354,Pre-Workout Nuclear X Sour Apple,Agmatine Sulfate,non-nutrient/non-botanical,2,2,TRUE,TRUE,Fully disclosed
66354,Pre-Workout Nuclear X Sour Apple,Arginine,amino acid,2,2,TRUE,TRUE,Fully disclosed
66354,Pre-Workout Nuclear X Sour Apple,Caffeine Anhydrous,non-nutrient/non-botanical,2,2,TRUE,TRUE,Fully disclosed
66354,Pre-Workout Nuclear X Sour Apple,CarnoSyn,amino acid,2,2,TRUE,TRUE,Fully disclosed
66354,Pre-Workout Nuclear X Sour Apple,Creatine HCl,non-nutrient/non-botanical,2,2,TRUE,TRUE,Fully disclosed
66354,Pre-Workout Nuclear X Sour Apple,L-Citrulline DL-Malate,non-nutrient/non-botanical,2,2,TRUE,TRUE,Fully disclosed
66354,Pre-Workout Nuclear X Sour Apple,Niacin,vitamin,2,2,TRUE,TRUE,Fully disclosed
66354,Pre-Workout Nuclear X Sour Apple,Sodium,mineral,2,2,TRUE,TRUE,Fully disclosed
66354,Pre-Workout Nuclear X Sour Apple,Vitamin A,vitamin,2,2,TRUE,TRUE,Fully disclosed
66357,Pre-Workout Nuclear X Citrus Surge,Agmatine Sulfate,non-nutrient/non-botanical,2,2,TRUE,TRUE,Fully disclosed
66357,Pre-Workout Nuclear X Citrus Surge,Arginine,amino acid,2,2,TRUE,TRUE,Fully disclosed
66357,Pre-Workout Nuclear X Citrus Surge,Caffeine Anhydrous,non-nutrient/non-botanical,2,2,TRUE,TRUE,Fully disclosed
66357,Pre-Workout Nuclear X Citrus Surge,CarnoSyn,amino acid,2,2,TRUE,TRUE,Fully disclosed
66357,Pre-Workout Nuclear X Citrus Surge,Creatine HCl,non-nutrient/non-botanical,2,2,TRUE,TRUE,Fully disclosed
66357,Pre-Workout Nuclear X Citrus Surge,L-Citrulline DL-Malate,non-nutrient/non-botanical,2,2,TRUE,TRUE,Fully disclosed
66357,Pre-Workout Nuclear X Citrus Surge,Niacin,vitamin,2,2,TRUE,TRUE,Fully disclosed
66357,Pre-Workout Nuclear X Citrus Surge,Sodium,mineral,2,2,TRUE,TRUE,Fully disclosed
66357,Pre-Workout Nuclear X Citrus Surge,Vitamin A,vitamin,2,2,TRUE,TRUE,Fully disclosed
66359,Pre-Workout Nuclear X Radioactive Punch,Agmatine Sulfate,non-nutrient/non-botanical,2,2,TRUE,TRUE,Fully disclosed
66359,Pre-Workout Nuclear X Radioactive Punch,Arginine,amino acid,2,2,TRUE,TRUE,Fully disclosed
66359,Pre-Workout Nuclear X Radioactive Punch,Caffeine Anhydrous,non-nutrient/non-botanical,2,2,TRUE,TRUE,Fully disclosed
66359,Pre-Workout Nuclear X Radioactive Punch,CarnoSyn,amino acid,2,2,TRUE,TRUE,Fully disclosed
66359,Pre-Workout Nuclear X Radioactive Punch,Creatine HCl,non-nutrient/non-botanical,2,2,TRUE,TRUE,Fully disclosed
66359,Pre-Workout Nuclear X Radioactive Punch,L-Citrulline DL-Malate,non-nutrient/non-botanical,2,2,TRUE,TRUE,Fully disclosed
66359,Pre-Workout Nuclear X Radioactive Punch,Niacin,vitamin,2,2,TRUE,TRUE,Fully disclosed
66359,Pre-Workout Nuclear X Radioactive Punch,Sodium,mineral,2,2,TRUE,TRUE,Fully disclosed
66360,Pre-Workout Nuclear X Watermelon,Agmatine Sulfate,non-nutrient/non-botanical,2,2,TRUE,TRUE,Fully disclosed
66360,Pre-Workout Nuclear X Watermelon,Arginine,amino acid,2,2,TRUE,TRUE,Fully disclosed
66360,Pre-Workout Nuclear X Watermelon,Caffeine Anhydrous,non-nutrient/non-botanical,2,2,TRUE,TRUE,Fully disclosed
66360,Pre-Workout Nuclear X Watermelon,CarnoSyn,amino acid,2,2,TRUE,TRUE,Fully disclosed
66360,Pre-Workout Nuclear X Watermelon,Creatine HCl,non-nutrient/non-botanical,2,2,TRUE,TRUE,Fully disclosed
66360,Pre-Workout Nuclear X Watermelon,L-Citrulline DL-Malate,non-nutrient/non-botanical,2,2,TRUE,TRUE,Fully disclosed
66360,Pre-Workout Nuclear X Watermelon,Niacin,vitamin,2,2,TRUE,TRUE,Fully disclosed
66360,Pre-Workout Nuclear X Watermelon,Sodium,mineral,2,2,TRUE,TRUE,Fully disclosed
66360,Pre-Workout Nuclear X Watermelon,Sugar,sugar,2,2,TRUE,TRUE,Fully disclosed
66904,Mr Hyde Intense Pre Workout Berry Blast,Agmatine Sulfate,non-nutrient/non-botanical,1,1,TRUE,TRUE,Fully disclosed
66904,Mr Hyde Intense Pre Workout Berry Blast,Caffeine Anhydrous,non-nutrient/non-botanical,1,1,TRUE,TRUE,Fully disclosed
66904,Mr Hyde Intense Pre Workout Berry Blast,Caffeine Citrate,non-nutrient/non-botanical,1,1,TRUE,TRUE,Fully disclosed
66904,Mr Hyde Intense Pre Workout Berry Blast,Caffeine Matrix,blend,1,1,TRUE,TRUE,Fully disclosed
66904,Mr Hyde Intense Pre Workout Berry Blast,CarnoSyn,amino acid,1,1,TRUE,TRUE,Fully disclosed
66904,Mr Hyde Intense Pre Workout Berry Blast,Choline Bitartrate,vitamin,1,1,TRUE,TRUE,Fully disclosed
66904,Mr Hyde Intense Pre Workout Berry Blast,Creatine Nitrate,non-nutrient/non-botanical,1,1,TRUE,TRUE,Fully disclosed
66904,Mr Hyde Intense Pre Workout Berry Blast,Gamma-Aminobutyric Acid,non-nutrient/non-botanical,1,1,TRUE,TRUE,Fully disclosed
66904,Mr Hyde Intense Pre Workout Berry Blast,Hordenine,non-nutrient/non-botanical,1,1,TRUE,TRUE,Fully disclosed
66904,Mr Hyde Intense Pre Workout Berry Blast,Infinergy,blend,1,1,TRUE,TRUE,Fully disclosed
66904,Mr Hyde Intense Pre Workout Berry Blast,Intensity Matrix,blend,1,1,TRUE,TRUE,Fully disclosed
66904,Mr Hyde Intense Pre Workout Berry Blast,L-Citrulline Aspartate,non-nutrient/non-botanical,1,1,TRUE,TRUE,Fully disclosed
66904,Mr Hyde Intense Pre Workout Berry Blast,N-Methyl L-Tyramine HCl,non-nutrient/non-botanical,1,1,TRUE,TRUE,Fully disclosed
66904,Mr Hyde Intense Pre Workout Berry Blast,Niacin,vitamin,1,1,TRUE,TRUE,Fully disclosed
66904,Mr Hyde Intense Pre Workout Berry Blast,Rauwolfia vomitoria root extract,botanical,1,1,TRUE,TRUE,Fully disclosed
66904,Mr Hyde Intense Pre Workout Berry Blast,Strength Matrix,blend,1,1,TRUE,TRUE,Fully disclosed
66904,Mr Hyde Intense Pre Workout Berry Blast,Yohimbe bark extract,botanical,1,1,TRUE,TRUE,Fully disclosed
66905,Mr Hyde Intense Energy Pre Workout Blue Razz,Agmatine Sulfate,non-nutrient/non-botanical,1,1,TRUE,TRUE,Fully disclosed
66905,Mr Hyde Intense Energy Pre Workout Blue Razz,Caffeine Anhydrous,non-nutrient/non-botanical,1,1,TRUE,TRUE,Fully disclosed
66905,Mr Hyde Intense Energy Pre Workout Blue Razz,Caffeine Citrate,non-nutrient/non-botanical,1,1,TRUE,TRUE,Fully disclosed
66905,Mr Hyde Intense Energy Pre Workout Blue Razz,Caffeine Matrix,blend,1,1,TRUE,TRUE,Fully disclosed
66905,Mr Hyde Intense Energy Pre Workout Blue Razz,CarnoSyn,amino acid,1,1,TRUE,TRUE,Fully disclosed
66905,Mr Hyde Intense Energy Pre Workout Blue Razz,Choline Bitartrate,vitamin,1,1,TRUE,TRUE,Fully disclosed
66905,Mr Hyde Intense Energy Pre Workout Blue Razz,Creatine Nitrate,non-nutrient/non-botanical,1,1,TRUE,TRUE,Fully disclosed
66905,Mr Hyde Intense Energy Pre Workout Blue Razz,Gamma-Aminobutyric Acid,non-nutrient/non-botanical,1,1,TRUE,TRUE,Fully disclosed
66905,Mr Hyde Intense Energy Pre Workout Blue Razz,Hordenine,non-nutrient/non-botanical,1,1,TRUE,TRUE,Fully disclosed
66905,Mr Hyde Intense Energy Pre Workout Blue Razz,Infinergy,blend,1,1,TRUE,TRUE,Fully disclosed
66905,Mr Hyde Intense Energy Pre Workout Blue Razz,Intensity Matrix,blend,1,1,TRUE,TRUE,Fully disclosed
66905,Mr Hyde Intense Energy Pre Workout Blue Razz,L-Citrulline Aspartate,non-nutrient/non-botanical,1,1,TRUE,TRUE,Fully disclosed
66905,Mr Hyde Intense Energy Pre Workout Blue Razz,N-Methyl L-Tyramine HCl,non-nutrient/non-botanical,1,1,TRUE,TRUE,Fully disclosed
66905,Mr Hyde Intense Energy Pre Workout Blue Razz,Niacin,vitamin,1,1,TRUE,TRUE,Fully disclosed
66905,Mr Hyde Intense Energy Pre Workout Blue Razz,Rauwolfia vomitoria root extract,botanical,1,1,TRUE,TRUE,Fully disclosed
66905,Mr Hyde Intense Energy Pre Workout Blue Razz,Strength Matrix,blend,1,1,TRUE,TRUE,Fully disclosed
66905,Mr Hyde Intense Energy Pre Workout Blue Razz,Yohimbe bark extract,botanical,1,1,TRUE,TRUE,Fully disclosed
66906,Mr Hyde Intense Energy Pre Workout Cherry Bomb,Agmatine Sulfate,non-nutrient/non-botanical,1,1,TRUE,TRUE,Fully disclosed
66906,Mr Hyde Intense Energy Pre Workout Cherry Bomb,Caffeine Anhydrous,non-nutrient/non-botanical,1,1,TRUE,TRUE,Fully disclosed
66906,Mr Hyde Intense Energy Pre Workout Cherry Bomb,Caffeine Citrate,non-nutrient/non-botanical,1,1,TRUE,TRUE,Fully disclosed
66906,Mr Hyde Intense Energy Pre Workout Cherry Bomb,Caffeine Matrix,blend,1,1,TRUE,TRUE,Fully disclosed
66906,Mr Hyde Intense Energy Pre Workout Cherry Bomb,CarnoSyn,amino acid,1,1,TRUE,TRUE,Fully disclosed
66906,Mr Hyde Intense Energy Pre Workout Cherry Bomb,Choline Bitartrate,vitamin,1,1,TRUE,TRUE,Fully disclosed
66906,Mr Hyde Intense Energy Pre Workout Cherry Bomb,Creatine Nitrate,non-nutrient/non-botanical,1,1,TRUE,TRUE,Fully disclosed
66906,Mr Hyde Intense Energy Pre Workout Cherry Bomb,Gamma-Aminobutyric Acid,non-nutrient/non-botanical,1,1,TRUE,TRUE,Fully disclosed
66906,Mr Hyde Intense Energy Pre Workout Cherry Bomb,Hordenine,non-nutrient/non-botanical,1,1,TRUE,TRUE,Fully disclosed
66906,Mr Hyde Intense Energy Pre Workout Cherry Bomb,Infinergy,blend,1,1,TRUE,TRUE,Fully disclosed
66906,Mr Hyde Intense Energy Pre Workout Cherry Bomb,Intensity Matrix,blend,1,1,TRUE,TRUE,Fully disclosed
66906,Mr Hyde Intense Energy Pre Workout Cherry Bomb,L-Citrulline Aspartate,non-nutrient/non-botanical,1,1,TRUE,TRUE,Fully disclosed
66906,Mr Hyde Intense Energy Pre Workout Cherry Bomb,N-Methyl L-Tyramine HCl,non-nutrient/non-botanical,1,1,TRUE,TRUE,Fully disclosed
66906,Mr Hyde Intense Energy Pre Workout Cherry Bomb,Niacin,vitamin,1,1,TRUE,TRUE,Fully disclosed
66906,Mr Hyde Intense Energy Pre Workout Cherry Bomb,Rauwolfia vomitoria root extract,botanical,1,1,TRUE,TRUE,Fully disclosed
66906,Mr Hyde Intense Energy Pre Workout Cherry Bomb,Strength Matrix,blend,1,1,TRUE,TRUE,Fully disclosed
66906,Mr Hyde Intense Energy Pre Workout Cherry Bomb,Yohimbe bark extract,botanical,1,1,TRUE,TRUE,Fully disclosed
66908,Mr Hyde Intense Energy Pre Workout Cotton Candy,Agmatine Sulfate,non-nutrient/non-botanical,1,1,TRUE,TRUE,Fully disclosed
66908,Mr Hyde Intense Energy Pre Workout Cotton Candy,Caffeine Anhydrous,non-nutrient/non-botanical,1,1,TRUE,TRUE,Fully disclosed
66908,Mr Hyde Intense Energy Pre Workout Cotton Candy,Caffeine Citrate,non-nutrient/non-botanical,1,1,TRUE,TRUE,Fully disclosed
66908,Mr Hyde Intense Energy Pre Workout Cotton Candy,Caffeine Matrix,blend,1,1,TRUE,TRUE,Fully disclosed
66908,Mr Hyde Intense Energy Pre Workout Cotton Candy,CarnoSyn,amino acid,1,1,TRUE,TRUE,Fully disclosed
66908,Mr Hyde Intense Energy Pre Workout Cotton Candy,Choline Bitartrate,vitamin,1,1,TRUE,TRUE,Fully disclosed
66908,Mr Hyde Intense Energy Pre Workout Cotton Candy,Creatine Nitrate,non-nutrient/non-botanical,1,1,TRUE,TRUE,Fully disclosed
66908,Mr Hyde Intense Energy Pre Workout Cotton Candy,Gamma-Aminobutyric Acid,non-nutrient/non-botanical,1,1,TRUE,TRUE,Fully disclosed
66908,Mr Hyde Intense Energy Pre Workout Cotton Candy,Hordenine,non-nutrient/non-botanical,1,1,TRUE,TRUE,Fully disclosed
66908,Mr Hyde Intense Energy Pre Workout Cotton Candy,Infinergy,blend,1,1,TRUE,TRUE,Fully disclosed
66908,Mr Hyde Intense Energy Pre Workout Cotton Candy,Intensity Matrix,blend,1,1,TRUE,TRUE,Fully disclosed
66908,Mr Hyde Intense Energy Pre Workout Cotton Candy,L-Citrulline Aspartate,non-nutrient/non-botanical,1,1,TRUE,TRUE,Fully disclosed
66908,Mr Hyde Intense Energy Pre Workout Cotton Candy,N-Methyl L-Tyramine HCl,non-nutrient/non-botanical,1,1,TRUE,TRUE,Fully disclosed
66908,Mr Hyde Intense Energy Pre Workout Cotton Candy,Niacin,vitamin,1,1,TRUE,TRUE,Fully disclosed
66908,Mr Hyde Intense Energy Pre Workout Cotton Candy,Rauwolfia vomitoria root extract,botanical,1,1,TRUE,TRUE,Fully disclosed
66908,Mr Hyde Intense Energy Pre Workout Cotton Candy,Strength Matrix,blend,1,1,TRUE,TRUE,Fully disclosed
66908,Mr Hyde Intense Energy Pre Workout Cotton Candy,Yohimbe bark extract,botanical,1,1,TRUE,TRUE,Fully disclosed
66911,Mr Hyde Intense Energy Pre Workout Fruit Punch,Agmatine Sulfate,non-nutrient/non-botanical,1,1,TRUE,TRUE,Fully disclosed
66911,Mr Hyde Intense Energy Pre Workout Fruit Punch,Caffeine Anhydrous,non-nutrient/non-botanical,1,1,TRUE,TRUE,Fully disclosed
66911,Mr Hyde Intense Energy Pre Workout Fruit Punch,Caffeine Citrate,non-nutrient/non-botanical,1,1,TRUE,TRUE,Fully disclosed
66911,Mr Hyde Intense Energy Pre Workout Fruit Punch,Caffeine Matrix,blend,1,1,TRUE,TRUE,Fully disclosed
66911,Mr Hyde Intense Energy Pre Workout Fruit Punch,CarnoSyn,amino acid,1,1,TRUE,TRUE,Fully disclosed
66911,Mr Hyde Intense Energy Pre Workout Fruit Punch,Choline Bitartrate,vitamin,1,1,TRUE,TRUE,Fully disclosed
66911,Mr Hyde Intense Energy Pre Workout Fruit Punch,Creatine Nitrate,non-nutrient/non-botanical,1,1,TRUE,TRUE,Fully disclosed
66911,Mr Hyde Intense Energy Pre Workout Fruit Punch,Gamma-Aminobutyric Acid,non-nutrient/non-botanical,1,1,TRUE,TRUE,Fully disclosed
66911,Mr Hyde Intense Energy Pre Workout Fruit Punch,Hordenine,non-nutrient/non-botanical,1,1,TRUE,TRUE,Fully disclosed
66911,Mr Hyde Intense Energy Pre Workout Fruit Punch,Infinergy,blend,1,1,TRUE,TRUE,Fully disclosed
66911,Mr Hyde Intense Energy Pre Workout Fruit Punch,Intensity Matrix,blend,1,1,TRUE,TRUE,Fully disclosed
66911,Mr Hyde Intense Energy Pre Workout Fruit Punch,L-Citrulline Aspartate,non-nutrient/non-botanical,1,1,TRUE,TRUE,Fully disclosed
66911,Mr Hyde Intense Energy Pre Workout Fruit Punch,N-Methyl L-Tyramine HCl,non-nutrient/non-botanical,1,1,TRUE,TRUE,Fully disclosed
66911,Mr Hyde Intense Energy Pre Workout Fruit Punch,Niacin,vitamin,1,1,TRUE,TRUE,Fully disclosed
66911,Mr Hyde Intense Energy Pre Workout Fruit Punch,Rauwolfia vomitoria root extract,botanical,1,1,TRUE,TRUE,Fully disclosed
66911,Mr Hyde Intense Energy Pre Workout Fruit Punch,Strength Matrix,blend,1,1,TRUE,TRUE,Fully disclosed
66911,Mr Hyde Intense Energy Pre Workout Fruit Punch,Yohimbe bark extract,botanical,1,1,TRUE,TRUE,Fully disclosed
66947,Mr Hyde Intense Energy Pre Workout Green Apple,Agmatine Sulfate,non-nutrient/non-botanical,1,1,TRUE,TRUE,Fully disclosed
66947,Mr Hyde Intense Energy Pre Workout Green Apple,Caffeine Anhydrous,non-nutrient/non-botanical,1,1,TRUE,TRUE,Fully disclosed
66947,Mr Hyde Intense Energy Pre Workout Green Apple,Caffeine Citrate,non-nutrient/non-botanical,1,1,TRUE,TRUE,Fully disclosed
66947,Mr Hyde Intense Energy Pre Workout Green Apple,Caffeine Matrix,blend,1,1,TRUE,TRUE,Fully disclosed
66947,Mr Hyde Intense Energy Pre Workout Green Apple,CarnoSyn,amino acid,1,1,TRUE,TRUE,Fully disclosed
66947,Mr Hyde Intense Energy Pre Workout Green Apple,Choline Bitartrate,vitamin,1,1,TRUE,TRUE,Fully disclosed
66947,Mr Hyde Intense Energy Pre Workout Green Apple,Creatine Nitrate,non-nutrient/non-botanical,1,1,TRUE,TRUE,Fully disclosed
66947,Mr Hyde Intense Energy Pre Workout Green Apple,Gamma-Aminobutyric Acid,non-nutrient/non-botanical,1,1,TRUE,TRUE,Fully disclosed
66947,Mr Hyde Intense Energy Pre Workout Green Apple,Hordenine,non-nutrient/non-botanical,1,1,TRUE,TRUE,Fully disclosed
66947,Mr Hyde Intense Energy Pre Workout Green Apple,Infinergy,blend,1,1,TRUE,TRUE,Fully disclosed
66947,Mr Hyde Intense Energy Pre Workout Green Apple,Intensity Matrix,blend,1,1,TRUE,TRUE,Fully disclosed
66947,Mr Hyde Intense Energy Pre Workout Green Apple,L-Citrulline Aspartate,non-nutrient/non-botanical,1,1,TRUE,TRUE,Fully disclosed
66947,Mr Hyde Intense Energy Pre Workout Green Apple,N-Methyl L-Tyramine HCl,non-nutrient/non-botanical,1,1,TRUE,TRUE,Fully disclosed
66947,Mr Hyde Intense Energy Pre Workout Green Apple,Niacin,vitamin,1,1,TRUE,TRUE,Fully disclosed
66947,Mr Hyde Intense Energy Pre Workout Green Apple,Rauwolfia vomitoria root extract,botanical,1,1,TRUE,TRUE,Fully disclosed
66947,Mr Hyde Intense Energy Pre Workout Green Apple,Strength Matrix,blend,1,1,TRUE,TRUE,Fully disclosed
66947,Mr Hyde Intense Energy Pre Workout Green Apple,Yohimbe bark extract,botanical,1,1,TRUE,TRUE,Fully disclosed
66949,Mr Hyde Intense Energy Pre Workout Mango Passion Fruit,Agmatine Sulfate,non-nutrient/non-botanical,1,1,TRUE,TRUE,Fully disclosed
66949,Mr Hyde Intense Energy Pre Workout Mango Passion Fruit,Caffeine Anhydrous,non-nutrient/non-botanical,1,1,TRUE,TRUE,Fully disclosed
66949,Mr Hyde Intense Energy Pre Workout Mango Passion Fruit,Caffeine Citrate,non-nutrient/non-botanical,1,1,TRUE,TRUE,Fully disclosed
66949,Mr Hyde Intense Energy Pre Workout Mango Passion Fruit,Caffeine Matrix,blend,1,1,TRUE,TRUE,Fully disclosed
66949,Mr Hyde Intense Energy Pre Workout Mango Passion Fruit,CarnoSyn,amino acid,1,1,TRUE,TRUE,Fully disclosed
66949,Mr Hyde Intense Energy Pre Workout Mango Passion Fruit,Choline Bitartrate,vitamin,1,1,TRUE,TRUE,Fully disclosed
66949,Mr Hyde Intense Energy Pre Workout Mango Passion Fruit,Creatine Nitrate,non-nutrient/non-botanical,1,1,TRUE,TRUE,Fully disclosed
66949,Mr Hyde Intense Energy Pre Workout Mango Passion Fruit,Gamma-Aminobutyric Acid,non-nutrient/non-botanical,1,1,TRUE,TRUE,Fully disclosed
66949,Mr Hyde Intense Energy Pre Workout Mango Passion Fruit,Hordenine,non-nutrient/non-botanical,1,1,TRUE,TRUE,Fully disclosed
66949,Mr Hyde Intense Energy Pre Workout Mango Passion Fruit,Infinergy,blend,1,1,TRUE,TRUE,Fully disclosed
66949,Mr Hyde Intense Energy Pre Workout Mango Passion Fruit,Intensity Matrix,blend,1,1,TRUE,TRUE,Fully disclosed
66949,Mr Hyde Intense Energy Pre Workout Mango Passion Fruit,L-Citrulline Aspartate,non-nutrient/non-botanical,1,1,TRUE,TRUE,Fully disclosed
66949,Mr Hyde Intense Energy Pre Workout Mango Passion Fruit,N-Methyl L-Tyramine HCl,non-nutrient/non-botanical,1,1,TRUE,TRUE,Fully disclosed
66949,Mr Hyde Intense Energy Pre Workout Mango Passion Fruit,Niacin,vitamin,1,1,TRUE,TRUE,Fully disclosed
66949,Mr Hyde Intense Energy Pre Workout Mango Passion Fruit,Rauwolfia vomitoria root extract,botanical,1,1,TRUE,TRUE,Fully disclosed
66949,Mr Hyde Intense Energy Pre Workout Mango Passion Fruit,Strength Matrix,blend,1,1,TRUE,TRUE,Fully disclosed
66949,Mr Hyde Intense Energy Pre Workout Mango Passion Fruit,Yohimbe bark extract,botanical,1,1,TRUE,TRUE,Fully disclosed
66952,Mr Hyde Intense Energy Pre Workout Orange Burst,Agmatine Sulfate,non-nutrient/non-botanical,1,1,TRUE,TRUE,Fully disclosed
66952,Mr Hyde Intense Energy Pre Workout Orange Burst,Caffeine Anhydrous,non-nutrient/non-botanical,1,1,TRUE,TRUE,Fully disclosed
66952,Mr Hyde Intense Energy Pre Workout Orange Burst,Caffeine Citrate,non-nutrient/non-botanical,1,1,TRUE,TRUE,Fully disclosed
66952,Mr Hyde Intense Energy Pre Workout Orange Burst,Caffeine Matrix,blend,1,1,TRUE,TRUE,Fully disclosed
66952,Mr Hyde Intense Energy Pre Workout Orange Burst,CarnoSyn,amino acid,1,1,TRUE,TRUE,Fully disclosed
66952,Mr Hyde Intense Energy Pre Workout Orange Burst,Choline Bitartrate,vitamin,1,1,TRUE,TRUE,Fully disclosed
66952,Mr Hyde Intense Energy Pre Workout Orange Burst,Creatine Nitrate,non-nutrient/non-botanical,1,1,TRUE,TRUE,Fully disclosed
66952,Mr Hyde Intense Energy Pre Workout Orange Burst,Gamma-Aminobutyric Acid,non-nutrient/non-botanical,1,1,TRUE,TRUE,Fully disclosed
66952,Mr Hyde Intense Energy Pre Workout Orange Burst,Hordenine,non-nutrient/non-botanical,1,1,TRUE,TRUE,Fully disclosed
66952,Mr Hyde Intense Energy Pre Workout Orange Burst,Infinergy,blend,1,1,TRUE,TRUE,Fully disclosed
66952,Mr Hyde Intense Energy Pre Workout Orange Burst,Intensity Matrix,blend,1,1,TRUE,TRUE,Fully disclosed
66952,Mr Hyde Intense Energy Pre Workout Orange Burst,L-Citrulline Aspartate,non-nutrient/non-botanical,1,1,TRUE,TRUE,Fully disclosed
66952,Mr Hyde Intense Energy Pre Workout Orange Burst,N-Methyl L-Tyramine HCl,non-nutrient/non-botanical,1,1,TRUE,TRUE,Fully disclosed
66952,Mr Hyde Intense Energy Pre Workout Orange Burst,Niacin,vitamin,1,1,TRUE,TRUE,Fully disclosed
66952,Mr Hyde Intense Energy Pre Workout Orange Burst,Rauwolfia vomitoria root extract,botanical,1,1,TRUE,TRUE,Fully disclosed
66952,Mr Hyde Intense Energy Pre Workout Orange Burst,Strength Matrix,blend,1,1,TRUE,TRUE,Fully disclosed
66952,Mr Hyde Intense Energy Pre Workout Orange Burst,Yohimbe bark extract,botanical,1,1,TRUE,TRUE,Fully disclosed
66954,Mr Hyde Intense Energy Pre Workout Watermelon,Agmatine Sulfate,non-nutrient/non-botanical,1,1,TRUE,TRUE,Fully disclosed
66954,Mr Hyde Intense Energy Pre Workout Watermelon,Caffeine Anhydrous,non-nutrient/non-botanical,1,1,TRUE,TRUE,Fully disclosed
66954,Mr Hyde Intense Energy Pre Workout Watermelon,Caffeine Citrate,non-nutrient/non-botanical,1,1,TRUE,TRUE,Fully disclosed
66954,Mr Hyde Intense Energy Pre Workout Watermelon,Caffeine Matrix,blend,1,1,TRUE,TRUE,Fully disclosed
66954,Mr Hyde Intense Energy Pre Workout Watermelon,CarnoSyn,amino acid,1,1,TRUE,TRUE,Fully disclosed
66954,Mr Hyde Intense Energy Pre Workout Watermelon,Choline Bitartrate,vitamin,1,1,TRUE,TRUE,Fully disclosed
66954,Mr Hyde Intense Energy Pre Workout Watermelon,Creatine Nitrate,non-nutrient/non-botanical,1,1,TRUE,TRUE,Fully disclosed
66954,Mr Hyde Intense Energy Pre Workout Watermelon,Gamma-Aminobutyric Acid,non-nutrient/non-botanical,1,1,TRUE,TRUE,Fully disclosed
66954,Mr Hyde Intense Energy Pre Workout Watermelon,Hordenine,non-nutrient/non-botanical,1,1,TRUE,TRUE,Fully disclosed
66954,Mr Hyde Intense Energy Pre Workout Watermelon,Infinergy,blend,1,1,TRUE,TRUE,Fully disclosed
66954,Mr Hyde Intense Energy Pre Workout Watermelon,Intensity Matrix,blend,1,1,TRUE,TRUE,Fully disclosed
66954,Mr Hyde Intense Energy Pre Workout Watermelon,L-Citrulline Aspartate,non-nutrient/non-botanical,1,1,TRUE,TRUE,Fully disclosed
66954,Mr Hyde Intense Energy Pre Workout Watermelon,N-Methyl L-Tyramine HCl,non-nutrient/non-botanical,1,1,TRUE,TRUE,Fully disclosed
66954,Mr Hyde Intense Energy Pre Workout Watermelon,Niacin,vitamin,1,1,TRUE,TRUE,Fully disclosed
66954,Mr Hyde Intense Energy Pre Workout Watermelon,Rauwolfia vomitoria root extract,botanical,1,1,TRUE,TRUE,Fully disclosed
66954,Mr Hyde Intense Energy Pre Workout Watermelon,Strength Matrix,blend,1,1,TRUE,TRUE,Fully disclosed
66954,Mr Hyde Intense Energy Pre Workout Watermelon,Yohimbe bark extract,botanical,1,1,TRUE,TRUE,Fully disclosed
67132,Pre-Workout Ignition Elite Series Fruit Punch,Arginine Blend,blend,1,1,FALSE,FALSE,Not disclosed
67132,Pre-Workout Ignition Elite Series Fruit Punch,Caffeine Anhydrous,non-nutrient/non-botanical,1,1,FALSE,FALSE,Not disclosed
67132,Pre-Workout Ignition Elite Series Fruit Punch,Creatine Monohydrate,non-nutrient/non-botanical,1,1,FALSE,FALSE,Not disclosed
67132,Pre-Workout Ignition Elite Series Fruit Punch,L-Carnosine,non-nutrient/non-botanical,1,1,FALSE,FALSE,Not disclosed
67132,Pre-Workout Ignition Elite Series Fruit Punch,Pre-Workout Ignition Matrix,blend,1,1,TRUE,TRUE,Fully disclosed
67132,Pre-Workout Ignition Elite Series Fruit Punch,Schisandra Fruit Extract,botanical,1,1,FALSE,FALSE,Not disclosed
67132,Pre-Workout Ignition Elite Series Fruit Punch,ShockATP Muscle Pump Matrix:,blend,1,1,FALSE,FALSE,Not disclosed
69559,Non-GMO Pre-Workout West Coast Citrus,Beta-Alanine,amino acid,1,1,TRUE,TRUE,Fully disclosed
69559,Non-GMO Pre-Workout West Coast Citrus,Betaine Anhydrous,non-nutrient/non-botanical,1,1,TRUE,TRUE,Fully disclosed
69559,Non-GMO Pre-Workout West Coast Citrus,Creatine Monohydrate,non-nutrient/non-botanical,1,1,TRUE,TRUE,Fully disclosed
69559,Non-GMO Pre-Workout West Coast Citrus,L-Citrulline Malate,non-nutrient/non-botanical,1,1,TRUE,TRUE,Fully disclosed
69559,Non-GMO Pre-Workout West Coast Citrus,natural Caffeine,non-nutrient/non-botanical,1,1,TRUE,TRUE,Fully disclosed
69666,Mr Hyde Intense Energy Pre Workout Fruit Punch,Agmatine Sulfate,non-nutrient/non-botanical,1,1,TRUE,TRUE,Fully disclosed
69666,Mr Hyde Intense Energy Pre Workout Fruit Punch,Caffeine Anhydrous,non-nutrient/non-botanical,1,1,TRUE,TRUE,Fully disclosed
69666,Mr Hyde Intense Energy Pre Workout Fruit Punch,Caffeine Citrate,non-nutrient/non-botanical,1,1,TRUE,TRUE,Fully disclosed
69666,Mr Hyde Intense Energy Pre Workout Fruit Punch,Caffeine Matrix,blend,1,1,TRUE,TRUE,Fully disclosed
69666,Mr Hyde Intense Energy Pre Workout Fruit Punch,CarnoSyn,amino acid,1,1,TRUE,TRUE,Fully disclosed
69666,Mr Hyde Intense Energy Pre Workout Fruit Punch,Creatine Nitrate,non-nutrient/non-botanical,1,1,TRUE,TRUE,Fully disclosed
69666,Mr Hyde Intense Energy Pre Workout Fruit Punch,Hordenine,non-nutrient/non-botanical,1,1,TRUE,TRUE,Fully disclosed
69666,Mr Hyde Intense Energy Pre Workout Fruit Punch,Infinergy,blend,1,1,TRUE,TRUE,Fully disclosed
69666,Mr Hyde Intense Energy Pre Workout Fruit Punch,Intensity Matrix,blend,1,1,TRUE,TRUE,Fully disclosed
69666,Mr Hyde Intense Energy Pre Workout Fruit Punch,L-Citrulline Aspartate,non-nutrient/non-botanical,1,1,TRUE,TRUE,Fully disclosed
69666,Mr Hyde Intense Energy Pre Workout Fruit Punch,L-Leucine,amino acid,1,1,TRUE,TRUE,Fully disclosed
69666,Mr Hyde Intense Energy Pre Workout Fruit Punch,N-Methyl L-Tyramine HCl,non-nutrient/non-botanical,1,1,TRUE,TRUE,Fully disclosed
69666,Mr Hyde Intense Energy Pre Workout Fruit Punch,Pikatropin Picamilon,non-nutrient/non-botanical,1,1,TRUE,TRUE,Fully disclosed
69666,Mr Hyde Intense Energy Pre Workout Fruit Punch,Rauwolfia vomitoria root extract,botanical,1,1,TRUE,TRUE,Fully disclosed
69666,Mr Hyde Intense Energy Pre Workout Fruit Punch,Strength Matrix,blend,1,1,TRUE,TRUE,Fully disclosed
69666,Mr Hyde Intense Energy Pre Workout Fruit Punch,Yohimbe bark extract,botanical,1,1,TRUE,TRUE,Fully disclosed
72818,Pre Workout Blue Raspberry,Beta-Alanine,amino acid,1,1,TRUE,TRUE,Fully disclosed
72818,Pre Workout Blue Raspberry,Caffeine Anhydrous,non-nutrient/non-botanical,1,1,TRUE,TRUE,Fully disclosed
72818,Pre Workout Blue Raspberry,Energy Matrix,blend,1,1,TRUE,TRUE,Fully disclosed
72818,Pre Workout Blue Raspberry,L-Arginine Alpha Ketoglutarate,non-nutrient/non-botanical,1,1,TRUE,TRUE,Fully disclosed
72818,Pre Workout Blue Raspberry,L-Citrulline DL-Malate,non-nutrient/non-botanical,1,1,TRUE,TRUE,Fully disclosed
72818,Pre Workout Blue Raspberry,Magnesium,mineral,1,1,TRUE,TRUE,Fully disclosed
72818,Pre Workout Blue Raspberry,Mucuna pruriens extract,botanical,1,1,TRUE,TRUE,Fully disclosed
72818,Pre Workout Blue Raspberry,N-Acetyl L-Tyrosine,non-nutrient/non-botanical,1,1,TRUE,TRUE,Fully disclosed
72818,Pre Workout Blue Raspberry,Niacin,vitamin,1,1,TRUE,TRUE,Fully disclosed
72818,Pre Workout Blue Raspberry,Potassium,mineral,1,1,TRUE,TRUE,Fully disclosed
72818,Pre Workout Blue Raspberry,Vitamin B12,vitamin,1,1,TRUE,TRUE,Fully disclosed
72818,Pre Workout Blue Raspberry,Vitamin B6,vitamin,1,1,TRUE,TRUE,Fully disclosed
77227,Pre-Workout Complex Blue Raspberry,Agmatine Sulfate,non-nutrient/non-botanical,1,1,TRUE,TRUE,Fully disclosed
77227,Pre-Workout Complex Blue Raspberry,Arginine AKG,non-nutrient/non-botanical,1,1,TRUE,TRUE,Fully disclosed
77227,Pre-Workout Complex Blue Raspberry,Betaine Anhydrous,non-nutrient/non-botanical,1,1,TRUE,TRUE,Fully disclosed
77227,Pre-Workout Complex Blue Raspberry,BioPerine,botanical,1,1,TRUE,TRUE,Fully disclosed
77227,Pre-Workout Complex Blue Raspberry,Caffeine Anhydrous,non-nutrient/non-botanical,1,1,TRUE,TRUE,Fully disclosed
77227,Pre-Workout Complex Blue Raspberry,Citrulline Malate,non-nutrient/non-botanical,1,1,TRUE,TRUE,Fully disclosed
77227,Pre-Workout Complex Blue Raspberry,Folate,vitamin,1,1,TRUE,TRUE,Fully disclosed
77227,Pre-Workout Complex Blue Raspberry,L-Norvaline,amino acid,1,1,TRUE,TRUE,Fully disclosed
77227,Pre-Workout Complex Blue Raspberry,L-Ornithine Hydrochloride,amino acid,1,1,TRUE,TRUE,Fully disclosed
77227,Pre-Workout Complex Blue Raspberry,L-Theanine,amino acid,1,1,TRUE,TRUE,Fully disclosed
77227,Pre-Workout Complex Blue Raspberry,N-Acetyl Tyrosine,non-nutrient/non-botanical,1,1,TRUE,TRUE,Fully disclosed
77227,Pre-Workout Complex Blue Raspberry,Niacin,vitamin,1,1,TRUE,TRUE,Fully disclosed
77227,Pre-Workout Complex Blue Raspberry,Riboflavin,vitamin,1,1,TRUE,TRUE,Fully disclosed
77227,Pre-Workout Complex Blue Raspberry,Taurine,non-nutrient/non-botanical,1,1,TRUE,TRUE,Fully disclosed
77227,Pre-Workout Complex Blue Raspberry,Thiamine,vitamin,1,1,TRUE,TRUE,Fully disclosed
77227,Pre-Workout Complex Blue Raspberry,Vitamin B12,vitamin,1,1,TRUE,TRUE,Fully disclosed
77227,Pre-Workout Complex Blue Raspberry,Vitamin B6,vitamin,1,1,TRUE,TRUE,Fully disclosed
77261,Pre-Workout For Women Strawberry,Agmatine Sulfate,non-nutrient/non-botanical,1,1,TRUE,TRUE,Fully disclosed
77261,Pre-Workout For Women Strawberry,Arginine AKG,non-nutrient/non-botanical,1,1,TRUE,TRUE,Fully disclosed
77261,Pre-Workout For Women Strawberry,Betaine Anhydrous,non-nutrient/non-botanical,1,1,TRUE,TRUE,Fully disclosed
77261,Pre-Workout For Women Strawberry,BioPerine,botanical,1,1,TRUE,TRUE,Fully disclosed
77261,Pre-Workout For Women Strawberry,Caffeine Anhydrous,non-nutrient/non-botanical,1,1,TRUE,TRUE,Fully disclosed
77261,Pre-Workout For Women Strawberry,Citrulline Malate,non-nutrient/non-botanical,1,1,TRUE,TRUE,Fully disclosed
77261,Pre-Workout For Women Strawberry,Folate,vitamin,1,1,TRUE,TRUE,Fully disclosed
77261,Pre-Workout For Women Strawberry,L-Norvaline,amino acid,1,1,TRUE,TRUE,Fully disclosed
77261,Pre-Workout For Women Strawberry,L-Ornithine Hydrochloride,amino acid,1,1,TRUE,TRUE,Fully disclosed
77261,Pre-Workout For Women Strawberry,L-Theanine,amino acid,1,1,TRUE,TRUE,Fully disclosed
77261,Pre-Workout For Women Strawberry,N-Acetyl Tyrosine,non-nutrient/non-botanical,1,1,TRUE,TRUE,Fully disclosed
77261,Pre-Workout For Women Strawberry,Niacin,vitamin,1,1,TRUE,TRUE,Fully disclosed
77261,Pre-Workout For Women Strawberry,Taurine,non-nutrient/non-botanical,1,1,TRUE,TRUE,Fully disclosed
77261,Pre-Workout For Women Strawberry,Vitamin B1,vitamin,1,1,TRUE,TRUE,Fully disclosed
77261,Pre-Workout For Women Strawberry,Vitamin B12,vitamin,1,1,TRUE,TRUE,Fully disclosed
77261,Pre-Workout For Women Strawberry,Vitamin B2,vitamin,1,1,TRUE,TRUE,Fully disclosed
77261,Pre-Workout For Women Strawberry,Vitamin B6,vitamin,1,1,TRUE,TRUE,Fully disclosed
78988,Clean Pre Workout Raspberry Lemonade Flavor,AAKG L-Arginine,non-nutrient/non-botanical,2,2,FALSE,FALSE,Not disclosed
78988,Clean Pre Workout Raspberry Lemonade Flavor,Alpha Lipoic Acid,non-nutrient/non-botanical,2,2,FALSE,FALSE,Not disclosed
78988,Clean Pre Workout Raspberry Lemonade Flavor,Beet root powder,botanical,2,2,FALSE,FALSE,Not disclosed
78988,Clean Pre Workout Raspberry Lemonade Flavor,Branched-Chain Amino Acids,blend,2,2,TRUE,TRUE,Fully disclosed
78988,Clean Pre Workout Raspberry Lemonade Flavor,CarnoSyn,amino acid,2,2,FALSE,FALSE,Not disclosed
78988,Clean Pre Workout Raspberry Lemonade Flavor,Chinese Ginseng,botanical,2,2,FALSE,FALSE,Not disclosed
78988,Clean Pre Workout Raspberry Lemonade Flavor,Chloride,mineral,2,2,TRUE,TRUE,Fully disclosed
78988,Clean Pre Workout Raspberry Lemonade Flavor,Choline Citrate,vitamin,2,2,FALSE,FALSE,Not disclosed
78988,Clean Pre Workout Raspberry Lemonade Flavor,Creatine HCl,non-nutrient/non-botanical,2,2,FALSE,FALSE,Not disclosed
78988,Clean Pre Workout Raspberry Lemonade Flavor,Creatine Monohydrate,non-nutrient/non-botanical,2,2,FALSE,FALSE,Not disclosed
78988,Clean Pre Workout Raspberry Lemonade Flavor,D-Ribose,sugar,2,2,FALSE,FALSE,Not disclosed
78988,Clean Pre Workout Raspberry Lemonade Flavor,Eleuthero root powder,botanical,2,2,FALSE,FALSE,Not disclosed
78988,Clean Pre Workout Raspberry Lemonade Flavor,Folic Acid,vitamin,2,2,TRUE,TRUE,Fully disclosed
78988,Clean Pre Workout Raspberry Lemonade Flavor,Ginkgo biloba leaf powder,botanical,2,2,FALSE,FALSE,Not disclosed
78988,Clean Pre Workout Raspberry Lemonade Flavor,Green Tea,botanical,2,2,FALSE,FALSE,Not disclosed
78988,Clean Pre Workout Raspberry Lemonade Flavor,Guarana,botanical,2,2,FALSE,FALSE,Not disclosed
78988,Clean Pre Workout Raspberry Lemonade Flavor,Ionic Trace Minerals (ITM) Electrolyte Blend,blend,2,2,TRUE,TRUE,Fully disclosed
78988,Clean Pre Workout Raspberry Lemonade Flavor,L-Arginine,amino acid,2,2,FALSE,FALSE,Not disclosed
78988,Clean Pre Workout Raspberry Lemonade Flavor,L-Citrulline DL-Malate,non-nutrient/non-botanical,2,2,FALSE,FALSE,Not disclosed
78988,Clean Pre Workout Raspberry Lemonade Flavor,L-Isoleucine,amino acid,2,2,FALSE,FALSE,Not disclosed
78988,Clean Pre Workout Raspberry Lemonade Flavor,L-Leucine,amino acid,2,2,FALSE,FALSE,Not disclosed
78988,Clean Pre Workout Raspberry Lemonade Flavor,L-Valine,amino acid,2,2,FALSE,FALSE,Not disclosed
78988,Clean Pre Workout Raspberry Lemonade Flavor,Magnesium,mineral,2,2,TRUE,TRUE,Fully disclosed
78988,Clean Pre Workout Raspberry Lemonade Flavor,Mental Focus/Energy Blend,blend,2,2,TRUE,TRUE,Fully disclosed
78988,Clean Pre Workout Raspberry Lemonade Flavor,Niacin,vitamin,2,2,TRUE,TRUE,Fully disclosed
78988,Clean Pre Workout Raspberry Lemonade Flavor,Nitric Oxide Boost/Circulation Blend,blend,2,2,TRUE,TRUE,Fully disclosed
78988,Clean Pre Workout Raspberry Lemonade Flavor,Pantothenic Acid,vitamin,2,2,TRUE,TRUE,Fully disclosed
78988,Clean Pre Workout Raspberry Lemonade Flavor,Potassium,mineral,2,2,TRUE,TRUE,Fully disclosed
78988,Clean Pre Workout Raspberry Lemonade Flavor,"Power, Strength, & Endurance Blend",blend,2,2,TRUE,TRUE,Fully disclosed
78988,Clean Pre Workout Raspberry Lemonade Flavor,Quercetin Dihydrate powder,non-nutrient/non-botanical,2,2,FALSE,FALSE,Not disclosed
78988,Clean Pre Workout Raspberry Lemonade Flavor,Rhodiola root powder,botanical,2,2,FALSE,FALSE,Not disclosed
78988,Clean Pre Workout Raspberry Lemonade Flavor,Riboflavin,vitamin,2,2,TRUE,TRUE,Fully disclosed
78988,Clean Pre Workout Raspberry Lemonade Flavor,Sodium,mineral,2,2,TRUE,TRUE,Fully disclosed
78988,Clean Pre Workout Raspberry Lemonade Flavor,Sugar,sugar,2,2,TRUE,TRUE,Fully disclosed
78988,Clean Pre Workout Raspberry Lemonade Flavor,Thiamine,vitamin,2,2,TRUE,TRUE,Fully disclosed
78988,Clean Pre Workout Raspberry Lemonade Flavor,Vitamin B12,vitamin,2,2,TRUE,TRUE,Fully disclosed
78988,Clean Pre Workout Raspberry Lemonade Flavor,Vitamin B6,vitamin,2,2,TRUE,TRUE,Fully disclosed
78988,Clean Pre Workout Raspberry Lemonade Flavor,Vitamin C,vitamin,2,2,TRUE,TRUE,Fully disclosed
80043,Best Pre Workout Apple Pear,Best Pre Workout Energy Blend (Proprietary) (Combination),blend,1,1,TRUE,TRUE,Fully disclosed
80043,Best Pre Workout Apple Pear,Best Pre Workout Ketogenic Proprietary Blend,blend,1,1,TRUE,TRUE,Fully disclosed
80043,Best Pre Workout Apple Pear,Beta-Hydroxybutyrate,non-nutrient/non-botanical,1,1,FALSE,FALSE,Not disclosed
80043,Best Pre Workout Apple Pear,CDP-Choline,non-nutrient/non-botanical,1,1,FALSE,FALSE,Not disclosed
80043,Best Pre Workout Apple Pear,Caffeine Anhydrous,non-nutrient/non-botanical,1,1,TRUE,TRUE,Fully disclosed
80043,Best Pre Workout Apple Pear,Calcium Beta-Hydroxybutyrate,non-nutrient/non-botanical,1,1,FALSE,FALSE,Not disclosed
80043,Best Pre Workout Apple Pear,Captex Medium Chain Triglycerides,fat,1,1,FALSE,FALSE,Not disclosed
80043,Best Pre Workout Apple Pear,Lycoris radiata extract,botanical,1,1,FALSE,FALSE,Not disclosed
80043,Best Pre Workout Apple Pear,Magnesium Beta-Hydroxybutyrate,mineral,1,1,FALSE,FALSE,Not disclosed
80043,Best Pre Workout Apple Pear,Sodium Beta-Hydroxybutyrate,mineral,1,1,FALSE,FALSE,Not disclosed
80043,Best Pre Workout Apple Pear,Solanum tuberosum,botanical,1,1,FALSE,FALSE,Not disclosed
80043,Best Pre Workout Apple Pear,Taraxacum officinale,botanical,1,1,FALSE,FALSE,Not disclosed
80048,Best Pre Workout Blue Lemon Ice,Best Pre Workout Energy Blend (Proprietary) (Combination),blend,1,1,TRUE,TRUE,Fully disclosed
80048,Best Pre Workout Blue Lemon Ice,Best Pre Workout Ketogenic Proprietary Blend,blend,1,1,TRUE,TRUE,Fully disclosed
80048,Best Pre Workout Blue Lemon Ice,Beta-Hydroxybutyrate,non-nutrient/non-botanical,1,1,FALSE,FALSE,Not disclosed
80048,Best Pre Workout Blue Lemon Ice,CDP-Choline,non-nutrient/non-botanical,1,1,FALSE,FALSE,Not disclosed
80048,Best Pre Workout Blue Lemon Ice,Caffeine Anhydrous,non-nutrient/non-botanical,1,1,TRUE,TRUE,Fully disclosed
80048,Best Pre Workout Blue Lemon Ice,Calcium Beta-Hydroxybutyrate,non-nutrient/non-botanical,1,1,FALSE,FALSE,Not disclosed
80048,Best Pre Workout Blue Lemon Ice,Captex Medium Chain Triglycerides,fat,1,1,FALSE,FALSE,Not disclosed
80048,Best Pre Workout Blue Lemon Ice,Lycoris radiata extract,botanical,1,1,FALSE,FALSE,Not disclosed
80048,Best Pre Workout Blue Lemon Ice,Magnesium Beta-Hydroxybutyrate,mineral,1,1,FALSE,FALSE,Not disclosed
80048,Best Pre Workout Blue Lemon Ice,Sodium Beta-Hydroxybutyrate,mineral,1,1,FALSE,FALSE,Not disclosed
80048,Best Pre Workout Blue Lemon Ice,Solanum tuberosum,botanical,1,1,FALSE,FALSE,Not disclosed
80048,Best Pre Workout Blue Lemon Ice,Taraxacum officinale,botanical,1,1,FALSE,FALSE,Not disclosed
80052,Best Pre Workout Tropical Freeze,Best Pre Workout Energy Blend (Proprietary) (Combination),blend,1,1,TRUE,TRUE,Fully disclosed
80052,Best Pre Workout Tropical Freeze,Best Pre Workout Ketogenic Proprietary Blend,blend,1,1,TRUE,TRUE,Fully disclosed
80052,Best Pre Workout Tropical Freeze,Beta-Hydroxybutyrate,non-nutrient/non-botanical,1,1,FALSE,FALSE,Not disclosed
80052,Best Pre Workout Tropical Freeze,CDP-Choline,non-nutrient/non-botanical,1,1,FALSE,FALSE,Not disclosed
80052,Best Pre Workout Tropical Freeze,Caffeine Anhydrous,non-nutrient/non-botanical,1,1,TRUE,TRUE,Fully disclosed
80052,Best Pre Workout Tropical Freeze,Calcium Beta-Hydroxybutyrate,non-nutrient/non-botanical,1,1,FALSE,FALSE,Not disclosed
80052,Best Pre Workout Tropical Freeze,Captex Medium Chain Triglycerides,fat,1,1,FALSE,FALSE,Not disclosed
80052,Best Pre Workout Tropical Freeze,Lycoris radiata extract,botanical,1,1,FALSE,FALSE,Not disclosed
80052,Best Pre Workout Tropical Freeze,Magnesium Beta-Hydroxybutyrate,mineral,1,1,FALSE,FALSE,Not disclosed
80052,Best Pre Workout Tropical Freeze,Sodium Beta-Hydroxybutyrate,mineral,1,1,FALSE,FALSE,Not disclosed
80052,Best Pre Workout Tropical Freeze,Solanum tuberosum,botanical,1,1,FALSE,FALSE,Not disclosed
80052,Best Pre Workout Tropical Freeze,Taraxacum officinale,botanical,1,1,FALSE,FALSE,Not disclosed
80062,Best Pre Workout Watermelon Ice,Best Pre Workout Energy Blend (Proprietary) (Combination),blend,1,1,TRUE,TRUE,Fully disclosed
80062,Best Pre Workout Watermelon Ice,Best Pre Workout Ketogenic Proprietary Blend,blend,1,1,TRUE,TRUE,Fully disclosed
80062,Best Pre Workout Watermelon Ice,Beta-Hydroxybutyrate,non-nutrient/non-botanical,1,1,FALSE,FALSE,Not disclosed
80062,Best Pre Workout Watermelon Ice,CDP-Choline,non-nutrient/non-botanical,1,1,FALSE,FALSE,Not disclosed
80062,Best Pre Workout Watermelon Ice,Caffeine Anhydrous,non-nutrient/non-botanical,1,1,TRUE,TRUE,Fully disclosed
80062,Best Pre Workout Watermelon Ice,Calcium Beta-Hydroxybutyrate,non-nutrient/non-botanical,1,1,FALSE,FALSE,Not disclosed
80062,Best Pre Workout Watermelon Ice,Captex Medium Chain Triglycerides,fat,1,1,FALSE,FALSE,Not disclosed
80062,Best Pre Workout Watermelon Ice,Lycoris radiata extract,botanical,1,1,FALSE,FALSE,Not disclosed
80062,Best Pre Workout Watermelon Ice,Magnesium Beta-Hydroxybutyrate,mineral,1,1,FALSE,FALSE,Not disclosed
80062,Best Pre Workout Watermelon Ice,Sodium Beta-Hydroxybutyrate,mineral,1,1,FALSE,FALSE,Not disclosed
80062,Best Pre Workout Watermelon Ice,Solanum tuberosum,botanical,1,1,FALSE,FALSE,Not disclosed
80062,Best Pre Workout Watermelon Ice,Taraxacum officinale,botanical,1,1,FALSE,FALSE,Not disclosed
83160,Volt Pre-Workout Berry Pomegranate,Agmatine Sulfate,non-nutrient/non-botanical,1,1,FALSE,FALSE,Not disclosed
83160,Volt Pre-Workout Berry Pomegranate,Beta-Alanine,amino acid,1,1,FALSE,FALSE,Not disclosed
83160,Volt Pre-Workout Berry Pomegranate,Caffeine Anhydrous,non-nutrient/non-botanical,1,1,FALSE,FALSE,Not disclosed
83160,Volt Pre-Workout Berry Pomegranate,Calcium,mineral,1,1,TRUE,TRUE,Fully disclosed
83160,Volt Pre-Workout Berry Pomegranate,Electric Energy Blend,blend,1,1,TRUE,TRUE,Fully disclosed
83160,Volt Pre-Workout Berry Pomegranate,L-Citrulline,amino acid,1,1,FALSE,FALSE,Not disclosed
83160,Volt Pre-Workout Berry Pomegranate,Nicotinamide Adenine Dinucleotide Hydride,non-nutrient/non-botanical,1,1,FALSE,FALSE,Not disclosed
83160,Volt Pre-Workout Berry Pomegranate,Olive leaf extract,botanical,1,1,FALSE,FALSE,Not disclosed
83160,Volt Pre-Workout Berry Pomegranate,Rauwolfia root extract,botanical,1,1,FALSE,FALSE,Not disclosed
83160,Volt Pre-Workout Berry Pomegranate,Rhodiola rosea root extract,botanical,1,1,FALSE,FALSE,Not disclosed
83160,Volt Pre-Workout Berry Pomegranate,Sugar,sugar,1,1,FALSE,FALSE,Not disclosed
83160,Volt Pre-Workout Berry Pomegranate,Volt Performance Matrix,blend,1,1,TRUE,TRUE,Fully disclosed
83163,Volt Pre-Workout Electric Punch,Agmatine Sulfate,non-nutrient/non-botanical,1,1,FALSE,FALSE,Not disclosed
83163,Volt Pre-Workout Electric Punch,Beta-Alanine,amino acid,1,1,FALSE,FALSE,Not disclosed
83163,Volt Pre-Workout Electric Punch,Caffeine Anhydrous,non-nutrient/non-botanical,1,1,FALSE,FALSE,Not disclosed
83163,Volt Pre-Workout Electric Punch,Calcium,mineral,1,1,TRUE,TRUE,Fully disclosed
83163,Volt Pre-Workout Electric Punch,Electric Energy Blend,blend,1,1,TRUE,TRUE,Fully disclosed
83163,Volt Pre-Workout Electric Punch,L-Citrulline,amino acid,1,1,FALSE,FALSE,Not disclosed
83163,Volt Pre-Workout Electric Punch,Nicotinamide Adenine Dinucleotide Hydride,non-nutrient/non-botanical,1,1,FALSE,FALSE,Not disclosed
83163,Volt Pre-Workout Electric Punch,Olive leaf extract,botanical,1,1,FALSE,FALSE,Not disclosed
83163,Volt Pre-Workout Electric Punch,Rauwolfia root extract,botanical,1,1,FALSE,FALSE,Not disclosed
83163,Volt Pre-Workout Electric Punch,Rhodiola rosea root extract,botanical,1,1,FALSE,FALSE,Not disclosed
83163,Volt Pre-Workout Electric Punch,Sugar,sugar,1,1,FALSE,FALSE,Not disclosed
83163,Volt Pre-Workout Electric Punch,Volt Performance Matrix,blend,1,1,TRUE,TRUE,Fully disclosed
83164,Volt Pre-Workout Electric Punch,Agmatine Sulfate,non-nutrient/non-botanical,1,1,FALSE,FALSE,Not disclosed
83164,Volt Pre-Workout Electric Punch,Beta-Alanine,amino acid,1,1,FALSE,FALSE,Not disclosed
83164,Volt Pre-Workout Electric Punch,Caffeine Anhydrous,non-nutrient/non-botanical,1,1,FALSE,FALSE,Not disclosed
83164,Volt Pre-Workout Electric Punch,Calcium,mineral,1,1,TRUE,TRUE,Fully disclosed
83164,Volt Pre-Workout Electric Punch,Electric Energy Blend,blend,1,1,TRUE,TRUE,Fully disclosed
83164,Volt Pre-Workout Electric Punch,L-Citrulline,amino acid,1,1,FALSE,FALSE,Not disclosed
83164,Volt Pre-Workout Electric Punch,Nicotinamide Adenine Dinucleotide Hydride,non-nutrient/non-botanical,1,1,FALSE,FALSE,Not disclosed
83164,Volt Pre-Workout Electric Punch,Olive leaf extract,botanical,1,1,FALSE,FALSE,Not disclosed
83164,Volt Pre-Workout Electric Punch,Rauwolfia root extract,botanical,1,1,FALSE,FALSE,Not disclosed
83164,Volt Pre-Workout Electric Punch,Rhodiola rosea root extract,botanical,1,1,FALSE,FALSE,Not disclosed
83164,Volt Pre-Workout Electric Punch,Sugar,sugar,1,1,FALSE,FALSE,Not disclosed
83164,Volt Pre-Workout Electric Punch,Volt Performance Matrix,blend,1,1,TRUE,TRUE,Fully disclosed
83165,Volt Pre-Workout Lemon Berry,Agmatine Sulfate,non-nutrient/non-botanical,1,1,FALSE,FALSE,Not disclosed
83165,Volt Pre-Workout Lemon Berry,Beta-Alanine,amino acid,1,1,FALSE,FALSE,Not disclosed
83165,Volt Pre-Workout Lemon Berry,Caffeine Anhydrous,non-nutrient/non-botanical,1,1,FALSE,FALSE,Not disclosed
83165,Volt Pre-Workout Lemon Berry,Calcium,mineral,1,1,TRUE,TRUE,Fully disclosed
83165,Volt Pre-Workout Lemon Berry,Electric Energy Blend,blend,1,1,TRUE,TRUE,Fully disclosed
83165,Volt Pre-Workout Lemon Berry,L-Citrulline,amino acid,1,1,FALSE,FALSE,Not disclosed
83165,Volt Pre-Workout Lemon Berry,Nicotinamide Adenine Dinucleotide Hydride,non-nutrient/non-botanical,1,1,FALSE,FALSE,Not disclosed
83165,Volt Pre-Workout Lemon Berry,Olive leaf extract,botanical,1,1,FALSE,FALSE,Not disclosed
83165,Volt Pre-Workout Lemon Berry,Rauwolfia root extract,botanical,1,1,FALSE,FALSE,Not disclosed
83165,Volt Pre-Workout Lemon Berry,Rhodiola rosea root extract,botanical,1,1,FALSE,FALSE,Not disclosed
83165,Volt Pre-Workout Lemon Berry,Sugar,sugar,1,1,FALSE,FALSE,Not disclosed
83165,Volt Pre-Workout Lemon Berry,Volt Performance Matrix,blend,1,1,TRUE,TRUE,Fully disclosed
83166,Volt Pre-Workout Watermelon,Agmatine Sulfate,non-nutrient/non-botanical,1,1,FALSE,FALSE,Not disclosed
83166,Volt Pre-Workout Watermelon,Beta-Alanine,amino acid,1,1,FALSE,FALSE,Not disclosed
83166,Volt Pre-Workout Watermelon,Caffeine Anhydrous,non-nutrient/non-botanical,1,1,FALSE,FALSE,Not disclosed
83166,Volt Pre-Workout Watermelon,Calcium,mineral,1,1,TRUE,TRUE,Fully disclosed
83166,Volt Pre-Workout Watermelon,Electric Energy Blend,blend,1,1,TRUE,TRUE,Fully disclosed
83166,Volt Pre-Workout Watermelon,L-Citrulline,amino acid,1,1,FALSE,FALSE,Not disclosed
83166,Volt Pre-Workout Watermelon,Nicotinamide Adenine Dinucleotide Hydride,non-nutrient/non-botanical,1,1,FALSE,FALSE,Not disclosed
83166,Volt Pre-Workout Watermelon,Olive leaf extract,botanical,1,1,FALSE,FALSE,Not disclosed
83166,Volt Pre-Workout Watermelon,Rauwolfia root extract,botanical,1,1,FALSE,FALSE,Not disclosed
83166,Volt Pre-Workout Watermelon,Rhodiola rosea root extract,botanical,1,1,FALSE,FALSE,Not disclosed
83166,Volt Pre-Workout Watermelon,Sugar,sugar,1,1,FALSE,FALSE,Not disclosed
83166,Volt Pre-Workout Watermelon,Volt Performance Matrix,blend,1,1,TRUE,TRUE,Fully disclosed
