"URL","DSLD ID","Product Name","Brand Name","Bar Code","Net Contents","Serving Size","Product Type [LanguaL]","Supplement Form [LanguaL]","Date Entered into DSLD","Market Status","Suggested Use"
"https://dsld.od.nih.gov/label/2722","2722","RapidDrive Pre-Workout Amino Complex Fruit Punch","GNC Pro Performance","0 48107 09083 8","10.92 oz.; 310 g","15.5 Gram(s) [1 scoop]","Amino acid/Protein [A1305]","Powder [E0162]","2011-12-23","On Market","DIRECTIONS: As a dietary supplement, mix one scoop (15.5 g) with 8 fl.oz. of water before each workout."
"https://dsld.od.nih.gov/label/3178","3178","Torch Pre-Burn Pre-Workout Drink Wildberry","Market America","","15.5 Gram(s)","15.5 Gram(s) [1 packet]","Other Combinations [A1325]","Powder [E0162]","2011-12-23","On Market","Directions For Use: Add contents of one pouch to 8 fluid ounces of cold water and shake or stir to blend. Allow to fizz for 1-2 minutes before drinking. Drink 15-30 minutes prior to exercise."
"https://dsld.od.nih.gov/label/10324","10324","N.O. Overload Pre-Workout Formula Pounding Punch Flavor","Hi-Tech Pharmaceuticals","8 57084 00045 3","310 Gram(s)","8 Gram(s) [1 Scoop (8g)]","Other Combinations [A1325]","Powder [E0162]","2012-06-25","On Market","Directions:Recommended Use On Training Days: Once your tolerance has been established, mix 1-3 scoops with 6-8 oz of cold water and consume 30-45 minutes before training. Use approximately 6 oz of water per 1 scoop of powder.Recommended Use On Non-Training Days: Mix 1 scoop with 6 oz of cold water."
"https://dsld.od.nih.gov/label/17548","17548","N.O.370 Pre-Workout Formula Fruit Punch","Top Secret","8 58311 00222 6","300 g; 30 Serving(s)","10 Gram(s) [1 scoop]","Other Combinations [A1325]","Powder [E0162]","2013-01-25","On Market","DIRECTIONS: As a dietary supplement, adults mix one full scoop with 4 to 6 ounces of water 20 minutes prior to exercise."
"https://dsld.od.nih.gov/label/17699","17699","Mr Hyde Pre Workout Amplifier Punch","PS ProSupps","6 10708 88230 5","8.67 oz.; 246 grams; 40 Serving(s)","6.15 Gram(s) [1 scoop]","Other Combinations [A1325]","Powder [E0162]","2013-01-25","On Market","SUGGESTED USE: AS A DIETARY SUPPLEMENT, MIX 1 SCOOP OF MR HYDE(TM) WITH 8-OZ OF COLD WATER. CONSUME 15 TO 30 MINUTES BEFORE EXERCISE. DO NOT CONSUME MR HYDE(TM) WITHIN 4 HOURS PRIOR TO BEDTIME. DO NOT TAKE ANY OTHER PRODUCTS THAT CONTAIN CAFFEINE OR ANY OTHER STIMULANTS WHILE TAKING MR HYDE(TM)."
"https://dsld.od.nih.gov/label/18125","18125","Nano Vapor Hardcore Pre-Workout Formula Sour Apple","MuscleTech Performance Series","6 31656 70380 1","1.2 lbs; 528 g","13 Gram(s) [1-3 scoops]","Other Combinations [A1325]","Powder [E0162]","2013-02-25","On Market","DIRECTIONS: This is an extremely strong product. Please read the entire directions before consuming, and follow the tolerance assessment protocol. Assess your tolerance first by mixing 1 serving (1 scoop) with 4 oz. of cold water and drinking it about 30 minutes before your daily workout. Then increase the dosage to 2 and then 3 servings mixed with 8 to 12 oz. of cold water before working out. Do not exceed 3 servings (3 scoops) in a 24-hour period. Maintain an adequate state of hydration during use."
"https://dsld.od.nih.gov/label/19116","19116","Ripped Freak RF Pre-Workout Blue Raspberry Flavor","PharmaFreak","8 55504 00126 4","200 g; 45 Serving(s)","4.488 Gram(s) [1-2 scoops]","Other Combinations [A1325]","Powder [E0162]","2013-02-25","On Market","DIRECTIONS: As a dietary supplement, mix 1 scoop (4,488 mg) with 8 to 12 ounces (250-350 ml) of cold water and consume 30 to 45 minutes before activity. Due to its extreme strength, it is highly recommended that you assess your individual tolerance and start out by using only 1 scoop (1 serving) before you try consuming 1½ or 2 scoops. RIPPED FREAK(R) PRE-WORKOUT is so strong that many individuals find 1 scoop is more than strong enough to deliver maximum results."
"https://dsld.od.nih.gov/label/19251","19251","BRX Body Rush X Pre-Workout Watermelon","Force Factor","8 52496 00290 3","0.35 lbs; 0.16 kg; 40 Serving(s)","8 Gram(s) [2 scoops, 1 scoop SS]","Other Combinations [A1325]","Powder [E0162]","2013-05-24","On Market","UsageWorkout Days: Mix and drink 2 scoops with 8-12 oz. of water 30 min. before working out.Non-Workout Days: Mix and drink 2 scoops with 8-12 oz. of water 30 min. before breakfast."
"https://dsld.od.nih.gov/label/19252","19252","BRX Body Rush X Pre-Workout Blue Raz","Force Factor","8 52496 00289 7","0.35 lbs; 0.16 kg; 40 Serving(s)","8 Gram(s) [2 scoops, 1 scoop SS]","Other Combinations [A1325]","Powder [E0162]","2013-02-25","On Market","UsageWorkout Days: Mix and drink 2 scoops with 8-12 oz. of water 30 min. before working out.Non-Workout Days: Mix and drink 2 scoops with 8-12 oz. of water 30 min. before breakfast."
"https://dsld.od.nih.gov/label/25737","25737","Volt Pre-Workout Watermelon","Neon Sport","8 10390 02019 5","180 Gram(s)","5 Gram(s) [1 scoop]","Other Combinations [A1325]","Powder [E0162]","2013-09-25","On Market","Use only as directed. SUGGESTED USE: Due to extreme potency, assess tolerance by beginning with a single (1) scoop serving for the first few days before adding additional scoops, especially if you are sensitive to stimulants. Pre-Workout"
"https://dsld.od.nih.gov/label/31485","31485","Volt Pre-Workout Electric Punch","Neon Sport","8 10390 02018 8","180 Gram(s)","5 Gram(s) [1 scoop]","Other Combinations [A1325]","Powder [E0162]","2014-03-25","On Market","SUGGESTED USE: Due to extreme potency, assess tolerance by beginning with a single (1) scoop serving for the first few days before adding additional scoops, especially if you are sensitive to stimulants. Use only as directed."
"https://dsld.od.nih.gov/label/31491","31491","Volt Pre-Workout Berry Pomegranate","Neon Sport","8 10390 02017 1","180 Gram(s)","5 Gram(s) [1 scoop]","Other Combinations [A1325]","Powder [E0162]","2014-03-25","On Market","SUGGESTED USE: Due to extreme potency, assess tolerance by beginning with a single (1) scoop serving for the first few days before adding additional scoops, especially if you are sensitive to stimulants. Use only as directed."
"https://dsld.od.nih.gov/label/31679","31679","Mr Hyde Pre Workout Amplifier Orange Guava","PS ProSupps","7 00867 21608 7","9.3 oz.; 264 grams","6.6 Gram(s) [1 scoop]","Other Combinations [A1325]","Powder [E0162]","2014-03-25","On Market","SUGGESTED USE: AS A DIETARY SUPPLEMENT, MIX 1 SCOOP OF MR HYDE(TM) WITH 8-OZ OF COLD WATER. CONSUME 15 TO 30 MINUTES BEFORE EXERCISE. DO NOT CONSUME MR HYDE(TM) WITHIN 4 HOURS PRIOR TO BEDTIME. DO NOT TAKE ANY OTHER PRODUCTS THAT CONTAIN CAFFEINE OR ANY OTHER STIMULANTS WHILE TAKING MR HYDE(TM)."
"https://dsld.od.nih.gov/label/31681","31681","Mr Hyde Pre Workout Amplifier Grape","PS ProSupps","7 00867 21602 5","9.3 oz.; 264 Gram(s)","6.6 Gram(s) [1 scoop]","Other Combinations [A1325]","Powder [E0162]","2014-03-25","On Market","SUGGESTED USE: AS A DIETARY SUPPLEMENT, MIX 1 SCOOP OF MR HYDE(TM) WITH 8-OZ OF COLD WATER. CONSUME 15 TO 30 MINUTES BEFORE EXERCISE. DO NOT CONSUME MR HYDE(TM) WITHIN 4 HOURS PRIOR TO BEDTIME. DO NOT TAKE ANY OTHER PRODUCTS THAT CONTAIN CAFFEINE OR ANY OTHER STIMULANTS WHILE TAKING MR HYDE(TM)."
"https://dsld.od.nih.gov/label/31689","31689","Mr Hyde Pre Workout Amplifier Blue Razz","PS ProSupps","7 00867 21596 7","9.6 oz.; 272 Gram(s)","6.8 Gram(s) [1 scoop]","Other Combinations [A1325]","Powder [E0162]","2014-03-25","On Market","SUGGESTED USE: AS A DIETARY SUPPLEMENT, MIX 1 SCOOP OF MR HYDE(TM) WITH 8-OZ OF COLD WATER. CONSUME 15 TO 30 MINUTES BEFORE EXERCISE. DO NOT CONSUME MR HYDE(TM) WITHIN 4 HOURS PRIOR TO BEDTIME. DO NOT TAKE ANY OTHER PRODUCTS THAT CONTAIN CAFFEINE OR ANY OTHER STIMULANTS WHILE TAKING MR HYDE(TM)."
"https://dsld.od.nih.gov/label/31735","31735","Mr Hyde Intense Energy Pre Workout Punch","PS ProSupps","7 00867 21549 3","10.5 oz.; 398 Gram(s)","6.2 Gram(s) [1 scoop]","Other Combinations [A1325]","Powder [E0162]","2014-03-25","On Market","SUGGESTED USE: AS A DIETARY SUPPLEMENT, MIX 1 SCOOP OF MR HYDE(TM) WITH 8-OZ OF COLD WATER. CONSUME 15 TO 30 MINUTES BEFORE EXERCISE. DO NOT CONSUME MR HYDE(TM) WITHIN 4 HOURS PRIOR TO BEDTIME. DO NOT TAKE ANY OTHER PRODUCTS THAT CONTAIN CAFFEINE OR ANY OTHER STIMULANTS WHILE TAKING MR HYDE(TM)."
"https://dsld.od.nih.gov/label/31738","31738","Mr Hyde Intense Energy Pre Workout Watermelon","PS ProSupps","7 00867 21547 9","11.2 oz.; 317 Gram(s)","6.6 Gram(s) [1 scoop]","Other Combinations [A1325]","Powder [E0162]","2014-03-25","On Market","SUGGESTED USE: AS A DIETARY SUPPLEMENT, MIX 1 SCOOP OF MR HYDE(TM) WITH 8-OZ OF COLD WATER. CONSUME 15 TO 30 MINUTES BEFORE EXERCISE. DO NOT CONSUME MR HYDE(TM) WITHIN 4 HOURS PRIOR TO BEDTIME. DO NOT TAKE ANY OTHER PRODUCTS THAT CONTAIN CAFFEINE OR ANY OTHER STIMULANTS WHILE TAKING MR HYDE(TM)."
"https://dsld.od.nih.gov/label/33286","33286","ENGN Pre-Workout Engine Fruit Punch","Evlution Nutrition","","8.3 oz.; 234 Gram(s)","7.8 Gram(s) [1 scoop]","Other Combinations [A1325]","Powder [E0162]","2014-05-23","On Market","SUGGESTED USE: As a dietary supplement, take 1 scoop with 8 oz. (236 mL) of cold water 15-30 minutes before training. To avoid sleeplessness, do not take within 4 hours of sleep."
"https://dsld.od.nih.gov/label/33359","33359","ENGN Pre-Workout Engine Watermelon","Evlution Nutrition","","7.9 oz.; 225 Gram(s)","7.5 Gram(s) [1 scoop]","Other Combinations [A1325]","Powder [E0162]","2014-05-23","On Market","SUGGESTED USE: As a dietary supplement, take 1 scoop with 8 oz. (236 mL) of cold water 15-30 minutes before training. To avoid sleeplessness, do not take within 4 hours of sleep."
"https://dsld.od.nih.gov/label/39120","39120","Mr Hyde Intense Energy Pre Workout Red Razz","PS ProSupps","6 17237 64140 3","11.9 oz.; 336 Gram(s)","7 Gram(s) [1 scoop]","Other Combinations [A1325]","Powder [E0162]","2014-11-25","On Market","SUGGESTED USE: AS A DIETARY SUPPLEMENT, MIX 1 SCOOP OF MR HYDE(TM) WITH 8-OZ OF COLD WATER. CONSUME 15 TO 30 MINUTES BEFORE EXERCISE."
"https://dsld.od.nih.gov/label/39426","39426","Volt Pre-Workout Lemon Berry","Neon Sport","8 10390 02307 3","180 Gram(s); 6.3 oz.","5 Gram(s) [1 scoop]","Other Combinations [A1325]","Powder [E0162]","2014-11-25","On Market","SUGGESTED USE: Due to extreme potency, assess tolerance by mixing a single (1) scoop serving with 3-4 oz. of water for the first few days before adding additional scoops, especially if you are sensitive to stimulants."
"https://dsld.od.nih.gov/label/41558","41558","Pre Workout Ritual Candy Green Apple","ANS Performance","6 09613 52119 5","350 Gram(s); 12.4 oz.","7.8 Gram(s) [1 scoop]","Other Combinations [A1325]","Powder [E0162]","2015-01-23","On Market","DIRECTIONS: Mix 1 scoop of RITUAL(TM) with 6-8 oz of cold water and consume 15-30 minutes before training. Do not exceed 1 scoop with first use of product. Assess your tolerance to RITUAL(TM) prior to increasing dose. Dose may be increased up to a maximum of 2 scoops for maximum effect (mixed in 12-16 oz of water)."
"https://dsld.od.nih.gov/label/41576","41576","Mr Hyde Intense Energy Pre Workout Blue Razz","PS ProSupps","6 82055 40542 1","7.3 oz.; 207 Gram(s)","6.9 Gram(s) [1 scoop]","Other Combinations [A1325]","Powder [E0162]","2015-01-23","On Market","SUGGESTED USE: AS A DIETARY SUPPLEMENT, MIX 1 SCOOP OF MRHYDE(TM) WITH 8 OZ OF COLD WATER. CONSUME 15 TO 30 MINUTES BEFORE EXERCISE."
"https://dsld.od.nih.gov/label/41579","41579","Mr Hyde Intense Energy Pre Workout Cherry Bomb","PS ProSupps","6 82055 40552 0","7.9 oz.; 225 Gram(s)","7.5 Gram(s) [1 scoop]","Other Combinations [A1325]","Powder [E0162]","2015-01-23","On Market","SUGGESTED USE: AS A DIETARY SUPPLEMENT, MIX 1 SCOOP OF MRHYDE(TM) WITH 8 OZ OF COLD WATER. CONSUME 15 TO 30 MINUTES BEFORE EXERCISE."
"https://dsld.od.nih.gov/label/41580","41580","Mr Hyde Intense Energy Pre Workout Fruit Punch","PS ProSupps","6 82055 40540 7","7.9 oz.; 225 Gram(s)","7.5 Gram(s) [1 scoop]","Other Combinations [A1325]","Powder [E0162]","2015-01-23","On Market","SUGGESTED USE: AS A DIETARY SUPPLEMENT, MIX 1 SCOOP OF MRHYDE(TM) WITH 8 OZ OF COLD WATER. CONSUME 15 TO 30 MINUTES BEFORE EXERCISE."
"https://dsld.od.nih.gov/label/41581","41581","Mr Hyde Intense Energy Pre Workout Green Apple","PS ProSupps","6 82055 40548 3","8 oz.; 228 Gram(s)","7.6 Gram(s) [1 scoop]","Other Combinations [A1325]","Powder [E0162]","2015-01-23","On Market","SUGGESTED USE: AS A DIETARY SUPPLEMENT, MIX 1 SCOOP OF MRHYDE(TM) WITH 8 OZ OF COLD WATER. CONSUME 15 TO 30 MINUTES BEFORE EXERCISE."
"https://dsld.od.nih.gov/label/41582","41582","Mr Hyde Intense Energy Pre Workout Mango Passion Fruit","PS ProSupps","6 82055 40550 6","7.3 oz.; 207 Gram(s)","6.9 Gram(s) [1 scoop]","Other Combinations [A1325]","Powder [E0162]","2015-01-23","On Market","SUGGESTED USE: AS A DIETARY SUPPLEMENT, MIX 1 SCOOP OF MRHYDE(TM) WITH 8 OZ OF COLD WATER. CONSUME 15 TO 30 MINUTES BEFORE EXERCISE."
"https://dsld.od.nih.gov/label/41583","41583","Mr Hyde Intense Energy Pre Workout Orange Burst","PS ProSupps","6 82055 40546 9","7.8 oz.; 222 Gram(s)","7.4 Gram(s) [1 scoop]","Other Combinations [A1325]","Powder [E0162]","2015-01-23","On Market","SUGGESTED USE: AS A DIETARY SUPPLEMENT, MIX 1 SCOOP OF MRHYDE(TM) WITH 8 OZ OF COLD WATER. CONSUME 15 TO 30 MINUTES BEFORE EXERCISE."
"https://dsld.od.nih.gov/label/41584","41584","Mr Hyde Intense Energy Pre Workout Watermelon","PS ProSupps","6 82055 40544 5","7.4 oz.; 210 Gram(s)","7 Gram(s) [1 scoop]","Other Combinations [A1325]","Powder [E0162]","2015-01-23","On Market","SUGGESTED USE: AS A DIETARY SUPPLEMENT, MIX 1 SCOOP OF MRHYDE(TM) WITH 8 OZ OF COLD WATER. CONSUME 15 TO 30 MINUTES BEFORE EXERCISE."
"https://dsld.od.nih.gov/label/41586","41586","Mr Hyde Intense Energy Pre Workout Watermelon","PS ProSupps","6 82055 40657 2","3.7 oz.; 105 Gram(s)","7 Gram(s) [1 scoop]","Other Combinations [A1325]","Powder [E0162]","2015-01-23","On Market","SUGGESTED USE: AS A DIETARY SUPPLEMENT, MIX 1 SCOOP OF MRHYDE(TM) WITH 8 OZ OF COLD WATER. CONSUME 15 TO 30 MINUTES BEFORE EXERCISE."
"https://dsld.od.nih.gov/label/41587","41587","Mr Hyde Intense Energy Pre Workout Blue Razz","PS ProSupps","6 82055 40654 1","3.7 oz.; 104 Gram(s)","6.9 Gram(s) [1 scoop]","Other Combinations [A1325]","Powder [E0162]","2015-01-23","On Market","SUGGESTED USE: AS A DIETARY SUPPLEMENT, MIX 1 SCOOP OF MRHYDE(TM) WITH 8 OZ OF COLD WATER. CONSUME 15 TO 30 MINUTES BEFORE EXERCISE."
"https://dsld.od.nih.gov/label/41588","41588","Mr Hyde Intense Energy Pre Workout Fruit Punch","PS ProSupps","6 82055 40655 8","4 oz.; 113 Gram(s)","7.5 Gram(s) [1 scoop]","Other Combinations [A1325]","Powder [E0162]","2015-01-23","On Market","SUGGESTED USE: AS A DIETARY SUPPLEMENT, MIX 1 SCOOP OF MRHYDE(TM) WITH 8 OZ OF COLD WATER. CONSUME 15 TO 30 MINUTES BEFORE EXERCISE."
"https://dsld.od.nih.gov/label/41590","41590","Mr Hyde Intense Energy Pre Workout Orange Burst","PS ProSupps","6 82055 40660 2","3.9 oz.; 111 Gram(s)","7.4 Gram(s) [1 scoop]","Other Combinations [A1325]","Powder [E0162]","2015-01-23","On Market","SUGGESTED USE: AS A DIETARY SUPPLEMENT, MIX 1 SCOOP OF MRHYDE(TM) WITH 8 OZ OF COLD WATER. CONSUME 15 TO 30 MINUTES BEFORE EXERCISE."
"https://dsld.od.nih.gov/label/42244","42244","Gold Standard Pre-Workout Blueberry Lemonade","ON Optimum Nutrition","7 48927 05297 8","12.7 oz.; 360 Gram(s)","10 Gram(s) [1 scoop]","Other Combinations [A1325]","Powder [E0162]","2015-02-25","On Market","DIRECTIONS: Mix each scoop with 6-8 oz of water and consume 20-30 minutes before training. Start with 1 scoop or less to assess your tolerance. CONSUME AS PART OF A HEALTHY DIET AND EXERCISE PROGRAM, AND DRINK AT LEAST 100 OZ OF WATER PER DAY. "
"https://dsld.od.nih.gov/label/42617","42617","Mr Hyde Intense Energy Pre Workout Blue Razz","PS ProSupps","6 17237 64196 0","11.9 oz.; 336 Gram(s)","7 Gram(s) [1 scoop]","Other Combinations [A1325]","Powder [E0162]","2015-02-25","On Market","SUGGESTED USE: AS A DIETARY SUPPLEMENT, MIX 1 SCOOP OF MR HYDE(TM) WITH 8-OZ OF COLD WATER, CONSUME 15 TO 30 MINUTES BEFORE EXERCISE."
"https://dsld.od.nih.gov/label/42659","42659","Mr Hyde Intense Energy Pre Workout Fruit Punch","PS ProSupps","6 82055 40554 4","15.9 oz.; 450 Gram(s)","7.5 Gram(s) [1 scoop]","Other Combinations [A1325]","Powder [E0162]","2015-02-25","On Market","SUGGESTED USE: AS A DIETARY SUPPLEMENT, MIX 1 SCOOP OF MRHYDE(TM) WITH 8 OZ OF COLD WATER. CONSUME 15 TO 30 MINUTES BEFORE EXERCISE."
"https://dsld.od.nih.gov/label/42660","42660","Mr Hyde Intense Energy Pre Workout Watermelon","PS ProSupps","6 82055 40556 8","14.8 oz.; 420 Gram(s)","7 Gram(s) [1 scoop]","Other Combinations [A1325]","Powder [E0162]","2015-02-25","On Market","SUGGESTED USE: AS A DIETARY SUPPLEMENT, MIX 1 SCOOP OF MRHYDE(TM) WITH 8 OZ OF COLD WATER. CONSUME 15 TO 30 MINUTES BEFORE EXERCISE."
"https://dsld.od.nih.gov/label/42661","42661","Mr Hyde Intense Energy Pre Workout Blue Razz","PS ProSupps","6 82055 40558 2","14.6 oz.; 414 Gram(s)","6.9 Gram(s) [1 scoop]","Other Combinations [A1325]","Powder [E0162]","2015-02-25","On Market","SUGGESTED USE: AS A DIETARY SUPPLEMENT, MIX 1 SCOOP OF MRHYDE(TM) WITH 8 OZ OF COLD WATER. CONSUME 15 TO 30 MINUTES BEFORE EXERCISE."
"https://dsld.od.nih.gov/label/43580","43580","Clean Pre Workout Raspberry Lemonade Flavor","Trace Minerals Research","8 78941 00322 6","20 Packet(s)","9.2 Gram(s) [1/2-1 packet]","Other Combinations [A1325]","Powder [E0162]","2015-03-25","On Market","Suggested Use: Open packet, add contents to 8-10 oz of water and mix well. Take 15-30  minutes before workout for best results. Begin use with 1/2 the serving size or less and assess your tolerance. Once tolerance is assessed, take a maximum dose of 1 serving daily."
"https://dsld.od.nih.gov/label/47622","47622","Mr Hyde Intense Pre Workout Berry Blast","PS ProSupps","6 82055 40709 8","8 oz.; 228 Gram(s)","7.6 Gram(s) [1 scoop]","Other Combinations [A1325]","Powder [E0162]","2015-07-24","On Market","SUGGESTED USE: AS A DIETARY SUPPLEMENT, MIX 1 SCOOP OF MRHYDE(TM) WITH 8 OZ OF COLD WATER. CONSUME 15 TO 30 MINUTES BEFORE EXERCISE."
"https://dsld.od.nih.gov/label/47637","47637","Mr Hyde Intense Energy Pre Workout Cotton Candy","PS ProSupps","6 82055 40773 9","7.5 oz.; 213 Gram(s)","7.1 Gram(s) [1 scoop]","Other Combinations [A1325]","Powder [E0162]","2015-07-24","On Market","SUGGESTED USE: AS A DIETARY SUPPLEMENT, MIX 1 SCOOP OF MRHYDE(TM) WITH 8 OZ OF COLD WATER. CONSUME 15 TO 30 MINUTES BEFORE EXERCISE."
"https://dsld.od.nih.gov/label/47638","47638","Mr Hyde Intense Energy Pre Workout Berry Blast","PS ProSupps","6 82055 40794 4","8 oz.; 228 Gram(s)","7.6 Gram(s) [1 scoop]","Other Combinations [A1325]","Powder [E0162]","2015-07-24","On Market","SUGGESTED USE: AS A DIETARY SUPPLEMENT, MIX 1 SCOOP OF MRHYDE(TM) WITH 8 OZ OF COLD WATER. CONSUME 15 TO 30 MINUTES BEFORE EXERCISE."
"https://dsld.od.nih.gov/label/47640","47640","Mr Hyde Intense Energy Pre Workout Blue Razz","PS ProSupps","6 82055 40524 7","7.4 oz.; 210 Gram(s)","7 Gram(s) [1 scoop]","Other Combinations [A1325]","Powder [E0162]","2015-07-24","On Market","SUGGESTED USE: AS A DIETARY SUPPLEMENT, MIX 1 SCOOP OF MRHYDE(TM) WITH 8 OZ OF COLD WATER. CONSUME 15 TO 30 MINUTES BEFORE EXERCISE."
"https://dsld.od.nih.gov/label/47641","47641","Mr Hyde Intense Energy Pre Workout Cherry Bomb","PS ProSupps","6 82055 40792 0","8 oz.; 228 Gram(s)","7.6 Gram(s) [1 scoop]","Other Combinations [A1325]","Powder [E0162]","2015-07-24","On Market","SUGGESTED USE: AS A DIETARY SUPPLEMENT, MIX 1 SCOOP OF MRHYDE(TM) WITH 8 OZ OF COLD WATER. CONSUME 15 TO 30 MINUTES BEFORE EXERCISE."
"https://dsld.od.nih.gov/label/47642","47642","Mr Hyde Intense Energy Pre Workout Fruit Punch","PS ProSupps","6 82055 40522 3","8 oz.; 228 Gram(s)","7.6 Gram(s) [1 scoop]","Other Combinations [A1325]","Powder [E0162]","2015-07-24","On Market","SUGGESTED USE: AS A DIETARY SUPPLEMENT, MIX 1 SCOOP OF MRHYDE(TM) WITH 8 OZ OF COLD WATER. CONSUME 15 TO 30 MINUTES BEFORE EXERCISE."
"https://dsld.od.nih.gov/label/47643","47643","Mr Hyde Intense Energy Pre Workout Green Apple","PS ProSupps","6 82055 40757 9","8.1 oz.; 231 Gram(s)","7.7 Gram(s) [1 scoop]","Other Combinations [A1325]","Powder [E0162]","2015-07-24","On Market","SUGGESTED USE: AS A DIETARY SUPPLEMENT, MIX 1 SCOOP OF MRHYDE(TM) WITH 8 OZ OF COLD WATER. CONSUME 15 TO 30 MINUTES BEFORE EXERCISE."
"https://dsld.od.nih.gov/label/47644","47644","Mr Hyde Intense Energy Pre Workout Mango Passion Fruit","PS ProSupps","6 82055 40761 6","7.5 oz.; 213 Gram(s)","7.1 Gram(s) [1 scoop]","Other Combinations [A1325]","Powder [E0162]","2015-07-24","On Market","SUGGESTED USE: AS A DIETARY SUPPLEMENT, MIX 1 SCOOP OF MRHYDE(TM) WITH 8 OZ OF COLD WATER. CONSUME 15 TO 30 MINUTES BEFORE EXERCISE."
"https://dsld.od.nih.gov/label/47645","47645","Mr Hyde Intense Energy Pre Workout Orange Burst","PS ProSupps","6 82055 40755 5","7.9 oz.; 225 Gram(s)","7.5 Gram(s) [1 scoop]","Other Combinations [A1325]","Powder [E0162]","2015-07-24","On Market","SUGGESTED USE: AS A DIETARY SUPPLEMENT, MIX 1 SCOOP OF MRHYDE(TM) WITH 8 OZ OF COLD WATER. CONSUME 15 TO 30 MINUTES BEFORE EXERCISE."
"https://dsld.od.nih.gov/label/47838","47838","Mr Hyde Intense Energy Pre Workout Blue Razz","ProSupps","6 17237 64219 6","0.2 oz.; 6.9 Gram(s)","6.9 Gram(s) [1 packet]","Other Combinations [A1325]","Powder [E0162]","2015-07-24","On Market","SUGGESTED USE: AS A DIETARY SUPPLEMENT, MIX 1 PACKET OF MRHYDE(TM) WITH 8 OZ OF COLD WATER. CONSUME15 TO 30 MINUTES BEFORE EXERCISE."
"https://dsld.od.nih.gov/label/47842","47842","Mr Hyde Intense Energy Pre Workout Blue Razz","PS ProSupps","6 82055 40510 0","8.7 oz.; 248 Gram(s)","6.9 Gram(s) [1 scoop]","Other Combinations [A1325]","Powder [E0162]","2015-07-24","On Market","SUGGESTED USE: AS A DIETARY SUPPLEMENT, MIX 1 SCOOP OF MRHYDE(TM) WITH 8 OZ OF COLD WATER. CONSUME 15 TO 30 MINUTES BEFORE EXERCISE."
"https://dsld.od.nih.gov/label/47845","47845","Mr Hyde Intense Energy Pre Workout Fruit Punch","PS ProSupps","6 82055 40506 3","9.5 oz.; 270 Gram(s)","7.5 Gram(s) [1 scoop]","Other Combinations [A1325]","Powder [E0162]","2015-07-24","On Market","SUGGESTED USE: AS A DIETARY SUPPLEMENT, MIX 1 SCOOP OF MRHYDE(TM) WITH 8 OZ OF COLD WATER. CONSUME 15 TO 30 MINUTES BEFORE EXERCISE."
"https://dsld.od.nih.gov/label/47849","47849","Mr Hyde Intense Energy Pre Workout Green Apple","PS ProSupps","6 82055 40800 2","9.7 oz.; 274 Gram(s)","7.5 Gram(s) [1 scoop]","Other Combinations [A1325]","Powder [E0162]","2015-07-24","On Market","SUGGESTED USE: AS A DIETARY SUPPLEMENT, MIX 1 SCOOP OF MRHYDE(TM) WITH 8 OZ OF COLD WATER. CONSUME 15 TO 30 MINUTES BEFORE EXERCISE."
"https://dsld.od.nih.gov/label/47850","47850","Mr Hyde Intense Energy Pre Workout Orange Burst","PS ProSupps","6 82055 40798 2","9.4 oz.; 266 Gram(s)","7.4 Gram(s) [1 scoop]","Other Combinations [A1325]","Powder [E0162]","2015-07-24","On Market","SUGGESTED USE: AS A DIETARY SUPPLEMENT, MIX 1 SCOOP OF MRHYDE(TM) WITH 8 OZ OF COLD WATER. CONSUME 15 TO 30 MINUTES BEFORE EXERCISE."
"https://dsld.od.nih.gov/label/47852","47852","Mr Hyde Intense Energy Pre Workout Red Razz","PS ProSupps","6 82055 40512 4","8.9 oz.; 252 Gram(s)","7 Gram(s) [1 scoop]","Other Combinations [A1325]","Powder [E0162]","2015-07-24","On Market","SUGGESTED USE: AS A DIETARY SUPPLEMENT, MIX 1 SCOOP OF MRHYDE(TM) WITH 8 OZ OF COLD WATER. CONSUME 15 TO 30 MINUTES BEFORE EXERCISE."
"https://dsld.od.nih.gov/label/47854","47854","Mr Hyde Intense Energy Pre Workout Watermelon","PS ProSupps","6 82055 40508 7","8.9 oz.; 252 Gram(s)","7 Gram(s) [1 scoop]","Other Combinations [A1325]","Powder [E0162]","2015-07-24","On Market","SUGGESTED USE: AS A DIETARY SUPPLEMENT, MIX 1 SCOOP OF MRHYDE(TM) WITH 8 OZ OF COLD WATER. CONSUME 15 TO 30 MINUTES BEFORE EXERCISE."
"https://dsld.od.nih.gov/label/47968","47968","Mr Hyde Intense Pre Workout Berry Blast","PS ProSupps","6 82055 40633 6","8.1 oz.; 231 Gram(s)","7.7 Gram(s) [1 scoop]","Other Combinations [A1325]","Powder [E0162]","2015-07-24","On Market","SUGGESTED USE: AS A DIETARY SUPPLEMENT, MIX 1 SCOOP OF MRHYDE(TM) WITH 8 OZ OF COLD WATER. CONSUME 15 TO 30 MINUTES BEFORE EXERCISE."
"https://dsld.od.nih.gov/label/47970","47970","Mr Hyde Intense Energy Pre Workout Blue Razz","PS ProSupps","6 82055 40625 1","7.5 oz.; 213 Gram(s)","7.1 Gram(s) [1 scoop]","Other Combinations [A1325]","Powder [E0162]","2015-07-24","On Market","SUGGESTED USE: AS A DIETARY SUPPLEMENT, MIX 1 SCOOP OF MRHYDE(TM) WITH 8 OZ OF COLD WATER. CONSUME 15 TO 30 MINUTES BEFORE EXERCISE."
"https://dsld.od.nih.gov/label/47971","47971","Mr Hyde Intense Energy Pre Workout Cherry Bomb","PS ProSupps","6 82055 40649 7","8.1 oz.; 231 Gram(s)","7.7 Gram(s) [1 scoop]","Other Combinations [A1325]","Powder [E0162]","2015-07-24","On Market","SUGGESTED USE: AS A DIETARY SUPPLEMENT, MIX 1 SCOOP OF MRHYDE(TM) WITH 8 OZ OF COLD WATER. CONSUME 15 TO 30 MINUTES BEFORE EXERCISE."
"https://dsld.od.nih.gov/label/47972","47972","Mr Hyde Intense Energy Pre Workout Cotton Candy","PS ProSupps","6 82055 40805 7","7.6 oz.; 216 Gram(s)","7.2 Gram(s) [1 scoop]","Other Combinations [A1325]","Powder [E0162]","2015-07-24","On Market","SUGGESTED USE: AS A DIETARY SUPPLEMENT, MIX 1 SCOOP OF MRHYDE(TM) WITH 8 OZ OF COLD WATER. CONSUME 15 TO 30 MINUTES BEFORE EXERCISE."
"https://dsld.od.nih.gov/label/47973","47973","Mr Hyde Intense Energy Pre Workout Fruit Punch","PS ProSupps","6 82055 40623 7","8.1 oz.; 231 Gram(s)","7.7 Gram(s) [1 scoop]","Other Combinations [A1325]","Powder [E0162]","2015-07-24","On Market","SUGGESTED USE: AS A DIETARY SUPPLEMENT, MIX 1 SCOOP OF MRHYDE(TM) WITH 8 OZ OF COLD WATER. CONSUME 15 TO 30 MINUTES BEFORE EXERCISE."
"https://dsld.od.nih.gov/label/47975","47975","Mr Hyde Intense Energy Pre Workout Green Apple","PS ProSupps","6 82055 40631 2","8.1 oz.; 231 Gram(s)","7.7 Gram(s) [1 scoop]","Other Combinations [A1325]","Powder [E0162]","2015-07-24","On Market","SUGGESTED USE: AS A DIETARY SUPPLEMENT, MIX 1 SCOOP OF MRHYDE(TM) WITH 8 OZ OF COLD WATER. CONSUME 15 TO 30 MINUTES BEFORE EXERCISE."
"https://dsld.od.nih.gov/label/47977","47977","Mr Hyde Intense Energy Pre Workout Mango Passion Fruit","PS ProSupps","6 82055 40629 9","7.5 oz.; 213 Gram(s)","7.1 Gram(s) [1 scoop]","Other Combinations [A1325]","Powder [E0162]","2015-07-24","On Market","SUGGESTED USE: AS A DIETARY SUPPLEMENT, MIX 1 SCOOP OF MRHYDE(TM) WITH 8 OZ OF COLD WATER. CONSUME 15 TO 30 MINUTES BEFORE EXERCISE."
"https://dsld.od.nih.gov/label/47978","47978","Mr Hyde Intense Energy Pre Workout Mango Orange Burst","PS ProSupps","6 82055 40651 0","8 oz.; 228 Gram(s)","7.6 Gram(s) [1 scoop]","Other Combinations [A1325]","Powder [E0162]","2015-07-24","On Market","SUGGESTED USE: AS A DIETARY SUPPLEMENT, MIX 1 SCOOP OF MRHYDE(TM) WITH 8 OZ OF COLD WATER. CONSUME 15 TO 30 MINUTES BEFORE EXERCISE."
"https://dsld.od.nih.gov/label/47979","47979","Mr Hyde Intense Energy Pre Workout Watermelon","PS ProSupps","6 82055 40627 5","7.5 oz.; 213 Gram(s)","7.1 Gram(s) [1 scoop]","Other Combinations [A1325]","Powder [E0162]","2015-07-24","On Market","SUGGESTED USE: AS A DIETARY SUPPLEMENT, MIX 1 SCOOP OF MRHYDE(TM) WITH 8 OZ OF COLD WATER. CONSUME 15 TO 30 MINUTES BEFORE EXERCISE."
"https://dsld.od.nih.gov/label/47980","47980","Mr Hyde Intense Energy Pre Workout Fruit Punch","PS ProSupps","6 17237 64038 3","1.4 oz.; 39 Gram(s)","7.7 Gram(s) [1 scoop]","Other Combinations [A1325]","Powder [E0162]","2015-07-24","On Market","SUGGESTED USE: AS A DIETARY SUPPLEMENT, MIX 1 SCOOP OF MRHYDE(TM) WITH 8 OZ OF COLD WATER. CONSUME 15 TO 30 MINUTES BEFORE EXERCISE."
"https://dsld.od.nih.gov/label/49177","49177","Mr Hyde Intense Energy Pre Workout Fruit Punch","ProSupps","7 00867 21560 8","0.3 Ounce(s); 7.7 Gram(s)","7.7 Gram(s) [1 packet]","Other Combinations [A1325]","Powder [E0162]","2015-08-25","On Market","Suggested Use: As a dietary supplement, mix 1 packet of Mr Hyde(TM) with 8 oz of cold water. Consume 15 to 30 minutes before exercise. Do not consume Mr Hyde(TM) within 4 hours prior to bedtime. Do not take any other products that contain caffeine or any other stimulants while taking Mr Hyde(TM)."
"https://dsld.od.nih.gov/label/49184","49184","Mr Hyde Intense Energy Pre Workout Orange Burst","ProSupps","6 82055 40690 9","0.3 Ounce(s); 7.4 Gram(s)","7.4 Gram(s) [1 packet]","Other Combinations [A1325]","Powder [E0162]","2015-08-25","On Market","Suggested Use: As a dietary supplement, mix 1 packet of Mr Hyde(TM) with 8 ox of cold water. Consume 15 to 30 minutes before exercise. Do not consume Mr Hyde(TM) within 4 hours prior to bedtime. Do not take any other products that contain caffeine or any other stimulants while taking Mr Hyde(TM)."
"https://dsld.od.nih.gov/label/49186","49186","Mr Hyde Intense Energy Pre Workout Fruit Punch","PS ProSupps","6 10708 88230 5","9.4 Ounce(s); 268 Gram(s)","6.7 Gram(s) [1 scoop]","Other Combinations [A1325]","Powder [E0162]","2015-08-25","On Market","Suggested Use: As a dietary supplement, mix 1 scoop of Mr Hyde(TM) with 8 oz of cold water. Consume 15 to 30 minutes before exercise. Do not consume Mr Hyde(TM) within 4 hours prior to bedtime. Do not take any other products that contain caffeine or any other stimulants while taking Mr Hyde(TM)."
"https://dsld.od.nih.gov/label/49198","49198","Mr Hyde Intense Energy Pre Workout Sweet Tea","PS ProSupps","6 82055 40588 9","7.9 Ounce(s); 225 Gram(s)","7.5 Gram(s) [1 scoop]","Other Combinations [A1325]","Powder [E0162]","2015-08-25","On Market","Suggested use: As a dietary supplement, mix 1 scoop of Mr Hyde(TM) with 8 oz of cold water. Consume 15 to 30 minutes before exercise. Do not consume Mr Hyde(TM) within 4 hours prior to bedtime. Do not take any other products that contain caffeine or any other stimulants while taking Mr Hyde(TM)."
"https://dsld.od.nih.gov/label/49458","49458","Mr Hyde Intense Energy Pre Workout Watermelon","PS ProSupps","6 82055 40526 1","7.5 oz.; 213 Gram(s)","7.1 Gram(s) [1 scoop]","Other Combinations [A1325]","Powder [E0162]","2015-08-25","On Market","SUGGESTED USE: AS A DIETARY SUPPLEMENT, MIX 1 SCOOP OF MRHYDE(TM) WITH 8 OZ OF COLD WATER. CONSUME 15 TO 30 MINUTES BEFORE EXERCISE."
"https://dsld.od.nih.gov/label/49522","49522","Mr Hyde Intense Energy Pre Workout Green Apple","ProSupps","6 17237 64363 6","0.3 oz.; 7.6 Gram(s)","7.6 Gram(s) [1 packet]","Other Combinations [A1325]","Powder [E0162]","2015-08-25","On Market","SUGGESTED USE: AS A DIETARY SUPPLEMENT, MIX 1 PACKET OF MRHYDE(TM) WITH 8 OZ OF COLD WATER. CONSUME 15 TO 30 MINUTES BEFORE EXERCISE."
"https://dsld.od.nih.gov/label/49523","49523","Mr Hyde Intense Energy Pre Workout Blue Razz","ProSupps","6 82055 40728 9","0.3 oz.; 7.1 Gram(s)","7.1 Gram(s) [1 packet]","Other Combinations [A1325]","Powder [E0162]","2015-08-25","On Market","SUGGESTED USE: AS A DIETARY SUPPLEMENT, MIX 1 PACKET OF MRHYDE(TM) WITH 8 OZ OF COLD WATER. CONSUME 15 TO 30 MINUTES BEFORE EXERCISE."
"https://dsld.od.nih.gov/label/49524","49524","Mr Hyde Intense Energy Pre Workout Cotton Candy","ProSupps","6 82055 40803 3","0.3 oz.; 7.1 Gram(s)","7.1 Gram(s) [1 packet]","Other Combinations [A1325]","Powder [E0162]","2015-08-25","On Market","SUGGESTED USE: AS A DIETARY SUPPLEMENT, MIX 1 PACKET OF MRHYDE(TM) WITH 8 OZ OF COLD WATER. CONSUME 15 TO 30 MINUTES BEFORE EXERCISE."
"https://dsld.od.nih.gov/label/50153","50153","Mr Hyde Intense Energy Pre Workout Fruit Punch","PS ProSupps","6 17237 64038 3","1.3 oz.; 38 Gram(s)","7.7 Gram(s) [1 scoop]","Other Combinations [A1325]","Powder [E0162]","2015-09-25","On Market","SUGGESTED USE: AS A DIETARY SUPPLEMENT, MIX 1 SCOOP OF MRHYDE(TM) WITH 8 OZ OF COLD WATER. CONSUME 15 TO 30 MINUTES BEFORE EXERCISE."
"https://dsld.od.nih.gov/label/57278","57278","Clean Pre Workout Raspberry Lemonade Flavor","Trace Minerals Research","8 78941 00323 3","0.65 Oz(s); 18.4 Gram(s)","9 Gram(s) [1/2-1 packet]","Other Combinations [A1325]","Powder [E0162]","2016-03-24","On Market","Begin use with 1/2 the serving size or less and assess your tolerance. One tolerance is assesses, take a maximum dose of 1 serving daily. Suggested Use: Open packet, add contents to 8-10 oz of water and mix well. Take 15-30 minutes before workout for best results."
"https://dsld.od.nih.gov/label/58291","58291","Clean Pre-Workout Fruit Punch","BSN","8 34266 00268 9","5.82 oz.; 165 Gram(s)","5.5 Gram(s) [1 scoop]","Other Combinations [A1325]","Powder [E0162]","2016-04-22","On Market","Consume as part of a healthy diet and exercise program, and drink at least 100 fl oz of water per day. Directions: Mix 1 scoop with 4-6 fl oz of cold water and consume 15-30 minutes prior to workout."
"https://dsld.od.nih.gov/label/58836","58836","Pre-Workout N.O. Fury Fruit Punch","Six Star Pro Nutrition","6 31656 70183 8","1.2 lbs; 544 Gram(s)","14 Gram(s) [1-2 scoops]","Other Combinations [A1325]","Powder [E0162]","2016-05-22","On Market","DIRECTIONS: Read the entire directions before consuming, and follow the tolerance protocol. Start by assessing your tolerance first by mixing 1 serving (1 scoop) with 4 to 6 oz. of cold water, to taste, and drink about 30 minutes before your daily workout. Then increase the dosage to 2 servings mixed with 8 to 12 oz. of cold water before your daily workout. Do not exceed 2 servings (2 scoops) in a 24-hour period. Drink 8 to 10 glasses of water daily for general good health. Read the entire label before use and follow directions provided."
"https://dsld.od.nih.gov/label/62708","62708","C4 50X Pre-Workout Icy Blue Razz","Cellucor","8 10390 02607 4","270 Gram(s); 9.52 Oz(s)","9 Gram(s) [1 scoop]","Other Combinations [A1325]","Powder [E0162]","2016-07-25","On Market","Suggested use:Do not exceed recommended daily intake. Use only as directed. Take one serving (1 scoop) of Cellucor C4 50x, mixed with 4-6 fl. oz. of water 20-30 minutes before training. Once tolerance has been assessed and you are looking for an additional boost of energy, take one additional serving (1 scoop) with serving taken before training. Do not exceed 2 scoops per day. During your workout, it is recommended that you drink plenty of water or performance beverage such as Cellucor Alpha Amino to stay hydrated."
"https://dsld.od.nih.gov/label/63149","63149","Pre-Workout Explosioin Fruit Punch","Six Star Pro Nutrition","6 31656 70711 3","0.61 lbs; 277 Gram(s)","7 Gram(s) [1 scoop]","Other Combinations [A1325]","Powder [E0162]","2016-07-25","On Market","DIRECTIONS: Read the entire label before use and follow directions provided. Assess your tolerance by mixing 1 serving (1 scoop) with 6 oz. of cold water and drink about 30 minutes before your workout. Then increase the dosage to 2 servings mixed with 12 oz. of cold water before your workout. Do not exceed 2 servings (2 scoops) in a 24-hour period. Drink 8 to 10 glasses of water daily for general good health. Use only as directed."
"https://dsld.od.nih.gov/label/65428","65428","Gold Standard Pre-Workout Strawberry Lime","ON Optimum Nutrition","7 48927 05409 5","10.58 oz.; 300 Gram(s)","10 Gram(s) [1 scoop]","Other Combinations [A1325]","Powder [E0162]","2016-10-22","On Market","Directions: Mix one scoop with 6-8 oz of water and consume 20-30 minutes before training. Start with 1 scoop or less to assess your tolerance."
"https://dsld.od.nih.gov/label/65771","65771","Pre Workout Island Fruit flavor","ATH","7 00175 49847 2","499 Gram(s); 1.1 lbs","16.6 Gram(s) [1 scoop]","Botanical [A1306]","Powder [E0162]","2016-10-22","On Market","Suggested Use: Mix 1 scoop with 8-16 fluid ounces of ice water in ATH Shaker 30 minutes before training."
"https://dsld.od.nih.gov/label/66354","66354","Pre-Workout Nuclear X Sour Apple","MET-Rx","7 86560 57429 7","0.6 lb; 10.15 oz.; 288 Gram(s)","12 Gram(s) [1-2 scoops]","Other Combinations [A1325]","Powder [E0162]","2016-11-21","On Market","Use in conjunction with an intense daily exercise program and a balanced diet including an adequate caloric intake. Directions: THIS PRODUCT IS EXTREMELY POTENT!!! DO NOT EXCEED RECOMMENDED DAILY INTAKE. USE ONLY AS DIRECTED. Mix one scoop with 8-10 fl. oz. of water 15-30 minutes before training. If well tolerated, gradually increase servings to two scoops per day with 12-16 fl. oz. for desired effect. Do not take on an empty stomach."
"https://dsld.od.nih.gov/label/66357","66357","Pre-Workout Nuclear X Citrus Surge","MET-Rx","7 86560 58932 1","0.6 lb; 10.15 oz.; 288 Gram(s)","12 Gram(s) [1-2 scoops]","Other Combinations [A1325]","Powder [E0162]","2016-11-21","On Market","Use in conjunction with an intense daily exercise program and a balanced diet including an adequate caloric intake. Directions: THIS PRODUCT IS EXTREMELY POTENT!!! DO NOT EXCEED RECOMMENDED DAILY INTAKE. USE ONLY AS DIRECTED. Mix one scoop with 8-10 fl. oz. of water 15-30 minutes before training. If well tolerated, gradually increase servings to two scoops per day with 12-16 fl. oz. for desired effect. Do not take on an empty stomach."
"https://dsld.od.nih.gov/label/66359","66359","Pre-Workout Nuclear X Radioactive Punch","MET-Rx","7 86560 58936 9","0.6 lb; 10.15 oz.; 288 Gram(s)","12 Gram(s) [1-2 scoops]","Other Combinations [A1325]","Powder [E0162]","2016-11-21","On Market","Use in conjunction with an intense daily exercise program and a balanced diet including an adequate caloric intake. Directions: THIS PRODUCT IS EXTREMELY POTENT!!! DO NOT EXCEED RECOMMENDED DAILY INTAKE. USE ONLY AS DIRECTED. Mix one scoop with 8-10 fl. oz. of water 15-30 minutes before training. If well tolerated, gradually increase servings to two scoops per day with 12-16 fl. oz. for desired effect. Do not take on an empty stomach."
"https://dsld.od.nih.gov/label/66360","66360","Pre-Workout Nuclear X Watermelon","MET-Rx","7 86560 59130 0","0.6 lb; 10.15 oz.; 288 Gram(s)","12 Gram(s) [1-2 scoops]","Other Combinations [A1325]","Powder [E0162]","2016-11-21","On Market","Use in conjunction with an intense daily exercise program and a balanced diet including an adequate caloric intake. Directions: THIS PRODUCT IS EXTREMELY POTENT!!! DO NOT EXCEED RECOMMENDED DAILY INTAKE. USE ONLY AS DIRECTED. Mix one scoop with 8-10 fl. oz. of water 15-30 minutes before training. If well tolerated, gradually increase servings to two scoops per day with 12-16 fl. oz. for desired effect. Do not take on an empty stomach."
"https://dsld.od.nih.gov/label/66904","66904","Mr Hyde Intense Pre Workout Berry Blast","PS ProSupps","6 82055 40941 2","8.1 oz.; 231 Gram(s)","7.7 Gram(s) [1 scoop]","Other Combinations [A1325]","Powder [E0162]","2016-11-21","On Market","Suggested Use: As a dietary supplement, mix 1 scoop of MRHYDE with 8 oz of cold water. Consume 15 to 30 minutes before exercise. Do not consume MRHYDE within 4 hours prior to bedtime. Do not take any other products that contain caffeine or any other stimulants while taking MRHYDE."
"https://dsld.od.nih.gov/label/66905","66905","Mr Hyde Intense Energy Pre Workout Blue Razz","PS ProSupps","6 82055 40927 6","7.4 oz.; 210 Gram(s)","7 Gram(s) [1 scoop]","Other Combinations [A1325]","Powder [E0162]","2016-11-21","On Market","Suggested Use: As a dietary supplement, mix 1 scoop of MRHYDE with 8 oz of cold water. Consume 15 to 30 minutes before exercise. Do not consume MRHYDE within 4 hours prior to bedtime. Do not take any other products that contain caffeine or any other stimulants while taking MRHYDE."
"https://dsld.od.nih.gov/label/66906","66906","Mr Hyde Intense Energy Pre Workout Cherry Bomb","PS ProSupps","6 82055 40935 1","8 oz.; 228 Gram(s)","7.6 Gram(s) [1 scoop]","Other Combinations [A1325]","Powder [E0162]","2016-11-21","On Market","Suggested Use: As a dietary supplement, mix 1 scoop of MRHYDE with 8 oz of cold water. Consume 15 to 30 minutes before exercise. Do not consume MRHYDE within 4 hours prior to bedtime. Do not take any other products that contain caffeine or any other stimulants while taking MRHYDE."
"https://dsld.od.nih.gov/label/66908","66908","Mr Hyde Intense Energy Pre Workout Cotton Candy","PS ProSupps","6 82055 40939 9","7.6 oz.; 216 Gram(s)","7.2 Gram(s) [1 scoop]","Other Combinations [A1325]","Powder [E0162]","2016-11-21","On Market","Suggested Use: As a dietary supplement, mix 1 scoop of MRHYDE with 8 oz of cold water. Consume 15 to 30 minutes before exercise. Do not consume MRHYDE within 4 hours prior to bedtime. Do not take any other products that contain caffeine or any other stimulants while taking MRHYDE."
"https://dsld.od.nih.gov/label/66911","66911","Mr Hyde Intense Energy Pre Workout Fruit Punch","PS ProSupps","6 82055 40925 2","8 oz.; 228 Gram(s)","7.6 Gram(s) [1 scoop]","Other Combinations [A1325]","Powder [E0162]","2016-11-21","On Market","Suggested Use: As a dietary supplement, mix 1 scoop of MRHYDE with 8 oz of cold water. Consume 15 to 30 minutes before exercise. Do not consume MRHYDE within 4 hours prior to bedtime. Do not take any other products that contain caffeine or any other stimulants while taking MRHYDE."
"https://dsld.od.nih.gov/label/66947","66947","Mr Hyde Intense Energy Pre Workout Green Apple","PS ProSupps","6 82055 40931 3","8.1 oz.; 231 Gram(s)","7.7 Gram(s) [1 scoop]","Other Combinations [A1325]","Powder [E0162]","2016-11-21","On Market","Suggested Use: As a dietary supplement, mix 1 scoop of MRHYDE with 8 oz of cold water. Consume 15 to 30 minutes before exercise. Do not consume MRHYDE within 4 hours prior to bedtime. Do not take any other products that contain caffeine or any other stimulants while taking MRHYDE."
"https://dsld.od.nih.gov/label/66949","66949","Mr Hyde Intense Energy Pre Workout Mango Passion Fruit","PS ProSupps","6 82055 40937 5","7.4 oz.; 210 Gram(s)","7 Gram(s) [1 scoop]","Other Combinations [A1325]","Powder [E0162]","2016-11-21","On Market","Suggested Use: As a dietary supplement, mix 1 scoop of MRHYDE with 8 oz of cold water. Consume 15 to 30 minutes before exercise. Do not consume MRHYDE within 4 hours prior to bedtime. Do not take any other products that contain caffeine or any other stimulants while taking MRHYDE."
"https://dsld.od.nih.gov/label/66952","66952","Mr Hyde Intense Energy Pre Workout Orange Burst","PS ProSupps","6 82055 40933 7","7.9 oz.; 225 Gram(s)","7.5 Gram(s) [1 scoop]","Other Combinations [A1325]","Powder [E0162]","2016-11-21","On Market","Suggested Use: As a dietary supplement, mix 1 scoop of MRHYDE with 8 oz of cold water. Consume 15 to 30 minutes before exercise. Do not consume MRHYDE within 4 hours prior to bedtime. Do not take any other products that contain caffeine or any other stimulants while taking MRHYDE."
"https://dsld.od.nih.gov/label/66954","66954","Mr Hyde Intense Energy Pre Workout Watermelon","PS ProSupps","6 82055 40929 0","7.5 oz.; 213 Gram(s)","7.1 Gram(s) [1 scoop]","Other Combinations [A1325]","Powder [E0162]","2016-11-21","On Market","Suggested Use: As a dietary supplement, mix 1 scoop of MRHYDE with 8 oz of cold water. Consume 15 to 30 minutes before exercise. Do not consume MRHYDE within 4 hours prior to bedtime. Do not take any other products that contain caffeine or any other stimulants while taking MRHYDE."
"https://dsld.od.nih.gov/label/67132","67132","Pre-Workout Ignition Elite Series Fruit Punch","Six Star Pro Nutrition","6 31656 70246 0","0.53 lbs; 240 Gram(s)","6 Gram(s) [1-3 scoops]","Other Combinations [A1325]","Powder [E0162]","2016-11-21","On Market","Easy-to-use Use before workout Directions: Please read the entire directions before consuming and follow the tolerance protocol. Due to the potency of this formula, start off by assessing your tolerance first by mixing 1 serving (1 scoop) with 4 to 12 oz. of cold water and downing it about 30 minutes before your daily workout. Then increase the dosage to 2 and then 3 servings mixed with 8 to 12 oz. of cold water before your daily workout. Do not exceed 3 servings (3 scoops) in a 24-hour period."
"https://dsld.od.nih.gov/label/69559","69559","Non-GMO Pre-Workout West Coast Citrus","Propello Life","8 59619 00631 2","450 Gram(s)","15 Gram(s) [1 scoop]","Other Combinations [A1325]","Powder [E0162]","2017-01-25","On Market","Our favorite use for Pre-Workout is mixed with water as a pre-workout boost or as a morning pick-me-up. Recommended Use: For a delicious drink, mix one scoop of Pre-Workout with 8-10 ounces of cold water. Shake well and continue to shake while consuming, as the creatine may settle at the bottom."
"https://dsld.od.nih.gov/label/69666","69666","Mr Hyde Intense Energy Pre Workout Fruit Punch","PS ProSupps","6 17237 64041 3","1.3 oz.; 38 Gram(s)","7.5 Gram(s) [1 scoop]","Other Combinations [A1325]","Powder [E0162]","2017-01-25","On Market","Suggested Use: As a dietary supplement, mix 1 scoop of MrHyde with 8 oz. of cold water. Consume 15 to 30 minutes before exercise. Do not consume MrHyde withing 4 hours prior to bedtime. Do not take any other products that contain caffeine or any other stimulants while taking MrHydre."
"https://dsld.od.nih.gov/label/72818","72818","Pre Workout Blue Raspberry","Hard Rhino","7 98711 49951 9","253.6 Gram(s); 0.56 lbs","8.44 Gram(s) [2 scoops]","Other Combinations [A1325]","Powder [E0162]","2017-04-25","On Market","Suggested Use: Take one serving (2 scoops) mixed with 6-8 ounces of water 15-30 minutes prior to exercise. Do not exceed the suggested use."
"https://dsld.od.nih.gov/label/77227","77227","Pre-Workout Complex Blue Raspberry","Nutricost","7 02669 93355 1","527 Gram(s); 1.16 lbs","8.785 Gram(s) [1/2-2 scoop, 1 scoop SS]","Other Combinations [A1325]","Powder [E0162]","2017-08-22","On Market","(Please read the entire label before use)Recommended Use: As a dietary supplement, mix 1/2-1 1/2 scoops with 8-12 ounces of water. Consume 15-30 minutes before exercise.Do not exceed 2 scoops in any 24 hour period"
"https://dsld.od.nih.gov/label/77261","77261","Pre-Workout For Women Strawberry","Nutricost","7 02669 93333 9","440 Gram(s); 0.97 lbs","7.33 Gram(s) [1/2-2 scoop, 1 scoop SS]","Other Combinations [A1325]","Powder [E0162]","2017-08-22","On Market","(Please read the entire label before use)Recommended Use: As a dietary Supplement, mix 1/2-1 1/2 scoops with 8-12 ounces of water. Consume 15-30 minutes before exercise.Do not exceed 2 scoops in any 24 hour period	"
"https://dsld.od.nih.gov/label/78988","78988","Clean Pre Workout Raspberry Lemonade Flavor","Trace Minerals Research","8 78941 00329 5","18.1 oz.; 1.1 lb; 514 Gram(s)","12.9 Gram(s) [1 scoop]","Other Combinations [A1325]","Powder [E0162]","2017-10-21","On Market","Suggested Use: Mix 1 level scoop with 8-10 ounces of water in a glass or shaker bottle and mix well. Drink 15-30 minutes before workout for best results. For higher intensity workouts, an additional serving may be taken."
"https://dsld.od.nih.gov/label/80043","80043","Best Pre Workout Apple Pear","BPI Sports","8 11213 02470 3","11.11 Oz(s); 315 Gram(s)","10.5 Gram(s) [1 scoop]","Other Combinations [A1325]","Powder [E0162]","2017-10-21","On Market","Please read entire label before use. Suggested Use: Take one (1) serving (1 scoop) approximately 15-30 minutes prior to training, blended into 8 ounces of cold water or beverage, or as suggested by a qualified healthcare practitioner."
"https://dsld.od.nih.gov/label/80048","80048","Best Pre Workout Blue Lemon Ice","BPI Sports","8 11213 02472 7","11.11 Oz(s); 315 Gram(s)","10.5 Gram(s) [1 scoop]","Other Combinations [A1325]","Powder [E0162]","2017-11-20","On Market","Please read entire label before use. Suggested Use: Take one (1) serving (1 scoop) approximately 15-30 minutes prior to training, blended into 8 ounces of cold water or beverage, or as suggested by a qualified healthcare practitioner."
"https://dsld.od.nih.gov/label/80052","80052","Best Pre Workout Tropical Freeze","BPI Sports","8 11213 02471 0","11.11 Oz(s); 315 Gram(s)","10.5 Gram(s) [1 scoop]","Other Combinations [A1325]","Powder [E0162]","2017-11-20","On Market","Please read entire label before use. Suggested Use: Take one (1) serving (1 scoop) approximately 15-30 minutes prior to training, blended into 8 ounces of cold water or beverage, or as suggested by a qualified healthcare practitioner."
"https://dsld.od.nih.gov/label/80062","80062","Best Pre Workout Watermelon Ice","BPI Sports","8 11213 02473 4","11.11 Oz(s); 315 Gram(s)","10.5 Gram(s) [1 scoop]","Other Combinations [A1325]","Powder [E0162]","2017-11-20","On Market","Please read entire label before use. Suggested Use: Take one (1) serving (1 scoop) approximately 15-30 minutes prior to training, blended into 8 ounces of cold water or beverage, or as suggested by a qualified healthcare practitioner."
"https://dsld.od.nih.gov/label/83160","83160","Volt Pre-Workout Berry Pomegranate","Neon Sport","8 10390 02096 6","300 Gram(s)","5 Gram(s) [1 scoop]","Other Combinations [A1325]","Powder [E0162]","2018-02-23","On Market","Suggested Use: Due to extreme potency, assess tolerance by mixing a single (1) scoop serving with 3-4 oz. of water for the first few days before adding additional scoops, especially if you are sensitive to stimulants. Do not exceed 3 scoops in any 24-hour period. Some individuals may experience a harmless tingling sensation from Volt's concentrated performance dose of beta alanine."
"https://dsld.od.nih.gov/label/83163","83163","Volt Pre-Workout Electric Punch","Neon Sport","8 10390 02302 8","225 Gram(s); 7.9 Oz(s)","5 Gram(s) [1 scoop]","Other Combinations [A1325]","Powder [E0162]","2018-02-23","On Market","Suggested Use: Due to extreme potency, assess tolerance by mixing a single (1) scoop serving with 3-4 oz. of water for the first few days before adding additional scoops, especially if you are sensitive to stimulants. Do not exceed 3 scoops in any 24-hour period. Some individuals may experience a harmless tingling sensation from Volt's concentrated performance dose of beta alanine."
"https://dsld.od.nih.gov/label/83164","83164","Volt Pre-Workout Electric Punch","Neon Sport","8 10390 02097 3","300 Gram(s)","5 Gram(s) [1 scoop]","Other Combinations [A1325]","Powder [E0162]","2018-02-23","On Market","Suggested Use: Due to extreme potency, assess tolerance by mixing a single (1) scoop serving with 3-4 oz. of water for the first few days before adding additional scoops, especially if you are sensitive to stimulants. Do not exceed 3 scoops in any 24-hour period. Some individuals may experience a harmless tingling sensation from Volt's concentrated performance dose of beta alanine."
"https://dsld.od.nih.gov/label/83165","83165","Volt Pre-Workout Lemon Berry","Neon Sport","8 10390 02278 6","180 Gram(s); 6.3 Oz(s)","5 Gram(s) [1 scoop]","Other Combinations [A1325]","Powder [E0162]","2018-02-23","On Market","Suggested Use: Due to extreme potency, assess tolerance by mixing a single (1) scoop serving with 3-4 oz. of water for the first few days before adding additional scoops, especially if you are sensitive to stimulants. Do not exceed 3 scoops in any 24-hour period. Some individuals may experience a harmless tingling sensation from Volt's concentrated performance dose of beta alanine."
"https://dsld.od.nih.gov/label/83166","83166","Volt Pre-Workout Watermelon","Neon Sport","8 10390 02098 0","300 Gram(s)","5 Gram(s) [1 scoop]","Other Combinations [A1325]","Powder [E0162]","2018-02-23","On Market","Suggested Use: Due to extreme potency, assess tolerance by mixing a single (1) scoop serving with 3-4 oz. of water for the first few days before adding additional scoops, especially if you are sensitive to stimulants. Do not exceed 3 scoops in any 24-hour period. Some individuals may experience a harmless tingling sensation from Volt's concentrated performance dose of beta alanine."
"https://dsld.od.nih.gov/label/177232","177232","Organic Pre-Workout Apple Ginger","Natural Force","8 15044 02003 3","3.31 oz.; 94 Gram(s)","4.7 Gram(s) [approx 1 scoop]","Other Combinations [A1325]","Powder [E0162]","2018-05-24","On Market","Directions:Mix one scoop with 16 oz. of cold water. For best results, use in a shaker bottle with ice. Consume 20 minutes before your workout. Do not consume more than two servings in a 24 hour period. For the ultimate pre-workout experience, this product can be combined with Natural Force Cordyceps Pro."
"https://dsld.od.nih.gov/label/177235","177235","Organic Pre-Workout Black Cherry","Natural Force","8 15044 02038 5","3.22 oz.; 91.2 Gram(s)","4.56 Gram(s) [approx 1 scoop]","Other Combinations [A1325]","Powder [E0162]","2018-05-24","On Market","Directions:Mix one scoop with 16 oz. of cold water. For best results, use in a shaker bottle with ice. Consume 20 minutes before your workout. Do not consume more than two servings in a 24 hour period. For the ultimate pre-workout experience, this product can be combined with Natural Force Cordyceps Pro."
"https://dsld.od.nih.gov/label/177236","177236","Organic Pre-Workout Chocolate","Natural Force","8 15044 02004 0","8.24 oz.; 233.6 Gram(s)","11.68 Gram(s) [approx 1 scoop]","Other Combinations [A1325]","Powder [E0162]","2018-05-24","On Market","Directions:Mix one scoop with 16 oz. of cold water. For best results, use in a shaker bottle with ice. Consume 20 minutes before your workout. Do not consume more than two servings in a 24 hour period. For the ultimate pre-workout experience, this product can be combined with Natural Force Cordyceps Pro."
"https://dsld.od.nih.gov/label/180041","180041","E.S.P. Pre-Workout Blue Raspberry","Metabolic Nutrition","7 64779 23001 2","300 Gram(s)","3.3 Gram(s) [1 small scoop-1 large scoop]","Other Combinations [A1325]","Powder [E0162]","2018-08-31","On Market","1 Dose DailyUse with CautionAssess Tolerance First Directions: Due to the strength of E.S.P. Pre-Workout please assess your tolerance by initially taking only 1 level serving of the small scoop with 5 oz of water 15 minutes prior to your workout. After assessment of your tolerance, if you require further energy stimulation, you may increase to 2 level small scoops with 10 oz of water...and once again access your tolerance. With caution, for maximum extreme energy release for advanced athletes or persons tolerant of high energy stimulants...you may take 1 level large scoop with 16 oz of water. Do not exceed one large scoop dosage in any 24 hour period. Do not take 4 hours prior to desired bedtime."
"https://dsld.od.nih.gov/label/180051","180051","E.S.P. Pre-Workout Fruit Punch","Metabolic Nutrition","7 64779 23002 9","300 Gram(s)","3.3 Gram(s) [1 small scoop-1 large scoop]","Other Combinations [A1325]","Powder [E0162]","2018-08-31","On Market","1 Dose DailyUse with CautionAssess Tolerance First Directions: Due to the strength of E.S.P. Pre-Workout please assess your tolerance by initially taking only 1 level serving of the small scoop with 5 oz of water 15 minutes prior to your workout. After assessment of your tolerance, if you require further energy stimulation, you may increase to 2 level small scoops with 10 oz of water...and once again access your tolerance. With caution, for maximum extreme energy release for advanced athletes or persons tolerant of high energy stimulants...you may take 1 level large scoop with 16 oz of water. Do not exceed one large scoop dosage in any 24 hour period. Do not take 4 hours prior to desired bedtime."
"https://dsld.od.nih.gov/label/180059","180059","E.S.P. Pre-Workout Green Apple","Metabolic Nutrition","7 64779 23003 6","300 Gram(s)","3.3 Gram(s) [1 small scoop-1 large scoop]","Other Combinations [A1325]","Powder [E0162]","2018-08-31","On Market","1 Dose DailyUse with CautionAssess Tolerance First Directions: Due to the strength of E.S.P. Pre-Workout please assess your tolerance by initially taking only 1 level serving of the small scoop with 5 oz of water 15 minutes prior to your workout. After assessment of your tolerance, if you require further energy stimulation, you may increase to 2 level small scoops with 10 oz of water...and once again access your tolerance. With caution, for maximum extreme energy release for advanced athletes or persons tolerant of high energy stimulants...you may take 1 level large scoop with 16 oz of water. Do not exceed one large scoop dosage in any 24 hour period. Do not take 4 hours prior to desired bedtime."
"https://dsld.od.nih.gov/label/180062","180062","E.S.P. Pre-Workout Watermelon","Metabolic Nutrition","7 64779 23004 3","300 Gram(s)","3.3 Gram(s) [1 small scoop-1 large scoop]","Other Combinations [A1325]","Powder [E0162]","2018-08-31","On Market","1 Dose DailyUse with CautionAssess Tolerance First Directions: Due to the strength of E.S.P. Pre-Workout please assess your tolerance by initially taking only 1 level serving of the small scoop with 5 oz of water 15 minutes prior to your workout. After assessment of your tolerance, if you require further energy stimulation, you may increase to 2 level small scoops with 10 oz of water...and once again access your tolerance. With caution, for maximum extreme energy release for advanced athletes or persons tolerant of high energy stimulants...you may take 1 level large scoop with 16 oz of water. Do not exceed one large scoop dosage in any 24 hour period. Do not take 4 hours prior to desired bedtime."
"https://dsld.od.nih.gov/label/181976","181976","Weapon-X Pre-Workout Extreme","ATS Labs","","200 Gram(s)","1 Scoop(s)","Other Combinations [A1325]","Powder [E0162]","2018-10-25","On Market",""
"https://dsld.od.nih.gov/label/182473","182473","Rainmaker Extreme Energy Pre-Workout Raspberry Lemonade","Axis Labs","7 35548 39041 1","252 Gram(s); 8.9 oz.","8.4 Gram(s) [1-2 scoops]","Other Combinations [A1325]","Powder [E0162]","2018-10-25","On Market","As a dietary supplement, mix one (1) scoop with 8 to 12 oz. of water thirty (30) minutes before your workout. Once you've assessed a comfortable tolerance with one (1) serving, you can increase your serving to one and one-half (1.5) to two (2) scoops in subsequent workouts with 16 to 24 oz. of water thirty (30) minutes prior workout. Never exceed two (2) scoops in a 24-hour period. Do not combine with any additional caffeine. To avoid sleeplessness, do not consume within four (4) hours of bedtime."
"https://dsld.od.nih.gov/label/182570","182570","Rainmaker Extreme Energy Pre-Workout Sour Apple","Axis Labs","7 35548 39040 4","246 Gram(s); 8.7 oz.","8.2 Gram(s) [1-2 scoops]","Other Combinations [A1325]","Powder [E0162]","2018-10-25","On Market","As a dietary supplement, mix one (1) scoop with 8 to 12 oz. of water thirty (30) minutes before your workout. Once you've assessed a comfortable tolerance with one (1) serving, you can increase your serving to one and one-half (1.5) to two (2) scoops in subsequent workouts with 16 to 24 oz. of water thirty (30) minutes prior workout. Never exceed two (2) scoops in a 24-hour period. Do not combine with any additional caffeine. To avoid sleeplessness, do not consume within four (4) hours of bedtime."
"https://dsld.od.nih.gov/label/182654","182654","Pre-Workout Watermelon","Ascent","8 15863 02030 6","12.7 oz.; 360 Gram(s)","12 Gram(s) [1 rounded scoop]","Other Combinations [A1325]","Powder [E0162]","2018-10-25","On Market","Mixing instructionsMixing instructions: Mix one scoop into 8 oz. of water and gently shake to mix. Add additional water as desired for taste. Consume 20-30 min before your workout."
"https://dsld.od.nih.gov/label/182657","182657","Pre-Workout Raspberry Lemonade","Ascent","8 15863 02028 3","12.7 oz.; 360 Gram(s)","12 Gram(s) [1 rounded scoop]","Other Combinations [A1325]","Powder [E0162]","2018-11-21","On Market","Mixing instructionsMixing instructions: Mix one scoop into 8 oz. of water and gently shake to mix. Add additional water as desired for taste. Consume 20-30 min before your workout."
"https://dsld.od.nih.gov/label/182691","182691","Rainmaker Extreme Energy Pre-Workout Raspberry Lemonade","Axis Labs","7 35548 39236 1","12.6 Gram(s); 0.44 oz.","6.3 Gram(s) [serving size 8.4g]","Other Combinations [A1325]","Powder [E0162]","2018-10-25","On Market","As a dietary supplement, mix one (1) packet with 12 oz. of water thirty (30) minutes prior to your workout. Do not combine with any additional caffeine. If you are sensitive to stimulants, consider consuming only half or two-thirds of the contents. To avoid sleeplessness, do not consume within four (4) hours of bedtime."
"https://dsld.od.nih.gov/label/182705","182705","Rainmaker Extreme Energy Pre-Workout Sour Apple","Axis Labs","7 35548 39042 8","12.3 Gram(s); 0.44 oz.","12.3 Gram(s) [serving size 8.2g]","Other Combinations [A1325]","Powder [E0162]","2018-11-21","On Market","As a dietary supplement, mix one (1) packet with 12 oz. of water thirty (30) minutes prior to your workout. Do not combine with any additional caffeine. If you are sensitive to stimulants, consider consuming only half or two-thirds of the contents. To avoid sleeplessness, do not consume within four (4) hours of bedtime."
"https://dsld.od.nih.gov/label/200650","200650","InstaGator Pre-Workout Coconut Margarita","Northbound Nutrition","8 57773 00714 5","10.26 oz.; 291 Gram(s)","9.7 Gram(s) [1 scoop]","Other Combinations [A1325]","Powder [E0162]","2019-04-25","On Market","To ensure proper mixture, shake well before use. Suggested use: Mix 1 scoop in 4-8 oz. of water; consume 20-30 minutes before training or physical activity. Do not exceed 1 scoop daily."
"https://dsld.od.nih.gov/label/200653","200653","InstaGator Pre-Workout Whipped Orange Cream","Northbound Nutrition","8 57773 00715 2","10.26 oz.; 291 Gram(s)","9.7 Gram(s) [1 scoop]","Other Combinations [A1325]","Powder [E0162]","2019-04-25","On Market","To ensure proper mixture, shake well before use. Suggested use: Mix 1 scoop in 4-8 oz. of water; consume 20-30 minutes before training or physical activity. Do not exceed 1 scoop daily."
"https://dsld.od.nih.gov/label/200655","200655","InstaGator Pre-Workout Rainbow Sherbet","Northbound Nutrition","8 57773 00713 8","10.26 oz.; 291 Gram(s)","9.7 Gram(s) [1 scoop]","Other Combinations [A1325]","Powder [E0162]","2019-04-25","On Market","To ensure proper mixture, shake well before use. Suggested use: Mix 1 scoop in 4-8 oz. of water; consume 20-30 minutes before training or physical activity. Do not exceed 1 scoop daily."
"https://dsld.od.nih.gov/label/202315","202315","Pre-Workout Citrus Dew","Alani Nu","8 50645 00815 8","10.58 Oz(s); 300 Gram(s)","5 Gram(s) [1/2-1 scoop]","Other Combinations [A1325]","Powder [E0162]","2019-06-24","On Market","Suggested Use: Mix 1/2 scoop in 6-8oz water 20-30 minutes before your workout. Once tolerance has been assessed, you may use one full serving (1 scoop)."
"https://dsld.od.nih.gov/label/202318","202318","Pre-Workout Cotton Candy Grape","Alani Nu","8 50645 00809 7","10.37 Oz(s); 294 Gram(s)","4.9 Gram(s) [1/2-1 scoop]","Other Combinations [A1325]","Powder [E0162]","2019-05-28","On Market","Suggested Use: Mix 1/2 scoop in 6-8oz water 20-30 minutes before your workout. Once tolerance has been assessed, you may use one full serving (1 scoop)."
"https://dsld.od.nih.gov/label/202582","202582","Intense Pre-Workout Boost Citrus Burst Flavored","XS Energize","8 54143 00602 9","1 lb; 454 Gram(s)","15 Gram(s) [1 scoop]","Other Combinations [A1325]","Powder [E0162]","2019-06-24","On Market","Instructions: Mix 1 level scoop in 12-15 fl oz of water or juice. Consume immediately.No more than 2 servings per day."
"https://dsld.od.nih.gov/label/202960","202960","Pre Workout Tropical Pineapple","Bodybuilding.com Signature","8 53002 00792 4","14.82 oz.; 420 Gram(s)","14 Gram(s) [1 scoop]","Other Combinations [A1325]","Powder [E0162]","2019-05-28","On Market","Directions for use: Shake well before each use. Add about 1 scoop (14 grams) to 8 ounces of cold water and mix thoroughly. Enjoy 30 minutes before your workout."
"https://dsld.od.nih.gov/label/203233","203233","Pre Workout Blueberry Lemonade","Bodybuilding.com Signature","8 53002 00789 4","14.82 oz.; 420 Gram(s)","14 Gram(s) [1 scoop]","Other Combinations [A1325]","Powder [E0162]","2019-05-28","On Market","Directions for use: Shake well before each use. Add about 1 scoop (14 grams) to 8 ounces of cold water and mix thoroughly. Enjoy 30 minutes before your workout."
"https://dsld.od.nih.gov/label/204332","204332","Pre Workout Grape Flavor","Extreme Edge","7 43715 01791 7","0.35 Oz(s); 10 Gram(s)","10 Gram(s) [1 packet]","Other Combinations [A1325]","Powder [E0162]","2019-07-24","On Market","Directions: As a dietary supplement, add one packet (10 g) to 8 fl oz of water, juice or sports drink and mix or shake until smooth. For best results, liquid should be very cold. Mixes instantly without the use of a blender. For extreme results, take on an empty stomach about 15 to 30 minutes prior to workout."
"https://dsld.od.nih.gov/label/204384","204384","Pre Workout Strawberry Kiwi Flavor","Extreme Edge by Bluebonnet","7 43715 01796 2","1 Packet(s); 0.35 Oz(s); 10 Gram(s)","10 Gram(s) [1 scoop]","Other Combinations [A1325]","Powder [E0162]","2019-07-24","On Market","As a dietary supplement, add one packet (10 g) to 8 fl oz of water,juice or sports drink and mix or shake until smooth. For best results, liquid should be very cold. Mixes instantly without the use of a blender. For extreme results, take on an empty stomach about 15 to 30 minutes prior to workout."
"https://dsld.od.nih.gov/label/204391","204391","Pre Workout Strawberry Kiwi Flavor","Extreme Edge","7 43715 01797 9","20 Packet(s)","10 Gram(s) [1 scoop]","Other Combinations [A1325]","Powder [E0162]","2019-07-24","On Market","As a dietary supplement, add one packet (10 g) to 8 fl oz of water, juice or sports drink and mix or shake until smooth. For best results, liquid should be very cold. Mixes instantly without the use of a blender. For extreme results, take on a empty stomach about 15 to 30 minutes prior to workout."
"https://dsld.od.nih.gov/label/205171","205171","Amino Power Pre-Workout Natural Raspberry","NOW Sports","7 33739 02009 3","600 Gram(s); 21.16 oz.","18 Gram(s) [1 scoop]","Other Combinations [A1325]","Powder [E0162]","2019-07-24","On Market","Suggested Usage: For Pre-Workout Energy Support: Mix 1 level scoop of Amino Power in 14 to 16 oz. of water or other beverage 20-30 minutes before workout. For Post-Workout Amino Support: At least 4 hours after initial pre-workout dose, mix 1 level scoop of Amino Power in 14 to 16 oz. of water or other beverage."
"https://dsld.od.nih.gov/label/206189","206189","Super Charge! Pre-Workout Grape","Labrada","7 10779 44497 3","1.38 lbs; 625 Gram(s)","25 Gram(s) [1 scoop]","Other Combinations [A1325]","Powder [E0162]","2020-01-25","On Market","Suggested Use: Use daily for best results. Mix 1 scoop with 10-12 oz. of water. Drink 30 minutes prior to exercise. To avoid sleeplessness, do not consume in the evening."
"https://dsld.od.nih.gov/label/206191","206191","Super Charge! Pre-Workout Watermelon","Labrada","7 10779 44500 0","1.38 lbs; 625 Gram(s)","25 Gram(s) [1 scoop]","Other Combinations [A1325]","Powder [E0162]","2020-01-25","On Market","Suggested Use: Use daily for best results. Mix 1 scoop with 10-12 oz. of water. Drink 30 minutes prior to exercise. To avoid sleeplessness, do not consume in the evening."
"https://dsld.od.nih.gov/label/207647","207647","Pre Workout Blue Raspberry","Bodybuilding.com Signature","8 53002 00751 1","14.29 Oz(s); 405 Gram(s)","13.5 Gram(s) [1 scoop]","Other Combinations [A1325]","Powder [E0162]","2019-10-23","On Market","Directions for Use: As a dietary supplement, mix 1 level scoop of Signature Pre Workout in 8oz. of cold water. Drink 30 minutes before workout."
"https://dsld.od.nih.gov/label/207651","207651","Pre Workout Cherry Limeade","Bodybuilding.com Signature","8 53002 00752 8","14.49 Oz(s); 411 Gram(s)","13.7 Gram(s) [1 scoop]","Other Combinations [A1325]","Powder [E0162]","2019-10-23","On Market","Directions for Use: As a dietary supplement, mix 1 level scoop of Signature Pre Workout in 8oz. of cold water. Drink 30 minutes before workout."
"https://dsld.od.nih.gov/label/207680","207680","Pre Workout Fruit Punch","Bodybuilding.com Signature","8 53002 00753 5","14.48 Oz(s); 402 Gram(s)","13.4 tsp [1 scoop]","Other Combinations [A1325]","Powder [E0162]","2019-10-23","On Market","Directions for Use: As a dietary supplement, mix 1 level scoop of Signature Pre Workout in 8oz. of cold water. Drink 30 minutes before workout."
"https://dsld.od.nih.gov/label/210095","210095","Clash Fully Loaded Pre-Workout","MTS Nutrition","","16.4 Ounce(s); 466 Gram(s)","23.3 Gram(s) [1 Scoop]","Other Combinations [A1325]","Powder [E0162]","2019-12-22","On Market",""
"https://dsld.od.nih.gov/label/213960","213960","Natural Pre Workout Carnival Candy","NorthBound Nutrition","8 57773 00741 1","12.35 oz; 350 Gram(s)","14 Gram(s) [1 Scoop]","Other Combinations [A1325]","Powder [E0162]","2020-02-26","On Market","To ensure proper mixture, shake well before use. Suggested Use: Mix 1 scoop in 6-8 oz. of water; Consume 20-30 minutes before training or physical activity. Do not exceed 1 scoop daily."
"https://dsld.od.nih.gov/label/213962","213962","Natural Pre Workout Island Mist","NorthBound Nutrition","8 57773 00740 4","12.35 oz; 350 Gram(s)","14 Gram(s) [1 Scoop]","Other Combinations [A1325]","Powder [E0162]","2020-02-26","On Market","To ensure proper mixture, shake well before use. Suggested Use: Mix 1 scoop in 6-8 oz. of water; Consume 20-30 minutes before training or physical activity. Do not exceed 1 scoop daily."
"https://dsld.od.nih.gov/label/213966","213966","Pinnacle Pre-Workout Maui Crush","NorthBound Nutrition","8 57773 00738 1","1.17 lb(s); 532 Gram(s)","13.3 Gram(s) [1/2-1 scoop]","Other Combinations [A1325]","Powder [E0162]","2020-02-26","On Market","To ensure proper mixture, shake well before use. Suggested Use: Mix 1/2-1 scoop in 8-12 oz. of water;Consume 20-30 minutes before training. Due to the potency of this product, it's recommended to begin use with 1/2 scoop to assess tolerance.Do not exceed 1 scoop daily."
"https://dsld.od.nih.gov/label/213970","213970","Pinnacle Pre-Workout Pink Slushee","NorthBound Nutrition","8 64722 00025 6","1.17 lb(s); 532 Gram(s)","13.3 Gram(s) [1/2-1 scoop]","Other Combinations [A1325]","Powder [E0162]","2020-02-26","On Market","To ensure proper mixture, shake well before use. Suggested Use: Mix 1/2-1 scoop in 8-12 oz. of water; Consume 20-30 minutes before training. Due to the potency of this product, it's recommended to begin use with 1/2 scoop to assess tolerance. Do not exceed 1 scoop daily."
"https://dsld.od.nih.gov/label/215456","215456","Ketogenic Pre-Workout Pink Lemonade","VMI Sports Keto Series","8 50748 00583 2","232 Gram(s); 8.18 Oz(s)","11.6 Gram(s) [1 Scoop]","Other Combinations [A1325]","Powder [E0162]","2020-03-24","On Market","Suggested use: Mix one (1) scoop in 8-16 oz. of water (adjust water to personal taste preference), then shake or stir well & consume prior to physical exercise. For best results, use two (2) scoops per day. Do not consume within 4 hours prior to sleep/bedtime Use only as suggested and do not exceed recommended dosage."
"https://dsld.od.nih.gov/label/215460","215460","Ketogenic Pre-Workout Star Berry Savers","VMI Sports Keto Series","8 50748 00584 9","234 Gram(s); 8.25 Oz(s)","11.7 Gram(s) [1 Scoop]","Other Combinations [A1325]","Powder [E0162]","2020-03-24","On Market","Suggested use: Mix one (1) scoop in 8-16 oz. of water (adjust water to personal taste preference), then shake or stir well & consume prior to physical exercise. For best results, use two (2) scoops per day. Do not consume within 4 hours prior to sleep/bedtime. Avoid consuming in conjunction with other caffeinated products. Use only as suggested and do not exceed recommended dosage."
"https://dsld.od.nih.gov/label/215633","215633","K-XR Pre-Workout Miami Vice","VMI Sports Black Series","8 50748 00539 9","231 Gram(s); 8.1 Oz(s)","3.85 Gram(s) [1/2-1 scoop]","Other Combinations [A1325]","Powder [E0162]","2020-03-24","On Market","Suggested use: To assess tolerance, start by using one half of a scoop mixed in 6-8 ounces of water & consume 15-20 minutes prior to physical activity/weight training. For normal suggested use, mix 1 full scoop into 10-20 ounces of water approximately 15-20 minutes prior to physical activity/weight training. Do not exceed 1 scoop/serving within 8 hours and do not consume more than 2 scoops in any 24 hour period."
"https://dsld.od.nih.gov/label/218901","218901","Keto Pre-Workout Watermelon Chill","Sheer Strength Labs Keto Series","8 50009 00745 2","8.36 Ounce(s); 237 Gram(s)","11.9 Gram(s) [1 Scoop]","Other Combinations [A1325]","Powder [E0162]","2020-04-23","On Market","Directed use on training days:Taking one rounded scoop (11.9g) with 8oz. of water (adjust water to desired taste) 20-30 minutes before training. During your workout, it is recommended that you drink plenty of water. Do not exceed recommended daily intake. Use only as directed."
"https://dsld.od.nih.gov/label/229010","229010","Bucked Up Pre-Workout Blue Raz","DAS Labs","8 51005 00701 9","11.11 Oz(s); 315 Gram(s)","10.49 Gram(s) [1 Scoop]","Other Combinations [A1325]","Powder [E0162]","2020-06-24","On Market","Recommended Dosage & Directions:Mix 1 well rounded scoop of Bucked Up into 6-8 oz of water 15-30 minutes prior to physical activity. Due to its potency, we recommend taking no more than 1 scoop. Do not exceed 2 scoops in a 24 hour period."
"https://dsld.od.nih.gov/label/229016","229016","Bucked Up Pre-Workout Gym N' Juice","DAS Labs","8 11374 03084 1","11.16 Oz(s); 316.5 Gram(s)","10.55 Gram(s) [1 Scoop]","Other Combinations [A1325]","Powder [E0162]","2020-06-24","On Market","Recommended Dosage & Directions:Mix 1 well rounded scoop of Bucked Up into 6-8 oz of water 15-30 minutes prior to physical activity. Due to its potency, we recommend taking no more than 1 scoop. Do not exceed 2 scoops in a 24 hour period."
"https://dsld.od.nih.gov/label/229018","229018","Bucked Up Pre-Workout 'Merica Rocket Pop","DAS Labs","8 51005 00753 8","11.11 Oz(s); 315 Gram(s)","10.49 Gram(s) [1 Scoop]","Other Combinations [A1325]","Powder [E0162]","2020-06-24","On Market","Recommended Dosage & Directions:Mix 1 well rounded scoop of Bucked Up into 6-8 oz of water 15-30 minutes prior to physical activity. Due to its potency, we recommend taking no more than 1 scoop."
"https://dsld.od.nih.gov/label/229041","229041","Bucked Up Pre-Workout Strawberry Kiwi","DAS Labs","8 11374 03088 9","11.18 Oz(s); 316.95 Gram(s)","10.57 Gram(s) [1 Scoop]","Other Combinations [A1325]","Powder [E0162]","2020-06-24","On Market","Recommended Dosage & Directions:Mix 1 well rounded scoop of Bucked Up into 6-8 oz of water 15-30 minutes prior to physical activity. Due to its potency, we recommend taking no more than 1 scoop. Do not exceed 2 scoops in a 24 hour period."
"https://dsld.od.nih.gov/label/229051","229051","Bucked Up Pre-Workout Watermelon","DAS Labs","8 51005 00700 2","11.04 Oz(s); 312 Gram(s)","10.39 Gram(s) [1 Scoop]","Other Combinations [A1325]","Powder [E0162]","2020-06-24","On Market","Recommended Dosage & Directions:Mix 1 well rounded scoop of Bucked Up into 6-8 oz of water 15-30 minutes prior to physical activity. Due to its potency, we recommend taking no more than 1 scoop. Do not exceed 2 scoops in a 24 hour period."
"https://dsld.od.nih.gov/label/230324","230324","NitroSurge Pre-Workout Blue Raspberry","Jacked Factory","6 28250 67016 5","10 oz.; 285 Gram(s)","9.5 Gram(s) [1-2 scoops]","Other Combinations [A1325]","Powder [E0162]","2020-07-23","On Market","1 scoop/2 scoops6-8 oz water/12-16 oz water1x dailyDirections: Mix 1 serving (1 scoop) of Nitrosurge with 6-8 oz of water 30-40 minutes before your workout. For maximum results, mix 2 servings (2 scoops) with 12-16 oz of water 30-40 minutes before your workout."
"https://dsld.od.nih.gov/label/233622","233622","Helios Pre Workout Atomic Bombsicle","DNM Nutra Incorporated","","245 Gram(s); 8.64 Oz(s)","11.7 Gram(s) [1 Scoop]","Other Combinations [A1325]","Powder [E0162]","2020-09-25","On Market",""
"https://dsld.od.nih.gov/label/233626","233626","Helios Pre Workout Blue Razz","DNM Nutra Incorporated","","351 Gram(s); 12.38 Oz(s)","11.7 Gram(s) [1 Scoop]","Other Combinations [A1325]","Powder [E0162]","2020-10-23","On Market",""
"https://dsld.od.nih.gov/label/235589","235589","Hooligan Extreme Pre-Workout Formula Strawberry Margarita","Apollon Nutrition","8 50862 00701 9","14.1 oz; 400 Gram(s)","20 Gram(s) [1 scoop]","Other Combinations [A1325]","Powder [E0162]","2020-09-25","On Market","Suggested use: As a dietary supplement, mix 1 scoop with 8-10 oz of water and consume approximately 30 minutes before beginning your workout."
"https://dsld.od.nih.gov/label/239974","239974","5150 High Stimulant Pre-Workout Green Apple","Rich Piana 5% Nutrition","","13.44 Oz(s); 381 Gram(s)","12.7 Gram(s) [1 Scoop]","Other Combinations [A1325]","Powder [E0162]","2020-11-21","On Market","What are the directions for using 5150?Mix one serving (one scoop) of 5150 pre-workout with 6-8 ounces of cold water and drink 20-30 minutes before training. Faster absorption on an empty stomach. To avoid sleeplessness, do not take within 4 hours of bedtime."
"https://dsld.od.nih.gov/label/240233","240233","Pre Workout Raspberry Punch","Max Effort Muscle","","369 Gram(s)","12.2 Gram(s)","Other Combinations [A1325]","Powder [E0162]","2020-12-26","On Market","Suggested Usage:Mix one scoop Pre-Workout in 12-16 oz. of water and consume 20-30 minutes before working out."
"https://dsld.od.nih.gov/label/242064","242064","Savage Pre-Workout Blue Raspberry","Northeast Nutrition","","337.5 Gram(s); 12.05 Ounce(s)","13.5 Gram(s) [1 Scoop]","Other Combinations [A1325]","Powder [E0162]","2020-12-26","On Market",""
"https://dsld.od.nih.gov/label/243793","243793","Klean Pre-Workout Natural Lemon Tea Flavor","Klean Athlete","3 10539 97950 1","100 Gram(s); 3.5 Ounce(s); 10 Sachet(s)","10 Gram(s) [1 Sachet]","Other Combinations [A1325]","Powder [E0162]","2021-02-25","On Market","Suggested Usage: As a dietary supplement, adults mix 1 sachet into 6-8 oz of water approximately 30 minutes before exercise or as directed by a trainer, coach or health professional."
"https://dsld.od.nih.gov/label/243942","243942","Organic Pre-Workout Passionfruit Guava","Organic Muscle","7 88454 26719 3","160 Gram(s)","8 Gram(s) [1 Scoop]","Other Combinations [A1325]","Powder [E0162]","2021-02-25","On Market","Directions: Mix one scoop with 10-14 ounces of water in a shaker cup. Consume 30 minutes before workout."
"https://dsld.od.nih.gov/label/243944","243944","Organic Pre-Workout Strawberry Mango","Organic Muscle","7 42309 82709 3","160 Gram(s)","8 Gram(s) [1 Scoop]","Other Combinations [A1325]","Powder [E0162]","2021-02-25","On Market","Directions: Mix one scoop with 10-14 ounces of water in a shaker cup. Consume 30 minutes before workout."
"https://dsld.od.nih.gov/label/243982","243982","Klean Pre-Workout Natural Lemon Tea Flavor","Klean Athlete","3 10539 97873 3","200 Gram(s); 7 Oz(s)","10 Gram(s) [1 Scoop]","Other Combinations [A1325]","Powder [E0162]","2021-02-25","On Market","Suggested Use: As a dietary supplement, adults take 1 scoop mixed into 6-8 oz of water approximately 30 minutes before exercise or as directed by a trainer, coach or health professional."
"https://dsld.od.nih.gov/label/244013","244013","Pre-Workout Pink Blast","Ryse Up Sports Nutrition","8 60064 00060 2","332 Gram(s); 11.7 Ounce(s)","16.4 Gram(s) [Approximately 1 scoop]","Other Combinations [A1325]","Powder [E0162]","2021-02-25","On Market","Beginners take 1/2 scoop to assess tolerance Suggested Use: Mix 1 scoop with 10-12 ounces of water or favorite beverage. Vary amount of liquid to taste. Consume 15-30 minutes prior to exercise.Suggested Usage: Mix one serving in 10-12 oz of colder water in a shaker or glass and consume 15-30 minutes prior to exercise. If necessary, you may adjust the water level to achieve your desired level of sweetness and flavor."
"https://dsld.od.nih.gov/label/244022","244022","Pre-Workout Electric Lemonade","Ryse Up Sports Nutrition","8 60064 00060 2","328 Gram(s); 11.6 Ounce(s)","16.4 Gram(s) [Approximately 1 scoop]","Other Combinations [A1325]","Powder [E0162]","2021-02-25","On Market","Beginners take 1/2 scoop to assess tolerance Suggested Use: Mix 1 scoop with 10-12 ounces of water or favorite beverage. Vary amount of liquid to taste. Consume 15-30 minutes prior to exercise.Suggested Usage: Mix one serving in 10-12 oz of colder water in a shaker or glass and consume 15-30 minutes prior to exercise. If necessary, you may adjust the water level to achieve your desired level of sweetness and flavor."
"https://dsld.od.nih.gov/label/244118","244118","Sasquatch Pre-Workout","Purity Products","","11.9 Ounce(s); 338 Gram(s)","16.9 Gram(s) [1 Scoop]","Other Combinations [A1325]","Powder [E0162]","2021-02-25","On Market",""
"https://dsld.od.nih.gov/label/245694","245694","Energizing Pre-Workout Pink Lemonade","BodyLogix","6 94422 03008 2","8.47 Ounce(s); 240 Gram(s)","8 Gram(s) [1 scoop]","Other Combinations [A1325]","Powder [E0162]","2021-03-25","On Market","Suggested UseAs a dietary supplement, mix one scoop (8 g) with 4-6 oz. of cold water (vary the amount of water to achieve your desired taste and sweetness level). Consume 20-30 minutes before training. To achieve maximum results, take on an empty stomach. During your workout, it is recommended that you drink plenty of water. Do not consume within four hours before bedtime. Storage and Maintenance: Due to the amount of active ingredients in this product, shake before use to ensure proper ingredient mixture and effectiveness per dose."
"https://dsld.od.nih.gov/label/246833","246833","Zuum Pre-Workout Sour Green Apple","UMZU","8 50015 51436 4","334 Gram(s); 11.78 Oz(s); 0.73 lb(s)","15.8 Gram(s) [1 scoop; do not exceed 2 scoops per day]","Other Combinations [A1325]","Powder [E0162]","2021-03-25","On Market","Suggested use: Do not exceed 2 scoops per day. Mix each scoop (serving) of Zuum with 6-8oz of water or beverage of choice. Start with 1 scoop or less to assess your tolerance. Consume prior to exercise on training days."
"https://dsld.od.nih.gov/label/247878","247878","Pre-Workout Aloha Pineapple","Alani Nu","8 50645 00803 5","10.34 oz; 293 Gram(s)","0.5 Scoop(s) [9.6g]","Other Combinations [A1325]","Powder [E0162]","2021-07-27","On Market","Suggested use: Mix 1/2 scoop in 6-8oz water 20-30 minutes before your workout. Once tolerance has been assessed, you may use one full serving (1 scoop).A slight tingling sensation is normal and is due to the beta alanine. Be sure to stay hydrated and have a great workout!"
"https://dsld.od.nih.gov/label/248858","248858","Wrecked Pre-Workout Rainbow Burst","Huge Nutrition","","527.5 Gram(s); 18.61 Ounce(s)","21.1 Gram(s) [1 Packet/Scoop]","Other Combinations [A1325]","Powder [E0162]","2021-04-22","On Market","Suggested Use:As a dietary supplement, take one (1) scoop with 8-12 fl oz of water. New users may wish to assess tolerance with 1/2 scoop."
"https://dsld.od.nih.gov/label/248861","248861","Bucked Up Pre-Workout Grape Gainz","DAS Labs","8 51005 00737 8","11.4 Ounce(s); 323.7 Gram(s)","10.79 Gram(s) [1 Scoop]","Other Combinations [A1325]","Powder [E0162]","2021-04-22","On Market","Recommended dosage & directions: Mix 1 well rounded scoop of Bucked Up into 6-8oz of water 15-30 minutes prior to physical activity. Due to it's potency, we recommend taking no more than 1 scoop. Do not exceed 2 scoops in 24 hour period."
"https://dsld.od.nih.gov/label/248864","248864","Spazmatic Pre-Workout Drink Watermelon Taffy","Tim Muriello's","","12.38 Ounce(s); 351 Gram(s)","11.7 Gram(s) [1 Scoop]","Other Combinations [A1325]","Powder [E0162]","2021-04-22","On Market",""
"https://dsld.od.nih.gov/label/249302","249302","Rage Extreme Pre-Workout Pineapple Splash","Muscle Miltia","","250 Gram(s); 8.8 Ounce(s)","10 Gram(s) [1 Scoop]","Other Combinations [A1325]","Powder [E0162]","2021-06-23","On Market",""
"https://dsld.od.nih.gov/label/249994","249994","Black Powder Pre Workout","MRI Performance","8 50008 77703 5","1.83 lb(s); 828 Gram(s)","13.8 Gram(s) [1 Scoop], 27.6 Gram(s) [2 Scoops]","Other Combinations [A1325]","Powder [E0162]","2021-06-23","On Market","Directions: On training days, adhere to the serving chart below. Mix with 4-6 oz. of water. Daily Serving ChartBeginner1 serving (1 scoop) 0-30 minutes before your workoutAdvanced2 servings (2 scoops) 0-30 minutes before your workout"
"https://dsld.od.nih.gov/label/252036","252036","Gainful Pre-Workout Sour Watermelon","G Gainful","","140 Gram(s); 4.9 Ounce(s)","10 Gram(s) [1 rounded scoop]","Other Combinations [A1325]","Powder [E0162]","2021-07-27","On Market",""
"https://dsld.od.nih.gov/label/255344","255344","Gold Standard Pre-Workout Fruit Punch","Optimum Nutrition ","","10.58 oz; 300 Gram(s)","10 Gram(s) [About 1 Scoop]","Other Combinations [A1325]","Powder [E0162]","2021-07-27","On Market","10 grams about 1 scoop Gold Standard Pre-workout6-8 fl oz cold water30 seconds mix until dissolved"
"https://dsld.od.nih.gov/label/256278","256278","Bucked Up Pre-Workout Blue Snow Cone","DAS Labs","8 11374 03625 6","10.9 Ounce(s); 309 Gram(s)","10.3 Gram(s) [1 Scoop]","Other Combinations [A1325]","Powder [E0162]","2021-11-19","On Market","Recommended Dosage & Directions:Mix 1 well rounded scoop of Bucked Up into 6-8 oz of water 15-30 minutes prior to physical activity. Due to its potency, we recommend taking no more than 1 scoop. Do not exceed 2 scoops in a 24-hour period."
"https://dsld.od.nih.gov/label/256288","256288","Bucked Up Pre-Workout Red Snow Cone","DAS Labs","8 11374 03626 3","11.32 Oz(s); 321 Gram(s)","10.7 Gram(s) [1 Scoop]","Other Combinations [A1325]","Powder [E0162]","2021-10-22","On Market","Recommended Dosage & Directions:Mix 1 well rounded scoop of Bucked Up into 6-8 oz of water 15-30 minutes prior to physical activity. Due to its potency, we recommend taking no more than 1 scoop. Do not exceed 2 scoops in 24 hours."
"https://dsld.od.nih.gov/label/257528","257528","K-XR Original Pre-Workout Blackberry Lemonade","VMI Sports","8 50001 72839 3","273 Gram(s); 9.6 Ounce(s)","9.1 Gram(s) [1 Scoop]","Other Combinations [A1325]","Powder [E0162]","2021-11-19","On Market","Suggested Use: to assess tolerance, start by using one half of a scoop mixed in 6-8 ounces of water & consume 15-20 minutes prior to physical activity/weight training. For normal suggested use, mix 1 full scoop into 10-12 ounces of water approximately 15-20 minutes prior to physical activity/weight training. Do not exceed 1 scoop/serving within 8 hours and do not consume more than 2 scoops in an 24 hour period."
"https://dsld.od.nih.gov/label/257529","257529","K-XR Original Pre-Workout Gummy Bear","VMI Sports","8 50748 00596 2","270 Gram(s); 9.52 Ounce(s)","9 Gram(s) [1 Scoop]","Other Combinations [A1325]","Powder [E0162]","2021-11-19","On Market","Suggested Use: to assess tolerance, start by using one half of a scoop mixed in 6-8 ounces of water & consume 15-20 minutes prior to physical activity/weight training. For normal suggested use, mix 1 full scoop into 10-12 ounces of water approximately 15-20 minutes prior to physical activity/weight training. Do not exceed 1 scoop/serving within 8 hours and do not consume more than 2 scoops in an 24 hour period."
"https://dsld.od.nih.gov/label/257530","257530","K-XR Original Pre-Workout Miami Vice","VMI Sports","8 50748 00539 9","273 Gram(s); 9.1 Ounce(s)","9.1 Gram(s) [1 Scoop]","Other Combinations [A1325]","Powder [E0162]","2021-11-19","On Market","Suggested Use: to assess tolerance, start by using one half of a scoop mixed in 6-8 ounces of water & consume 15-20 minutes prior to physical activity/weight training. For normal suggested use, mix 1 full scoop into 10-12 ounces of water approximately 15-20 minutes prior to physical activity/weight training. Do not exceed 1 scoop/serving within 8 hours and do not consume more than 2 scoops in an 24 hour period."
"https://dsld.od.nih.gov/label/257531","257531","K-XR Original Pre-Workout Patriot Pop","VMI Sports","8 50748 00546 7","264 Gram(s); 8.8 Ounce(s)","8.8 Gram(s) [1 Scoop]","Other Combinations [A1325]","Powder [E0162]","2021-11-19","On Market","Suggested Use: to assess tolerance, start by using one half of a scoop mixed in 6-8 ounces of water & consume 15-20 minutes prior to physical activity/weight training. For normal suggested use, mix 1 full scoop into 10-12 ounces of water approximately 15-20 minutes prior to physical activity/weight training. Do not exceed 1 scoop/serving within 8 hours and do not consume more than 2 scoops in an 24 hour period."
"https://dsld.od.nih.gov/label/257532","257532","K-XR Original Pre-Workout Peach Mango","VMI Sports","8 50001 72838 6","256 Gram(s); 9.03 oz","8.5 Gram(s) [1 Scoop]","Other Combinations [A1325]","Powder [E0162]","2021-11-19","On Market","Suggested Use: to assess tolerance, start by using one half of a scoop mixed in 6-8 ounces of water & consume 15-20 minutes prior to physical activity/weight training. For normal suggested use, mix 1 full scoop into 10-12 ounces of water approximately 15-20 minutes prior to physical activity/weight training. Do not exceed 1 scoop/serving within 8 hours and do not consume more than 2 scoops in an 24 hour period."
"https://dsld.od.nih.gov/label/257774","257774","SuperPump Aggression Pre-Workout Lights Out Lemon","Gaspari Nutrition","","450 Gram(s)","18 Gram(s) [1 Scoop]","Other Combinations [A1325]","Powder [E0162]","2021-09-24","On Market",""
"https://dsld.od.nih.gov/label/258636","258636","Pre-Workout Drink Mix Dragon Fruit","Yes You Can!","8 04879 59847 3","5.29 Ounce(s); 0.33 Pound(s); 150 Gram(s)","6 Gram(s) [1 Scoop]","Other Combinations [A1325]","Powder [E0162]","2022-01-22","On Market","Directions: Take 20 to 30 minutes before your workout once a day, for maximum effect. Add one (1) scoop to 8 oz of cold water, shake well, and drink immediately."
"https://dsld.od.nih.gov/label/259898","259898","Klean Pre-Workout Natural Lemon Tea Flavor","Klean Athlete","3 10539 98000 2","7 Ounce(s); 200 Gram(s)","10 Gram(s) [1 scoop]","Other Combinations [A1325]","Powder [E0162]","2022-02-23","On Market","Suggested usage: As a dietary supplement, adults take 1 scoop mixed into 6-8 oz. of water approximately 30 minutes before exercise or as directed by a trainer, coach, or health professional."
"https://dsld.od.nih.gov/label/259904","259904","Klean Pre-Workout Natural Lemon Tea Flavor","Klean Athlete","","100 Gram(s); 3.5 Ounce(s); 10 Sachet(s)","10 Gram(s) [1 Sachet]","Other Combinations [A1325]","Powder [E0162]","2022-02-23","On Market","Suggested Usage: As a dietary supplement, adults mix 1 sachet into 6-8 oz of water approximately 30 minutes before exercise or as directed by a trainer, coach or health professional."
"https://dsld.od.nih.gov/label/260041","260041","Pre-Workout Explosion Fruit Punch","Six Star Pro Nutrition","6 31656 70711 3","7.41 Ounce(s); 210 Gram(s)","7 Gram(s) [1 Scoop]","Other Combinations [A1325]","Powder [E0162]","2021-10-22","On Market","Directions: Read the entire label before use and follow directions provided. Assess your tolerance by mixing 1 serving (1 scoop) with 6 oz. of cold water and drink about 30 minutes before your workout. Then increase the dosage to 2 servings mixed with 12 oz. of cold water before your workout. Do not exceed 2 servings (2 scoops) in a 24-hour period. Drink 8 to 10 glasses of water daily for general good health."
"https://dsld.od.nih.gov/label/260876","260876","V1 Pre-Workout Mango Peach Rings","V1 Nutra","","561 Gram(s); 19.79 oz","18.7 Gram(s) [1 scoop]","Other Combinations [A1325]","Powder [E0162]","2021-10-22","On Market",""
"https://dsld.od.nih.gov/label/261086","261086","Alphagen High Energy Pre-Workout Blackberry Lemonade","MN Morphogen Nutrition","6 44216 08067 0","17.43 Ounce(s); 488 Gram(s)","24.4 Gram(s) [1 Rounded Scoop]","Other Combinations [A1325]","Powder [E0162]","2022-02-23","On Market","Recommended use: As a dietary supplement, mix 1 rounded scoop (24.4g) in 12-16oz water (depending on flavor preference) and consume 15-20 minutes pre-workout. Start with 1/2 scoop to assess tolerance. Gradually build up to 1 rounded scoop. Do not use more than one scoop at a time. Do not use more than 3 (three) scoops in a 24 hour period."
"https://dsld.od.nih.gov/label/261152","261152","Mr Hyde Icon Pre Workout Poseidon Blueberry Lemon Wrath","PS ProSupps","8 18253 02900 2","10.9 Ounce(s); 310 Gram(s)","15.5 Gram(s) [1 Scoop]","Other Combinations [A1325]","Powder [E0162]","2022-02-23","On Market","Suggested use: Mix 1 scoop of Mr. Hyde Icon with 10-12 oz. cold water. Consume 20 to 30 minutes before exercise."
"https://dsld.od.nih.gov/label/261156","261156","Mr Hyde Icon Pre Workout Athena Mango Citrus Warfare","PS ProSupps","8 18253 02901 9","10.6 Ounce(s); 300 Gram(s)","15 Gram(s) [1 scoop]","Other Combinations [A1325]","Powder [E0162]","2022-02-23","On Market","Suggested use: Mix 1 scoop of Mr. Hyde Icon with 10-12 oz. cold water. Consume 20 to 30 minutes before exercise."
"https://dsld.od.nih.gov/label/261158","261158","Mr Hyde Icon Pre Workout Zeus Raspberry Lime Thunder","PS ProSupps","8 18253 02902 6","10.9 Ounce(s); 310 Gram(s)","15.5 Gram(s) [1 scoop]","Other Combinations [A1325]","Powder [E0162]","2022-06-16","On Market","Suggested use: Mix 1 scoop of Mr. Hyde Icon with 10-12 oz. cold water. Consume 20 to 30 minutes before exercise. Do not consume My. Hyde Icon within 4 hours prior to bedtime. Do not take any other products that contain caffeine or any other stimulants while taking Mr. Hyde Icon."
"https://dsld.od.nih.gov/label/261160","261160","Hyde Pre Workout Blue Raspberry","PS ProSupps","8 10034 81153 0","10.32 Ounce(s); 292.5 Gram(s)","9.75 Gram(s) [1 scoop]","Other Combinations [A1325]","Powder [E0162]","2022-02-23","On Market","Suggested use: For enhanced athletic performance, mix 1 serving of Hyde Pre Workout with 6-8 oz. of water and consume 20-30 minutes prior to exercise."
"https://dsld.od.nih.gov/label/261364","261364","Rise Pre-Workout Blackberry Blast","Sheer Strength Labs","X002KVKJSL","10 Ounce(s); 285 Gram(s)","11.4 Gram(s) [1 scoop]","Other Combinations [A1325]","Powder [E0162]","2022-04-11","On Market","Suggested Use: Mix one (1) scoop with 12-16 fl oz of water 20-30 minutes before workout."
"https://dsld.od.nih.gov/label/261367","261367","Pre-Workout for Women Pina Colada","Sheer Strength Labs","8 50009 00768 1 ","5.97 Ounce(s); 169.23 Gram(s)","5.6 Gram(s) [1 Scoop]","Other Combinations [A1325]","Powder [E0162]","2022-02-23","On Market","Suggested Use:As a dietary supplement, mix 1 scoop of Pre-Workout for women with 8 ounces of water and consume 30 minutes prior to working out."
"https://dsld.od.nih.gov/label/263197","263197","PreFo Extremely Concentrated Pre-Workout Candy Keys","Magnum","8 21008 00082 9","259 Gram(s); 9.1 Ounce(s)","5.3 Gram(s) [1 scoop]","Other Combinations [A1325]","Powder [E0162]","2022-06-16","On Market","Recommended Dose: Mix 1 scoop in 250ml (8oz) of water and consume 15-30 minutes before training."
"https://dsld.od.nih.gov/label/263198","263198","PreFo Extremely Concentrated Pre-Workout Strawberry Marshmallow Candy","Magnum","8 21008 00083 6","275 Gram(s); 9.7 Ounce(s)","5.5 Gram(s) [1 scoop]","Other Combinations [A1325]","Powder [E0162]","2022-05-19","On Market","Recommended dose: Mix 1 scoop in 250ml (8oz) of water and consume 15-30 minutes before training."
"https://dsld.od.nih.gov/label/264517","264517","Pre-Workout Baja Burst","Ryse","8 54050 00809 3","310 Gram(s); 10.9 Ounce(s)","12.6 Gram(s) [approximately 1 scoop]","Other Combinations [A1325]","Powder [E0162]","2022-06-16","On Market","Beginners take 1/2 scoop to assess toleranceSuggested use: Mix 1 scoop with 10-12 oz. of water or favorite beverage. Vary amount of liquid to taste. Consume 15-30 min. prior to exercise."
"https://dsld.od.nih.gov/label/264520","264520","Pre-Workout Candy Watermelon","Ryse","8 60064 00060 2","330 Gram(s); 11.6 Ounce(s)","16.4 Gram(s) [Approximately 1 scoop]","Other Combinations [A1325]","Powder [E0162]","2022-05-19","On Market","Beginners take 1/2 scoop to assess tolerance Suggested Use: Mix 1 scoop with 10-12 ounces of water or favorite beverage. Vary amount of liquid to taste. Consume 15-30 minutes prior to exercise.Suggested Usage: Mix one serving in 10-12 oz of colder water in a shaker or glass and consume 15-30 minutes prior to exercise. If necessary, you may adjust the water level to achieve your desired level of sweetness and flavor."
"https://dsld.od.nih.gov/label/264524","264524","Pre-Workout Mango Extreme","Ryse","8 54050 00809 3","305 Gram(s); 10.8 Ounce(s)","12.6 Gram(s) [approximately 1 scoop]","Other Combinations [A1325]","Powder [E0162]","2022-06-16","On Market","Ryse Up energy guide100mg of VitaCholineSustained released energy per scoop3.2g of Carnosyn per scoop1.5g of NO3-T nitrates per scoop Beginners take 1/2 scoop to assess toleranceSuggested use: Mix 1 scoop with 10-12 oz. of water or favorite beverage. Vary amount of liquid to taste. Consume 15-30 min. prior to exercise."
"https://dsld.od.nih.gov/label/264526","264526","SunnyD Pre-Workout Tangy Original","Ryse","8 54050 00865 9","9.9 Ounce(s); 280 Gram(s)","11.2 Gram(s) [1 scoop]","Other Combinations [A1325]","Powder [E0162]","2022-05-19","On Market","Suggested use: Mix one serving in 10-12 oz. of cold water in a shaker or glass and consume 15 to 30 minutes prior to exercise. If necessary, you may adjust the water level to achieve your desired level of sweetness and flavor."
"https://dsld.od.nih.gov/label/265343","265343","Hooligan Extreme Pre-Workout Formula Pain Killer","Apollon Nutrition","8 50862 00752 1","15 Ounce(s); 428 Gram(s)","10.7 Gram(s) [1/2 Scoop (approx. 10.7 g) / 1 Scoop (approx. 21.4 g)]","Other Combinations [A1325]","Powder [E0162]","2022-07-21","On Market","Suggested Use: As a dietary supplement, mix 1 scoop with 8-10 oz of water and consume approximately 30 minutes before beginning your workout."
"https://dsld.od.nih.gov/label/265418","265418","Assault Pre-Workout Blue Raspberry","MP MusclePharm","","0.49 lb(s); 222 Gram(s)","7.4 Gram(s) [1 Scoop]","Other Combinations [A1325]","Powder [E0162]","2022-02-23","On Market","Suggested Use: Mix one serving (1 scoop) of Assault in 8-12 fl.oz. of cold water and drink 20-30 minutes before training. Do not exceed one serving per day."
"https://dsld.od.nih.gov/label/265446","265446","Assault Pre-Workout Fruit Punch","MP MusclePharm","","0.49 lb(s); 222 Gram(s)","7.4 Gram(s) [1 Scoop]","Other Combinations [A1325]","Powder [E0162]","2022-05-19","On Market","Suggested Use: Mix one serving (1 scoop) of Assault in 8-12 fl.oz. of cold water and drink 20-30 minutes before training. Do not exceed one serving per day."
"https://dsld.od.nih.gov/label/265452","265452","Pre-Workout Pink Candy Blast","HTLT","","1.46 Pound(s)","16.5 Gram(s) [1 Scoop], 33 Gram(s) [2 Scoops]","Other Combinations [A1325]","Powder [E0162]","2022-01-22","On Market",""
"https://dsld.od.nih.gov/label/265498","265498","Pre Workout Strawberry Lemonade","AdvoCare","","14 Stick Pack(s); 3.5 Ounce(s); 98 Gram(s)","7 Gram(s) [1 stick pack (0.25 oz/7 g) [makes 8 fl oz prepared]]","Other Combinations [A1325]","Powder [E0162]","2022-05-19","On Market","Directions For Use:Blend, shake or briskly stir contents of one stick pack into 8 fluid ounces of water. Consume 30-45 minutes prior to exercise. Energy + Focus Use PRE to fuel your workouts by helping keep you energized and focused."
"https://dsld.od.nih.gov/label/267083","267083","High Energy Pre-Workout Raspberry Lemonade","Bloom Nutrition","","276 Gram(s)","9.2 Gram(s) [1 Scoop]","Other Combinations [A1325]","Powder [E0162]","2022-06-16","On Market",""
"https://dsld.od.nih.gov/label/268565","268565","Prophecy Ultimate Pre-Workout Peach Mango","ANS Performance","6 59153 87574 6","440 Gram(s); 15.5 Ounce(s)","11 Gram(s) [1/2 Scoop], 22 Gram(s) [1 Scoop]","Other Combinations [A1325]","Powder [E0162]","2022-07-21","On Market","Ensure to drink enough fluid before, during and after exercise. Directions: Mix 1/2 scoop (11 g) of Prophecy with 4 to 8 oz of cold water and consume 15-30 minutes before training. Take up to 1 full scoop (22 g) daily (mixed in 8 to 16 oz cold water), or as directed by a health care practitioner."
"https://dsld.od.nih.gov/label/268684","268684","Godzilla Pre-Workout Monsterberry Lime","Ryse","","796 Gram(s); 28 Ounce(s)","19.9 Gram(s) [1 Scoop], 39.8 Gram(s) [2 Scoops]","Other Combinations [A1325]","Powder [E0162]","2023-01-23","On Market",""
"https://dsld.od.nih.gov/label/270994","270994","ION Pre-Workout Blue Ice","Performix","8 11274 02610 4","10.05 Ounce(s); 285 Gram(s)","9.5 Gram(s) [1 Scoop]","Other Combinations [A1325]","Powder [E0162]","2022-07-21","On Market","Fuel your workout with the Performix StackPre workoutDuring workoutPost workoutPerformix Ion Pre-Workout gives you the energy and focus to perform, ISO EAA+BCAA during workout provides electrolytes for hydration and kick starts your recovery, and ioWhey Protein Post Workout supports your recovery and helps to build strength. Combine the power of this pre, during, and post product stack to fuel your workout. Suggested Use: As a dietary supplement, adults mix 1 serving (1 scoop) with 8 ounces of cold water 20-30 minutes prior to workout. Do not exceed one (1) scoop per day. This product should not be taken in combination with other products containing caffeine or other stimulants. Some individuals may experience a harmless tingling sensation, which is attributed to beta alanine in this product. Do not take within six (6) hours of bedtime. Please read entire label before use. This product is to be used in conjunction with a healthy diet and regular resistance exercise regime."
"https://dsld.od.nih.gov/label/272539","272539","Pre-Workout Powder Blue Raspberry Flavor","Sierra Fit","8 98220 01681 5","9.5 Ounce(s); 270 Gram(s)","9 Gram(s) [1 Scoop]","Other Combinations [A1325]","Powder [E0162]","2022-06-16","On Market","Directions: Mix 1 scoop (9 g) powder into 6 to 8 fl. oz. of water, consume 20-30 minutes before working out. Best when used with blender bottle."
"https://dsld.od.nih.gov/label/272885","272885","Go Pre-Workout Whoop Assault Watermelon","Jocko","8 10076 29050 8","8.68 Ounce(s); 246 Gram(s)","8.2 Gram(s) [1 Scoop]","Other Combinations [A1325]","Powder [E0162]","2022-07-21","On Market","Directions: Mix 1 scoop (8.2 g) with 8 oz of water."
"https://dsld.od.nih.gov/label/272888","272888","Go Pre-Workout Mango Mayhem","Jocko","8 10076 29049 2","8.25 Fluid Ounce(s); 234 Gram(s)","7.8 Gram(s) [1 Scoop]","Other Combinations [A1325]","Powder [E0162]","2022-07-21","On Market","Directions: Mix 1 scoop (7.8 g) with 8 oz of water."
"https://dsld.od.nih.gov/label/272898","272898","Go Pre-Workout Sour Apple Sniper","Jocko","8 10076 29051 5","9.1 Ounce(s); 258 Gram(s)","8.6 Gram(s) [1 Scoop]","Other Combinations [A1325]","Powder [E0162]","2022-07-21","On Market","Directions: Mix 1 scoop (8.6 g) with 8 oz of water."
"https://dsld.od.nih.gov/label/273080","273080","Pre-Workout Powder Fruit Punch Flavor","Sierra Fit","8 98220 01684 6","9.5 Ounce(s); 270 Gram(s)","9 Gram(s) [1 Scoop]","Other Combinations [A1325]","Powder [E0162]","2022-09-22","On Market","Directions: Mix 1 scoop (9 g) powder into 6 to 8 fl. oz. of water, consume 20-30 minutes before working out. Best when used with blender bottle."
"https://dsld.od.nih.gov/label/273082","273082","Pre-Workout Powder Mango Flavor","Sierra Fit","8 98220 01683 9","9.5 Ounce(s); 270 Gram(s)","9 Gram(s) [1 Scoop]","Other Combinations [A1325]","Powder [E0162]","2022-09-22","On Market","Directions: Mix 1 scoop (9 g) powder into 6 to 8 fl. oz. of water, consume 20-30 minutes before working out. Best when used with blender bottle."
"https://dsld.od.nih.gov/label/273084","273084","Pre-Workout Powder Watermelon Flavor","Sierra Fit","8 98220 01682 2","9.5 Ounce(s); 270 Gram(s)","9 Gram(s) [1 Scoop]","Other Combinations [A1325]","Powder [E0162]","2022-09-22","On Market","Directions: Mix 1 scoop (9 g) powder into 6 to 8 fl. oz. of water, consume 20-30 minutes before working out. Best when used with blender bottle."
"https://dsld.od.nih.gov/label/273133","273133","Hooligan Extreme Pre-Workout Formula Strawberry Margarita","Apollon Nutrition","","19.86 Oz(s); 563 Gram(s); 1.24 lbs","14.18 Gram(s) [1/2 scoop], 28.35 Gram(s) [1 scoop]","Other Combinations [A1325]","Powder [E0162]","2022-07-21","On Market",""
"https://dsld.od.nih.gov/label/275596","275596","Pre-Workout Blueberry Raspberry","Ascent","","11.6 Ounce(s); 330 Gram(s)","11 Gram(s) [1 Scoop]","Other Combinations [A1325]","Powder [E0162]","2022-08-23","On Market",""
"https://dsld.od.nih.gov/label/275689","275689","Amplify Pump Pre Workout Peach Mango","Cutler Nutrition","8 50002 85904 1","8.9 Ounce(s); 252 Gram(s)","6.3 Gram(s) [1 Scoop], 12.6 Gram(s) [2 Scoops]","Other Combinations [A1325]","Powder [E0162]","2022-10-24","On Market","1 scoop for beginners & intermediate users2 scoops for experienced, advanced users Recommended Use: As a dietary supplement, take 1-2 scoop(s) 15-30 minutes before your training session in 8-10 fl. oz. of cold water. Do not exceed more than 2 scoops in a 24 hour period."
"https://dsld.od.nih.gov/label/275690","275690","Amplify Pump Pre Workout Watermelon","Cutler Nutrition","8 50002 85903 4","8.9 Ounce(s); 252 Gram(s)","6.3 Gram(s) [1 scoop], 12.6 Gram(s) [2 scoops]","Other Combinations [A1325]","Powder [E0162]","2022-10-24","On Market","1 scoop for beginners & intermediate users2 scoops for experienced, advanced users Recommended use:As a dietary supplement, take 1-2 scoop(s) 15-30 minutes before your training session in 8-10 oz of cold water. Do not exceed more than 2 scoops in a 24 hour period."
"https://dsld.od.nih.gov/label/275691","275691","Amplify Pump Pre Workout Unflavored","Cutler Nutrition","8 50002 85927 0","6.88 Ounce(s); 195 Gram(s)","4.9 Gram(s) [1 Scoop], 9.8 Gram(s) [2 Scoops]","Other Combinations [A1325]","Powder [E0162]","2022-10-24","On Market","1 scoop for beginners & intermediate users2 scoops for experienced, advanced users Recommended Use: As a dietary supplement, take 1-2 scoop(s) 15-30 minutes before your training session in 8-10 oz. of cold water. Do not exceed more than 2 scoops in a 24 hour period."
"https://dsld.od.nih.gov/label/275692","275692","Amplify Pump Pre Workout Sour Lemonade","Cutler Nutrition","8 50002 85929 4","10.4 Ounce(s); 296 Gram(s)","7.4 Gram(s) [1 scoop], 14.8 Gram(s) [2 scoops]","Other Combinations [A1325]","Powder [E0162]","2022-10-24","On Market","1 scoop for beginners & intermediate users2 scoops for experienced, advanced users Recommended use:As a dietary supplement, take 1-2 scoop(s) 15-30 minutes before your training session in 8-10 oz of cold water."
"https://dsld.od.nih.gov/label/277638","277638","Pre-Workout Arctic White","Alani Nu","8 50645 00845 5","10.34 Ounce(s); 293 Gram(s)","4.9 Gram(s) [1 Scoop]","Other Combinations [A1325]","Powder [E0162]","2023-03-22","On Market","Suggested Use: Mix 1/2 scoop in 6-8oz water 20-30 minutes before your workout. Once tolerance has been assessed, you may use one full serving (1scoop.)A slight tingling sensation is normal and is due to the beta alanine. Be sure to stay hydrated and have a great workout!"
"https://dsld.od.nih.gov/label/277643","277643","Pre-Workout Mimosa","Alani Nu","8 10030 51102 1","7.1 Ounce(s); 202 Gram(s)","5.05 Gram(s) [1/2-1 scoop]","Other Combinations [A1325]","Powder [E0162]","2023-03-22","On Market","Suggested Use: Mix 1/2 scoop in 6-8 oz water 20-30 minutes before your workout. Once tolerance has been assessed, you may use one full serving (1 scoop)."
"https://dsld.od.nih.gov/label/278364","278364","Pre-Workout Complex Tropical Punch","Origin Performance","","379 Gram(s); 13.37 Ounce(s)","18.84 Gram(s) [1 Scoop]","Other Combinations [A1325]","Powder [E0162]","2022-12-13","On Market","Recommended use: Mix 1 scoop with 8-12 fl. oz of water, 15-30 minutes before exercise. "
"https://dsld.od.nih.gov/label/278413","278413","Pre-Workout Don't Be A Beach","Alani Nu","8 10030 51285 1","10.37 Ounce(s); 294 Gram(s)","4.9 Gram(s) [0.5 - 1 Scoop]","Other Combinations [A1325]","Powder [E0162]","2022-12-13","On Market","Suggested Use:Mix 1/2 scoop in 6-8 oz water 20-30 minutes before your workout. Once tolerance has been assessed, you may use one full serving (1 scoop.) A slight tingling sensation is normal and is due to the beta alanine. Be sure to stay hydrated and have a great workout!"
"https://dsld.od.nih.gov/label/278414","278414","Pre-Workout Sherbet Swirl","Alani Nu","8 10030 51287 5","11 Ounce(s); 312 Gram(s)","5.2 Gram(s) [0.5 - 1 Scoop]","Other Combinations [A1325]","Powder [E0162]","2022-12-13","On Market","Suggested Use:Mix 1/2 scoop in 6-8 oz water 20-30 minutes before your workout. Once tolerance has been assessed, you may use one full serving (1 scoop.) A slight tingling sensation is normal and is due to the beta alanine. Be sure to stay hydrated and have a great workout!"
"https://dsld.od.nih.gov/label/278415","278415","Pre-Workout Sour Kiwiberry","Alani Nu","8 10030 51286 8","10.26 Ounce(s); 291 Gram(s)","4.85 Gram(s) [1/2 - 1 Scoop]","Other Combinations [A1325]","Powder [E0162]","2022-12-13","On Market","Suggested Use:Mix 1/2 scoop in 6-8 oz water 20-30 minutes before your workout. Once tolerance has been assessed, you may use one full serving (1scoop.) A slight tingling sensation is normal and is due to the beta alanine. Be sure to stay hydrated and have a great workout!"
"https://dsld.od.nih.gov/label/282491","282491","Pre-Workout Non-Stimulant Raspberry Lime Ricky","Bucked Up","8 51005 00758 3","11.35 Ounce(s); 321.63 Gram(s)","10.72 Gram(s) [1 scoop]","Other Combinations [A1325]","Powder [E0162]","2023-01-23","On Market","Recommended dosage & directions: Mix 1 well-rounded scoop of Bucked Up into 6-8oz of water 15-30 minutes prior to physical activity. Due to its potency, we recommend taking no more than 1 scoop."
"https://dsld.od.nih.gov/label/284034","284034","Pre-Workout Explosion Icy Rocket Freeze","Six Star Pro Nutrition","6 31656 71683 2","7.41 Ounce(s); 210 Gram(s)","7 Gram(s) [1-2 Scoops]","Other Combinations [A1325]","Powder [E0162]","2023-02-21","On Market","Directions: Read the entire label before use and follow the directions provided. Assess your tolerance by mixing 1 serving (1 scoop) with 6 oz. of cold water and drink it about 30 minutes before your workout. Then increase the dosage to 2 servings mixed with 12 oz. of cold water before your workout. Do not exceed 2 servings (2 scoops) in a 24-hour period. Maintain an adequate state of hydration during use."
"https://dsld.od.nih.gov/label/284035","284035","Pre-Workout Explosion Pink Lemonade","Six Star Pro Nutrition","6 31656 71040 3","7.41 Ounce(s); 210 Gram(s)","7 Gram(s) [1 Scoop]","Other Combinations [A1325]","Powder [E0162]","2023-02-21","On Market","For best results, stack with:Pre- & post-workout, between meals Six Star Whey ProteinUse immediately after workout Six Star Creatine X3For more info, recipes, tips and to join the conversation, visit sixstarpro.com Directions: Read the entire label before use and follow directions provided. Assess your tolerance by mixing 1 serving (1 scoop) with 6 oz. of cold water and drink about 30 minutes before your workout. Then increase the dosage to 2 servings mixed with 12 oz. of cold water before your workout. Do not exceed 2 servings (2 scoops) in a 24-hour period. Drink 8 to 10 glasses of water daily for general good health."
"https://dsld.od.nih.gov/label/284036","284036","Pre-Workout Explosion Ripped Watermelon","Six Star Pro Nutrition","6 31656 71099 1","5.91 Ounce(s); 168 Gram(s)","6 Gram(s) [1 scoop]","Other Combinations [A1325]","Powder [E0162]","2023-02-21","On Market","Directions: Read the entire label before use and follow the directions provided. Directions for Weight Loss: Mix 1 serving with 6 oz. of cold water and consume 30  minutes before your 2 largest meals. For best results, use for 60 days in combination with a calorie-reduced diet and exercise. Directions for Pre-Workout: For more energy, mix 1 to 2 servings with 6 to 12 oz of cold water and consume 30 minutes before your workout. Assess your tolerance by mixing 1 serving (1 scoop) with 6 oz. of cold water and drinking it about 30 minutes before your workout. Then increase the dosage to 2 servings mixed with 12 oz. of cold water before your workout. Do not exceed 2 servings (2 scoops) in a 24-hour period. Drink 8 to 10 glasses of water daily for general good health."
"https://dsld.od.nih.gov/label/285367","285367","Black Powder Pre-Workout Cocoberry Boom","MRI Performance","8 50008 77702 8","1.83 lb(s); 828 Gram(s)","13.8 Gram(s) [1 Scoop], 27.6 Gram(s) [2 Scoops]","Other Combinations [A1325]","Powder [E0162]","2023-05-24","On Market","Directions: On training days, adhere to the serving chart below. Mix with 4-6 oz. of water.Daily Serving ChartBeginner1 serving (1 scoop) 0-30 minutes before your workoutAdvanced2 servings (2 scoops) 0-30 minutes before your workout"
"https://dsld.od.nih.gov/label/285602","285602","Pre-Workout Non-Stimulant Orange Mango","Bucked Up","8 11374 03446 7","11.67 Ounce(s); 330.78 Gram(s)","11.02 Gram(s) [1 scoop]","Other Combinations [A1325]","Powder [E0162]","2023-05-24","On Market","Recommended dosage & directions: Mix 1 well-rounded scoop of Bucked Up into 6-8 oz of water 15-30 minutes prior to physical activity. Due to its potency, we recommend taking no more than 1 scoop."
"https://dsld.od.nih.gov/label/286247","286247","Pre JYM High-Performance Pre-Workout Rainbow Sherbet","JYM Supplement Science","8 17047 02241 0","28.6 Ounce(s); 1.8 Pound(s); 810 Gram(s)","27 Gram(s) [1 Scoop]","Other Combinations [A1325]","Powder [E0162]","2023-06-22","On Market","Directions: As a dietary supplement, mix 1 scoop of Pre JYM in 16-24 oz. of water and drink 30-45 minutes before workouts. Initially use 1/2 serving or less to assess tolerance. Once tolerance is assessed, take no more than 1 serving. To avoid sleeplessness, do not consume within 6 hours of bedtime.For better results, consider using Post JYM Recovery Matrix after workouts."
"https://dsld.od.nih.gov/label/286256","286256","Pre JYM X Advanced Pre-Workout Complex Rise 'N' Grind","JYM Supplement Science","8 17047 02389 9","26.8 Ounce(s); 1.7 Pound(s); 760 Gram(s)","19 Gram(s) [1/2 - 1 scoop]","Other Combinations [A1325]","Powder [E0162]","2023-02-21","On Market","Directions: As a dietary supplement, mix 1 scoop of Pre JYM X in 16-24 oz. of water and drink 30 to 45 minutes before workouts. Initially use 1/2 serving or less to assess tolerance. Once tolerance is assessed, take no more than 1 serving. To avoid sleeplessness, do not consume within 6 hours of bedtime."
"https://dsld.od.nih.gov/label/286800","286800","Pre-Workout Strawberry Lemonade Flavored","Ladder","8 50002 43642 6","1.48 Pound(s); 23.81 Ounce(s); 675 Gram(s)","22.5 Gram(s) [1 Scoop]","Other Combinations [A1325]","Powder [E0162]","2023-01-23","On Market","Directions: Take 30-45 minutes before exercise, or when you need a boost of clean energy. Mix 1 scoop into 8-10 oz of water. Start with a 1/2 scoop to assess your tolerance. Do not exceed 1 scoop at a time. Do not take more than twice a day, take at least 4 hours apart."
"https://dsld.od.nih.gov/label/286922","286922","AC8 Pre Workout Blue Raspberry Flavour","ILN Iron Labs Nutrition","X000UQAO49","320 Gram(s)","8 Gram(s) [1 Level Scoop], 16 Gram(s) [2 Level Scoops]","Other Combinations [A1325]","Powder [E0162]","2023-02-21","On Market","Shake tub before first use. Contents may settle and compact after packing causing some clumping. Before first use, shake tub vigorously for 5 seconds to aerate the powder for best quality. Directions: Take 1 serving 25 minutes before your workout.Regular serving: Take a level scoop (8g) mixed with 250 ml of cold water once per day.High strength serving: Take 2 level scoops (16 g) mixed with 400 ml of cold water once per day."
"https://dsld.od.nih.gov/label/288061","288061","Pre JYM X Advanced Pre-Workout Complex Shockwave","JYM Supplement Science","8 17047 02194 9","26.8 Ounce(s); 1.7 Pound(s); 760 Gram(s)","19 Gram(s) [1/2 - 1 scoop]","Other Combinations [A1325]","Powder [E0162]","2023-06-22","On Market","Directions: As a dietary supplement, mix 1 scoop of Pre JYM X in 16-24 oz. of water and drink 30 to 45 minutes before workouts. Initially use 1/2 serving or less to assess tolerance. Once tolerance is assessed, take no more than 1 serving. To avoid sleeplessness, do not consume within 6 hours of bedtime."
"https://dsld.od.nih.gov/label/288062","288062","Pre JYM X Advanced Pre-Workout Complex Tiger's Blood","JYM Supplement Science","8 17047 02390 5","26.8 Ounce(s); 1.7 Pound(s); 760 Gram(s)","19 Gram(s) [1/2 - 1 scoop]","Other Combinations [A1325]","Powder [E0162]","2023-06-22","On Market","Directions: As a dietary supplement, mix 1 scoop of Pre JYM X in 16-24 oz. of water and drink 30-45 minutes before workouts. Initially use 1/2 serving or less to assess tolerance. Once tolerance is assessed, take no more than 1 serving. To avoid sleeplessness, do not consume within 6 hours of bedtime."
"https://dsld.od.nih.gov/label/288570","288570","Thavage Pre-Workout Dragon Fruit","Raw Nutrition","","532 Gram(s); 18.77 Ounce(s); 1.17 lb(s)","13.4 Gram(s) [1 Scoop]","Other Combinations [A1325]","Powder [E0162]","2023-03-22","On Market",""
"https://dsld.od.nih.gov/label/292535","292535","Dissolvable Pre-Workout Packs Extreme Rainbow Candy","Vade Nutrition","8 55353 00739 4","0.46 Pound(s); 210 Gram(s)","14 Gram(s) [2 Rainbow Candy Pre-Workout Packs]","Other Combinations [A1325]","Powder [E0162]","2023-10-24","On Market","Instructions for useAdd two (2) dissolvable pre-workout packs to 6-10 oz of water and mix until blended. Drink 15-30 minutes before working out.1Toss2 Shake3 Enjoy"
"https://dsld.od.nih.gov/label/292630","292630","Shatter Ripped Pre-Workout Rainbow Candy","MuscleTech","6 31656 71650 4","254 Gram(s); 8.95 Ounce(s)","6 Gram(s) [1-2 Scoops]","Other Combinations [A1325]","Powder [E0162]","2023-10-24","On Market","Directions: To assess individual tolerances, consume 1 serving (1 scoop) of Shatter Ripped in 6 oz. of water per day for up to 3 days, then follow the directions below.Directions for weight loss: Mix 1 serving (1 scoop) with 6 oz. of water and consume 30 minutes before your 2 largest meals. Do not exceed 2 serving (2 scoops) in a 24-hour period. For best results use for 60 days in combination with calorie-reduced diet and exercise.Directions for pre-workout: For more energy, mix 2 servings (2 scoops) with 12 oz. of water and consume 30 minutes before your workout. Do not take within 5 hours of bedtime. Read the entire label before use and follow directions provided. Drink 8 to 10 glasses of water daily for general good health."
"https://dsld.od.nih.gov/label/292631","292631","Shatter Ripped Pre-Workout Icy Rocket","MuscleTech","6 31656 71651 1","8.83 Ounce(s); 250 Gram(s)","6 Gram(s) [1 Scoop], 12 Gram(s) [2 Scoops]","Other Combinations [A1325]","Powder [E0162]","2023-07-18","On Market","Directions: To assess individual tolerance, consume 1 serving (1 scoop) of Shatter Ripped in 6 oz. of water per day for up to 3 days, then follow the directions below.Directions for weight loss: Mix 1 serving (1 scoop) with 6 oz. of water and consume 30 minutes before your 2 largest meals. Do not exceed 2 servings (2 scoops) in a 24-hour period. For best results use for 60 days in combination with a calorie-reduced diet and exercise.Directions for pre-workout: for more energy, mix 2 servings (2 scoops) with 12 oz. of water and consume 30 minutes before your workout. Do not take within 5 hours of bedtime. Read the entire label before use and follow directions provide. Drink 8 to 10 glasses of water daily for general good health."
"https://dsld.od.nih.gov/label/295375","295375","Mr Hyde Test Surge Pre-Workout Pineapple Mango","PS ProSupps","8 18253 02999 6","11.8 Ounce(s); 336 Gram(s)","5.6 Gram(s) [1 rounded scoop (11.2)]","Other Combinations [A1325]","Powder [E0162]","2023-08-23","On Market","Suggested use: to assess tolerance mix 1/2 scoop of Mr. Hyde Test Surge with 8oz of cold water. Once tolerance has been assessed, mix 1 rounded scoop of Mr. Hyde Test Surge with 8oz Of cold water and consume 15 to 30 minutes before exercise. Do not consume Mr. Hyde Test Surge within 4 hours of bedtime. Do not take any other products that contain caffeine or any other stimulants while taking Mr. Hyde Test Surge. Shake container well before use"
"https://dsld.od.nih.gov/label/295377","295377","Hyde Pre Workout Watermelon","PS ProSupps","8 10034 81154 7","10.32 Ounce(s); 292.5 Gram(s)","9.75 Gram(s) [1 Scoop]","Other Combinations [A1325]","Powder [E0162]","2023-09-25","On Market","Suggested use: For enhanced athletic performance, mix 1 serving of HYDE Pre Workout with 6-8 oz of water and consume 20-30 minutes prior to exercise."
"https://dsld.od.nih.gov/label/295400","295400","Mr Hyde Signature Pre-Workout Blue Razz Popsicle","PS ProSupps","8 18253 02806 7","7.6 Ounce(s); 216 Gram(s)","7.2 Gram(s) [1 Scoop]","Other Combinations [A1325]","Powder [E0162]","2023-07-18","On Market","Suggested use: Mix 1 scoop of Mr. Hyde with 8oz of cold water and consume 15-30 minutes before exercise. Do not consume Mr. Hyde within 4 hours prior to bedtime. Do not take any other products that contain caffeine or any other stimulants while taking Mr. Hyde.Shake container well before use."
"https://dsld.od.nih.gov/label/295401","295401","Mr Hyde Signature Pre-Workout Lollipop Punch","PS ProSupps","8 18253 02805 0","7.6 Ounce(s); 216 grams","7.2 Gram(s) [1 Scoop]","Other Combinations [A1325]","Powder [E0162]","2023-09-25","On Market","Suggested use: Mix 1 scoop of Mr. Hyde with 8 oz of cold water and consume 15-30 minutes before exercise.Shake container well before use."
"https://dsld.od.nih.gov/label/295925","295925","Wrecked Pre-Workout Bomb Popsicle","Huge Supplements","","1.37 Pound(s); 620 Gram(s)","15.5 Gram(s) [1 Scoop], 31 Gram(s) [2 Scoops]","Other Combinations [A1325]","Powder [E0162]","2023-06-22","On Market",""
"https://dsld.od.nih.gov/label/296436","296436","Pre-Workout Tropical Fruit Flavored","Ladder","8 50002 43644 0","1.48 Pound(s); 23.81 Ounce(s); 675 Gram(s)","22.5 Gram(s) [1 Scoop]","Other Combinations [A1325]","Powder [E0162]","2023-09-25","On Market","Directions: Take 30-45 minutes before exercise, or when you need a boost of clean energy. Mix 1 scoop into 8-10 oz of water. Start with a 1/2 scoop to assess your tolerance. Do not exceed 1 scoop at a time. Do not take more than twice a day, take at least 4 hours apart."
"https://dsld.od.nih.gov/label/297206","297206","Prevail Pre-Workout Primer Tropical Punch","Cutler Nutrition","8 50002 85988 1","8.46 Ounce(s); 240 Gram(s)","6 Gram(s) [1-2 Scoops]","Other Combinations [A1325]","Powder [E0162]","2023-06-22","On Market","1 scoop per day for beginners & intermediate users2 scoops per day for experienced, advanced users Recommended use: As a dietary supplement, assess your tolerance by taking 1/2 scoop 15-30 minutes before your training session in 6-8 oz of cold water. Once tolerance is assessed you may take 1-2 scoop(s) 15-30 minutes before your training session in 8-10 oz of cold water. Do not exceed more than 2 scoops in a 24 hour period."
"https://dsld.od.nih.gov/label/297408","297408","Prolific Pre-Workout Cotton Candy","PEScience","0 40232 19927 1","9.88 Ounce(s); 280 Gram(s)","7 Gram(s) [1-2 Scoops]","Other Combinations [A1325]","Powder [E0162]","2023-09-25","On Market","Directions: Start with 1 scoop to determine stimulant tolerance. Mix 1-2 scoops with 8-10 ounces (250-300mL) of cold water. Contains 160 mg caffeine per scoop. Do not exceed 2 scoops per day. Consume at least 125 fl. oz. of liquid per day for men and 91 fl. oz. of liquid per day for women. Use within 3 months of opening."
"https://dsld.od.nih.gov/label/299104","299104","Pre-Workout Powder Blue Raspberry","Sierra Fit","8 98220 01681 5","9.5 Ounce(s); 270 Gram(s)","9 Gram(s) [1 Scoop]","Other Combinations [A1325]","Powder [E0162]","2023-11-22","On Market","Directions: Mix 1 scoop (9 grams) into 6 to 8 ounces of water, consume 20-30 minutes before working out. Best when used with a blender bottle."
"https://dsld.od.nih.gov/label/299105","299105","Pre-Workout Powder Fruit Punch","Sierra Fit","8 98220 01684 6","9.5 Ounce(s); 270 Gram(s)","9 Gram(s) [1 Scoop]","Other Combinations [A1325]","Powder [E0162]","2023-11-22","On Market","Directions: Mix 1 scoop (9 grams) into 6 to 8 ounces of water, consume 20-30 minutes before working out. Best when used with a blender bottle."
"https://dsld.od.nih.gov/label/299106","299106","Pre-Workout Powder Mango","Sierra Fit","8 98220 01683 9","9.5 Ounce(s); 270 Gram(s)","9 Gram(s) [1 scoop]","Other Combinations [A1325]","Powder [E0162]","2023-11-22","On Market","Directions: Mix 1 scoop (9 grams) into 6 to 8 ounces of water, consume 20-30 minutes before working out. Best when used with a blender bottle.9 grams per scoop is an average. Individual scooping technique may yield slightly less than or slightly more than 9 grams."
"https://dsld.od.nih.gov/label/299107","299107","Pre-Workout Powder Watermelon","Sierra Fit","8 98220 01682 2","9.5 Ounce(s); 270 Gram(s)","9 Gram(s) [1 scoop]","Other Combinations [A1325]","Powder [E0162]","2023-11-22","On Market","Directions: Mix 1 scoop (9 grams) into 6 to 8 ounces of water, consume 20-30 minutes before working out. Best when used with a blender bottle.9 grams per scoop is an average. Individual scooping technique may yield slightly less or slightly more than 9 grams."
"https://dsld.od.nih.gov/label/299215","299215","Koala Freak Pre-Workout Aussie Fruit","Bucked Up","","11.1 Ounce(s); 315 Gram(s)","10.5 Gram(s) [1 Scoop]","Other Combinations [A1325]","Powder [E0162]","2023-07-18","On Market",""
"https://dsld.od.nih.gov/label/299227","299227","Pre-Workout Blue Raspberry Ring Pop","Ryse","8 54050 00897 0","313 Gram(s); 11 Ounce(s)","12.5 Gram(s) [1 Scoop]","Other Combinations [A1325]","Powder [E0162]","2023-08-23","On Market","Ryse Up Energy Guide200 MG Caffeine Per Scoop1.5 G NO3-T Nitrates Per Scoop10 MG Thinkamine Per ScoopSuggested Use: Mix 1 Scoop with 10-12 oz. of water & consume 15-30 min. Prior to exercise. Vary amount of liquid to taste. Do not exceed one serving per day."
"https://dsld.od.nih.gov/label/299228","299228","Godzilla Pre-Workout Blackberry Lemonade","Ryse","8 50041 91417 6","732 Gram(s); 26 Ounce(s); 1.6 lb(s)","18.3 Gram(s) [1-2 Scoops]","Other Combinations [A1325]","Powder [E0162]","2023-08-23","On Market","Suggested Use: Mix 1-2 scoops (6-8 oz. per scoop) with water & consume 15-30 min prior to exercise. Vary amount of liquid to preferred taste. Use only as directed."
"https://dsld.od.nih.gov/label/299229","299229","Pre-Workout Baja Burst","Ryse","8 54050 00835 2","310 Gram(s); 10.9 Ounce(s)","12.4 Gram(s) [1 Scoop]","Other Combinations [A1325]","Powder [E0162]","2023-08-23","On Market","Ryse Up Energy Guide1.5G Vitacholine Per Scoop3.2G Beta-Alanine Per Scoop1.5G NO3-T Nitrates Per ScoopSuggested Use: Mix 1 scoop with 10-12 oz of water & consume 15-30 min prior to exercise vary amount of liquid to taste. Do not exceed one serving per day.Beginners: Take 1/2 scoop to assess tolerance."
"https://dsld.od.nih.gov/label/299818","299818","Wrecked Extreme Pre-Workout Jungle Candy","Huge Nutrition","7 28614 78288 3","338 Gram(s); 11.92 Ounce(s)","16.9 Gram(s) [1 Scoop]","Other Combinations [A1325]","Powder [E0162]","2023-12-14","On Market","Suggested Use:As a dietary supplement, take one (1) scoop with 8 -12 fl oz of water. New users may wish to assess tolerance with 1/2 scoop."
"https://dsld.od.nih.gov/label/299819","299819","Wrecked Pre-Workout Raspberry Mojito","Huge Nutrition","7 28614 78051 3","1.33 Pound(s); 604 Gram(s)","15.1 Gram(s) [1/2-1 Scoop]","Other Combinations [A1325]","Powder [E0162]","2023-12-14","On Market","As a dietary supplement, take one (1) scoop with 8-12 oz of water, new users may wish to assess tolerance with 1/2 scoop."
"https://dsld.od.nih.gov/label/300243","300243","Spazmatic Pre-Workout Drink Strawberry Frozen Fruit Bar","Tim Muriello's","","14.6 Ounce(s); 414 Gram(s)","13.8 Gram(s) [1 scoop]","Other Combinations [A1325]","Powder [E0162]","2023-12-14","On Market",""
"https://dsld.od.nih.gov/label/300253","300253","Pandamic Pre-Workout Dragon's Blood","Panda Supplements","0 51497 38997 0","424.2 Gram(s)","10.1 Gram(s) [1 Scoop], 20.2 Gram(s) [2 Scoops]","Other Combinations [A1325]","Powder [E0162]","2023-08-23","On Market",""
"https://dsld.od.nih.gov/label/302100","302100","ENGN Shred Pre-Workout Engine Shred Pink Lemonade","Evlution Nutrition","8 18901 02038 2","7.5 Ounce(s); 213 Gram(s)","7.1 Gram(s) [1 Scoop]","Other Combinations [A1325]","Powder [E0162]","2024-01-24","On Market","Suggested use:As a dietary supplement, take 1 scoop with 8 oz (236 mL) of cold water 15-30 minutes before training. To avoid sleeplessness, do not take within 4 hours of sleep."
"https://dsld.od.nih.gov/label/303410","303410","Bucked Up Pre-Workout Killa OJ","DAS Labs","8 51005 00746 0","11.2 Ounce(s); 318 Gram(s)","10.6 Gram(s) [1 Scoop]","Other Combinations [A1325]","Powder [E0162]","2023-12-14","On Market","Suggested use:Mix 1 well-rounded scoop of BUCKED UP into 6-8oz of water 15-30 minutes prior to physical activity."
"https://dsld.od.nih.gov/label/303411","303411","Bucked Up Pre-Workout Grape Gainz","DAS Labs","8 51005 00737 8","11.4 Ounce(s); 324 Gram(s)","10.8 Gram(s) [1 Scoop]","Other Combinations [A1325]","Powder [E0162]","2024-02-22","On Market","Suggested use:Mix 1 well-rounded scoop of BUCKED UP into 6-8oz of water 15-30 minutes prior to physical activity."
"https://dsld.od.nih.gov/label/303521","303521","Godzilla Pre-Workout Monsterberry Lime","Ryse","","792 Gram(s); 28 Ounce(s)","19.8 Gram(s) [1 Scoop], 39.6 Gram(s) [2 Scoops]","Other Combinations [A1325]","Powder [E0162]","2023-12-14","On Market",""
"https://dsld.od.nih.gov/label/304068","304068","Pre-Workout Raspberry Pomegranate","Propello Life","8 59619 00632 9","450 Gram(s)","15 Gram(s) [1 Scoop]","Other Combinations [A1325]","Powder [E0162]","2024-01-24","On Market","Recommended use: Mix one scoop with 8-15oz of cold water. Shake well and continue to shake while consuming, as the creatine may settle at the bottom."
"https://dsld.od.nih.gov/label/304368","304368","Joker Extreme Pre-Workout Mango","Terror Labz","7 42880 88528 4","300 Gram(s)","5 Gram(s) [1/2-1 Scoop]","Other Combinations [A1325]","Powder [E0162]","2024-03-22","On Market","New user warning: This product is not intended for all users. New users should try 1/2 scoop in 8 oz. of water first to determine tolerance levels. Consume 15 minutes prior to exercise. Do not consume within 4 hours prior to bedtime. Do not take any other products that contain caffeine or any other stimulants while taking JOKER. Directions: This pre-workout is only intended for serious users. Mix one (1) scoop (10g) in 8 ounces of water to activate JOKER mode.1 scoop recommended dosage for JOKER mode"
"https://dsld.od.nih.gov/label/305073","305073","Organic Pre-Workout Island Fusion Flavored","MRM Nutrition","6 09492 71048","8.5 Ounce(s); 240 Gram(s)","12 Gram(s) [1 Scoop]","Botanical with Nutrients [A1317]","Powder [E0162]","2024-02-22","On Market","Suggested usage: Add 1 scoop per day to 8-10 oz water or your favorite beverage and shake or blend well."
"https://dsld.od.nih.gov/label/305214","305214","Ultimate Pre-Workout Blue Razz","ABE All Black Everything","","390 Gram(s); 13.75 Ounce(s)","13 Gram(s) [1 Scoop]","Other Combinations [A1325]","Powder [E0162]","2024-11-22","On Market",""
"https://dsld.od.nih.gov/label/305215","305215","Pre-Workout Tropical Candy","Outwork Nutrition","8 50017 59501 9","226 Gram(s); 0.49 Pound(s)","5.65 Gram(s) [2 Scoops]","Other Combinations [A1325]","Powder [E0162]","2024-06-20","On Market","Directions: As a dietary supplement, mix two (2) scoops with 8-12 oz of water. New users should assess tolerance with one (1) scoop. Consume 30 minutes before training."
"https://dsld.od.nih.gov/label/306348","306348","Woke AF Pre-Workout Buck Berry","DAS Labs","8 10131 95166 5","12.6 Ounce(s); 357 Gram(s)","11.9 Gram(s) [1 Scoop]","Other Combinations [A1325]","Powder [E0162]","2024-10-24","On Market","Suggested use: Mix 1 rounded scoop into 6-9 oz of water 15-30 minutes prior to physical activity. Do not exceed 1 serving in a 24-hour period. Do not consume caffeine from other sources while taking this product."
"https://dsld.od.nih.gov/label/306381","306381","PRE Pre-Workout Complex Blue Raspberry","Nutricost Performance","8 10014 67092 8","16.9 Ounce(s); 1 Pound(s); 480 Gram(s)","16 Gram(s) [1 Scoop]","Other Combinations [A1325]","Powder [E0162]","2024-01-24","On Market","Suggested use: As a dietary supplement, mix 1 scoop daily with 6-10 oz of water or as directed by your healthcare professional."
"https://dsld.od.nih.gov/label/306382","306382","Pre-Workout Complex Blue Raspberry","Nutricost Women","8 10014 67100 0","12 Ounce(s); 342 Gram(s)","11 Gram(s) [1 scoops]","Other Combinations [A1325]","Powder [E0162]","2024-01-24","On Market","Suggested use:As a dietary supplement, mix 1 scoop daily with 6-10 oz of water or as directed by your healthcare professional. Do not exceed 2 scoops in any 24 hour period."
"https://dsld.od.nih.gov/label/308247","308247","PRE Pre-Workout Complex Blue Raspberry","Nutricost Performance","8 10014 67093 5","33.9 Ounce(s); 2.1 Pound(s); 960 Gram(s)","16 Gram(s) [1 Scoop]","Other Combinations [A1325]","Powder [E0162]","2024-03-22","On Market","Suggested use: As a dietary supplement, mix 1 scoop daily with 6-10 oz of water or as directed by your healthcare professional."
"https://dsld.od.nih.gov/label/308248","308248","PRE Pre-Workout Complex Fruit Punch","Nutricost Performance","8 10014 67090 4","15.9 Ounce(s); 1 Pound(s); 450 Gram(s)","15 Gram(s) [1 Scoop]","Other Combinations [A1325]","Powder [E0162]","2024-03-22","On Market","Suggested use: As a dietary supplement, mix 1 scoop daily with 6-10 oz of water or as directed by your healthcare professional. Do not exceed 1 scoop in any 24 hour period."
"https://dsld.od.nih.gov/label/308249","308249","PRE Pre-Workout Complex Grape","Nutricost Performance","8 10014 67096 6","16.4 Ounce(s); 1 Pound(s); 464 Gram(s)","15 Gram(s) [1 Scoop]","Other Combinations [A1325]","Powder [E0162]","2024-05-23","On Market","Suggested use: As a dietary supplement, mix 1 scoop daily with 6-10 oz of water or as directed by your healthcare professional."
"https://dsld.od.nih.gov/label/308250","308250","PRE Pre-Workout Complex Peach Mango","Nutricost Performance","8 57077 00836 7 ","15.9 Ounce(s); 1 Pound(s); 450 Gram(s)","15 Gram(s) [1 Scoop]","Other Combinations [A1325]","Powder [E0162]","2024-03-22","On Market","Suggested use: As a dietary supplement, mix 1 scoop daily with 6-10 oz of water or as directed by your healthcare professional."
"https://dsld.od.nih.gov/label/308251","308251","PRE Pre-Workout Complex Watermelon","Nutricost Performance","8 10014 67094 2","16.9 Ounce(s); 1.1 Pound(s); 480 Gram(s)","16 Gram(s) [1 Scoop]","Other Combinations [A1325]","Powder [E0162]","2024-05-23","On Market","Suggested use: As a dietary supplement, mix 1 scoop daily with 6-10 oz of water or as directed by your healthcare professional. Do not exceed 1 scoop in any 24 hour period."
"https://dsld.od.nih.gov/label/308428","308428","Gold Standard Pre-Workout Blueberry Lemonade","Optimum Nutrition","7 48927 05429 3","1.32 Pound(s); 600 Gram(s)","5 Gram(s) [1 Scoop]","Other Combinations [A1325]","Powder [E0162]","2024-11-22","On Market","Directions: Mix one scoop with 6- 8 ounces of water and consume 20- 30 minutes before training. Start with 1 scoop or less to assess your tolerance."
"https://dsld.od.nih.gov/label/309633","309633","Zuum Pre-Workout Tiger's Blood","UMZU","8 50015 51435 7","232 Gram(s); 8.18 Ounce(s); 0.51 Pound(s)","11 Gram(s) [11g/0.38 oz]","Other Combinations [A1325]","Powder [E0162]","2024-10-24","On Market","Suggested use: Do not exceed 2 scoops per day. Mix each scoop (serving) of zuum with 6-8 oz of water or beverage of choice. Start with 1 scoop or less to assess your tolerance. Consume prior to exercise on training days."
"https://dsld.od.nih.gov/label/309634","309634","Zuum Pre-Workout Wild Blueberry Acai","UMZU","8 10104 10009 0","232 Gram(s); 8.18 Ounce(s); 0.51 Pound(s)","11 Gram(s) [1 scoop approximate 11g/0.38oz ]","Other Combinations [A1325]","Powder [E0162]","2024-08-22","On Market","Suggested use: Do not exceed 2 scoops per day. Mix each scoop (serving) of Zuum with 6-8 oz of water or beverage of choice. Start with 1 scoop or less to assess your tolerance. Consume prior to exercise on training days."
"https://dsld.od.nih.gov/label/309959","309959","Preseries Lean Pre-Workout Tropical Punch","Transparent Labs","","501 Gram(s); 1.1 lb(s)","14.2 Gram(s) [1 scoop]","Other Combinations [A1325]","Powder [E0162]","2024-07-25","On Market",""
"https://dsld.od.nih.gov/label/310076","310076","Cutler Prevail Pre-Workout Primer Peach Mango","Cutler Nutrition","8 50002 85920 1","7.9 Ounce(s); 224 Gram(s)","2.8 Gram(s) [1 scoop (5.6 g)], 11.2 Gram(s) [2 scoops]","Other Combinations [A1325]","Powder [E0162]","2024-06-20","On Market","1 scoop for beginners & intermediate users2 scoops for experienced, advanced users Recommended use: As a dietary supplement, assess your tolerance by taking 1/2 scoop 15-30 minutes before your training session in 6-8 oz. of cold water. Once tolerance is assessed you may take 1-2 scoop(s) 15-30 minutes before your training session in 8-10 oz. of cold water. Do not exceed more than 2 scoops in a 24 hour period."
"https://dsld.od.nih.gov/label/310077","310077","Prevail Pre-Workout Primer Watermelon","Cutler Nutrition","8 50002 85906 5","7.05 Ounce(s); 200 Gram(s)","5 Gram(s) [1 Scoop], 10 Gram(s) [2 Scoops]","Other Combinations [A1325]","Powder [E0162]","2024-04-23","On Market","1 scoop for beginners & intermediate users2 scoops for experienced, advanced users Recommended use: As a dietary supplement, assess your tolerance by taking 1/2 scoop 15-30 minutes before your training session in 6-8 oz. of cold water. Once tolerance is assessed you may take 1-2 scoop(s) 15-30 minutes before your training session in 8-10 oz. of cold water. Do not exceed more than 2 scoops in a 24 hour period."
"https://dsld.od.nih.gov/label/310078","310078","Prevail Pre-Workout Primer Rainbow Freeze","Cutler Nutrition","8 50002 85905 8","7.05 Ounce(s); 200 Gram(s)","2.7 Gram(s) [1 Scoop (5.4 g)], 10.8 Gram(s) [2 Scoops]","Other Combinations [A1325]","Powder [E0162]","2024-06-20","On Market","1 scoop for beginners & intermediate users2 scoops for experienced, advanced users Recommended use: As a dietary supplement, assess your tolerance by taking 1/2 scoop 15-30 minutes before your training session in 6-8 oz. of cold water. Do not exceed more than 2 scoops in a 24 hour period."
"https://dsld.od.nih.gov/label/310079","310079","Prevail Pre-Workout Primer Sour Blue Straws","Cutler Nutrition","8 50002 85926 3","10.7 Ounce(s); 302 Gram(s)","3.8 Gram(s) [1 scoop (7.6 g) / 2 scoops (15 g)]","Other Combinations [A1325]","Powder [E0162]","2024-04-23","On Market","1 scoop for beginners & intermediate users2 scoops for experienced, advanced users Recommended use: As a dietary supplement, assess your tolerance by taking 1/2 scoop 15-30 minutes before your training session in 6-8 oz. of cold water. Once tolerance is assessed you make take 1-2 scoop(s) 15-30 minutes before your training session in 8-10 oz. of cold water. Do not exceed more than 2 scoops in a 24 hour period."
"https://dsld.od.nih.gov/label/310080","310080","Prevail Pre-Workout Primer Sour Lime Gummy Worm","Cutler Nutrition","8 50002 85923 2","9.8 Ounce(s); 280 Gram(s)","3.5 Gram(s) [1 Scoop/2 Scoops (7 g/14 g)]","Other Combinations [A1325]","Powder [E0162]","2024-04-23","On Market","1 scoop for beginners & intermediate users2 scoops for experienced, advanced users Recommended use: As a dietary supplement, assess your tolerance by taking 1/2 scoop 15-30 minutes before your training session in 6-8 oz. of cold water. Once tolerance is assessed you may take 1-2 scoop(s) 15-30 minutes before your training session in 8-10 oz. of cold water. Do not exceed more than 2 scoops in a 24 hour period."
"https://dsld.od.nih.gov/label/311801","311801","PRE Pre-Workout Complex Fruit Punch","Nutricost Performance","8 10014 67091 1","31.7 Ounce(s); 2 Pound(s); 900 Gram(s)","15 Gram(s) [1 Scoop]","Other Combinations [A1325]","Powder [E0162]","2024-05-23","On Market","Suggested use: As a dietary supplement, mix 1 scoop daily with 6-10 oz of water or as directed by your healthcare professional."
"https://dsld.od.nih.gov/label/311872","311872","PRE Pre-Workout Complex Grape","Nutricost Performance","8 10014 67097 3","32.7 Ounce(s); 2 lb(s); 927 Gram(s)","15 Gram(s) [1 Scoop]","Other Combinations [A1325]","Powder [E0162]","2024-06-20","On Market","Suggested use: As a dietary supplement, mix 1 scoop daily with 6-10 oz of water or as directed by your healthcare professional."
"https://dsld.od.nih.gov/label/311873","311873","PRE Pre-Workout Complex Peach Mango","Nutricost Performance","8 10014 67113 0","31.7 Ounce(s); 2 lb(s); 900 Gram(s)","15 Gram(s) [1 Scoop]","Other Combinations [A1325]","Powder [E0162]","2024-07-25","On Market","Suggested use: As a dietary supplement, mix 1 scoop daily with 6-10 oz of water or as directed by your healthcare professional."
"https://dsld.od.nih.gov/label/312628","312628","Bucked Up Pre-Workout Blood Raz","DAS Labs","8 51005 00709 5","11.1 Ounce(s); 315 Gram(s)","10.5 Gram(s) [1 scoop]","Other Combinations [A1325]","Powder [E0162]","2024-07-25","On Market","Suggested use: Mix 1 well-rounded scoop into 6-8 oz. of water 15-30 minutes prior to physical activity."
"https://dsld.od.nih.gov/label/313041","313041","Violence Pre-Workout Brutal Blood Orange","REVSCI","5 070002 065500","15 Ounce(s); 424 Gram(s)","17 Gram(s) [1 scoop]","Other Combinations [A1325]","Powder [E0162]","2024-06-20","On Market",""
"https://dsld.od.nih.gov/label/313189","313189","Thuper Thavage Pre-Workout White Cherry","RAW","8 50049 15031 6","21.8 Ounce(s); 1.36 Pound(s); 618 Gram(s)","15.45 Gram(s) [1/2-1 scoop]","Other Combinations [A1325]","Powder [E0162]","2024-04-23","On Market","Suggested use: As a dietary supplement, take one (1) scoop with 8-12 fl oz of water. New users may wish to assess tolerance with 1/2 scoop."
"https://dsld.od.nih.gov/label/314860","314860","Natural Pre-Workout Green Apple","BodyLogix","6 94422 03276 5","9.1 Ounce(s); 258 Gram(s)","8.6 Gram(s) [1 scoop]","Other Combinations [A1325]","Powder [E0162]","2024-08-22","On Market","Due to the amount of active ingredients in this product, shake before use to ensure proper ingredient mixture and effectiveness per dose. Recommended use: Add 1 scoop (8.6 g) to a blender, shaker cup or glass filled with 4-6 oz. of cold water or your favorite beverage. Vary the amount of liquid to achieve your desired flavor and sweetness level. Blend, shake or stir for 20-30 seconds or until powder is dissolved. Consume 20-30 minutes before training. Ensure to drink enough fluid before, during and after exercise. To achieve maximum results, take on an empty stomach."
"https://dsld.od.nih.gov/label/314974","314974","Pre Workout Grape Flavor","Extreme Edge by Bluebonnet","7 43715 01790 0","1.32 Pound(s); 600 Gram(s)","10 Gram(s) [1 Scoop]","Other Combinations [A1325]","Powder [E0162]","2024-06-20","On Market","Directions: As a dietary supplement, add one scoop (10 g) to 8 fl oz of water, juice or sports drink and mix or shake until smooth. Mixes instantly without the use of a blender. For best results, take on an empty stomach about 15 to 30 minutes prior to workout."
"https://dsld.od.nih.gov/label/314976","314976","Pre Workout Lemon Flavor","Extreme Edge by Bluebonnet","7 43715 01802 0","1.32 Pound(s); 600 Gram(s)","10 Gram(s) [1 scoop]","Other Combinations [A1325]","Powder [E0162]","2024-07-25","On Market","Directions: As a dietary supplement, add one scoop (10 g) to 8 fl oz of water, juice or sports drink and mix or shake until smooth. Mixes instantly without the use of a blender. For best results, take on an empty stomach about 15 to 30 minutes prior to workout."
"https://dsld.od.nih.gov/label/314977","314977","Pre Workout Strawberry Kiwi Flavor","Extreme Edge by Bluebonnet","7 43715 01795 5","1.32 Pound(s); 600 Gram(s)","10 Gram(s) [1 scoop]","Other Combinations [A1325]","Powder [E0162]","2024-08-22","On Market","Directions: As a dietary supplement, add one scoop (10 g) to 8 fl oz of water, juice or sports drink and mix or shake until smooth. Mixes instantly without the use of a blender. For best results, take on an empty stomach about 15 to 30 minutes prior to workout."
"https://dsld.od.nih.gov/label/314981","314981","Pre Workout Strawberry Kiwi Flavor","Extreme Edge by Bluebonnet","7 43715 01794 8","0.66 Pound(s); 300 Gram(s)","10 Gram(s) [1 scoop]","Other Combinations [A1325]","Powder [E0162]","2024-08-22","On Market","Directions: As a dietary supplement, add one scoop (10 g) to 8 fl oz of water, juice or sports drink and mix or shake until smooth. Mixes instantly without the use of a blender. For best results, take on an empty stomach about 15 to 30 minutes prior to workout."
"https://dsld.od.nih.gov/label/315155","315155","Pre-Workout Hawaiian Shaved Ice","Alani Nu","8 10030 51794 8","11.53 Ounce(s); 327 Gram(s)","10.9 Gram(s) [1 Scoop]","Other Combinations [A1325]","Powder [E0162]","2024-06-20","On Market","Suggested use: Mix 1/2 scoop in 6-8 fl oz water 20-30 minutes before your workout. Once tolerance has been assessed, you may use one full serving (1 scoop). A slight tingling sensation is normal and is due to the beta-alanine. Be sure to stay hydrated and have a great workout!"
"https://dsld.od.nih.gov/label/315564","315564","Essential Pre-Workout Orange","RAW","","14.07 Ounce(s); 399 Gram(s)","13.3 Gram(s) [1 Scoop]","Other Combinations [A1325]","Powder [E0162]","2024-06-20","On Market",""
"https://dsld.od.nih.gov/label/316362","316362","Natural Pre-Workout Pink Lemonade","BodyLogix","6 94422 03235 2","8.57 Ounce(s); 243 Gram(s)","8.1 Gram(s) [1 scoop]","Other Combinations [A1325]","Powder [E0162]","2024-08-22","On Market","Due to the amount of active ingredients in this product, shake before use to ensure proper ingredient mixture and effectiveness per dose. Recommended use: Add 1 scoop (8.1 g) to a blender, shaker cup or glass filled with 4-6 oz. of cold water or your favorite beverage. Vary the amount of liquid to achieve your desired flavor and sweetness level. Blend, shake or stir for 20-30 seconds or until powder is dissolved. Consume 20-30 minutes before training. Ensure to drink enough fluid before, during and after exercise. To achieve maximum results, take on an empty stomach."
"https://dsld.od.nih.gov/label/317414","317414","Pre-Workout West Coast Citrus","Propello Life","8 59619 00632 9","450 Gram(s)","15 Gram(s) [1 Scoop]","Other Combinations [A1325]","Powder [E0162]","2024-09-25","On Market","Recommended use: Mix one scoop with 8-15oz of cold water. Shake well and continue to shake while consuming, as the creatine may settle at the bottom."
"https://dsld.od.nih.gov/label/317710","317710","V1 x Panda Ultimate Pandamus Pre-Workout Level 1 ","V1 Nutra","0 51497 44462 4","21.31 Ounce(s); 604 Gram(s)","15.1 Gram(s) [1 Scoop], 30.2 Gram(s) [2 Scoops]","Other Combinations [A1325]","Powder [E0162]","2024-07-25","On Market",""
"https://dsld.od.nih.gov/label/318597","318597","Prolific Pre-Workout Melon Berry Twist","PEScience","0 40232 19927 1","9.88 Ounce(s); 280 Gram(s)","7 Gram(s) [1-2 Scoops]","Other Combinations [A1325]","Powder [E0162]","2024-11-22","On Market","Directions: Start with 1 scoop to determine stimulant tolerance. Mix 1-2 scoops with 8-10 ounces (250-300mL) of cold water. Contains 160 mg caffeine per scoop. Do not exceed 2 scoops per day. Consume at least 125 fl. oz. of liquid per day for men and 91 fl. oz. of liquid per day for women. Use within 3 months of opening."
"https://dsld.od.nih.gov/label/321219","321219","Pre-Workout Cosmic Stardust","Alani Nu","8 10030 51244 8","10.58 Ounce(s); 300 Gram(s)","5 Gram(s) [1/2-1 scoop]","Other Combinations [A1325]","Powder [E0162]","2024-11-22","On Market","Suggested Use: Mix 1/2 scoop in 6-8oz water 20-30 minutes before your workout. Once tolerance has been assessed, you use one full serving (1 scoop.)Be sure to stay hydrated and have a great workout!"
"https://dsld.od.nih.gov/label/321220","321220","Pre-Workout Day Dreamer Cherry Gummies","Alani Nu","8 10030 51203 5","10.58 Ounce(s); 300 Gram(s)","5 Gram(s) [1/2-1 scoop]","Other Combinations [A1325]","Powder [E0162]","2024-11-22","On Market","Suggested Use: Mix 1/2 scoop in 6-8 oz water 20-30 minutes before your workout. Once tolerance has been assessed, you may use one full serving (1 scoop.)Be sure to stay hydrated and have a great workout!"
"https://dsld.od.nih.gov/label/321221","321221","Pre-Workout Galaxy Lemonade","Alani Nu","8 10030 51013 0","10.19 Ounce(s); 289 Gram(s)","4.8 Gram(s) [1/2-1 scoop]","Other Combinations [A1325]","Powder [E0162]","2025-01-23","On Market","Suggested Use: Mix 1/2 scoop in 6-8 oz water 20-30 minutes before your workout. Once tolerance has been assessed, you may use one full serving (1 scoop.)Be sure to stay hydrated and have a great workout!"
"https://dsld.od.nih.gov/label/321222","321222","Pre-Workout Hawaiian Shaved Ice","Alani Nu","8 50645 00812 7","10.79 Ounce(s); 306 Gram(s)","5.1 Gram(s) [1/2-1 scoop]","Other Combinations [A1325]","Powder [E0162]","2025-03-25","On Market","Suggested Use: Mix 1/2 scoop in 6-8 oz water 20-30 minutes before your workout. Once tolerance has been assessed, you may use one full serving (1 scoop.)Be sure to stay hydrated and have a great workout!"
"https://dsld.od.nih.gov/label/321223","321223","Pre-Workout Island Crush","Alani Nu","8 10030 51153 3","10.37 Ounce(s); 294 Gram(s)","4.9 Gram(s) [1/2-1 scoop]","Other Combinations [A1325]","Powder [E0162]","2024-11-22","On Market","Suggested Use: Mix 1/2 scoop in 6-8 oz water 20-30 minutes before your workout. Once tolerance has been assessed, you may use one full serving (1 scoop.)Be sure to stay hydrated and have a great workout!"
"https://dsld.od.nih.gov/label/321224","321224","Pre-Workout Juicy Peach","Alani Nu","8 10030 51682 8","10.4 Ounce(s); 294 Gram(s)","4.9 Gram(s) [1/2-1 scoop]","Other Combinations [A1325]","Powder [E0162]","2025-01-23","On Market","Suggested Use: Mix 1/2 scoop in 6-8 oz water 20-30 minutes before your workout. Once tolerance has been assessed, you may use one full serving (1 scoop.)Be sure to stay hydrated and have a great workout!"
"https://dsld.od.nih.gov/label/321225","321225","Pre-Workout Mimosa","Alani Nu","8 50645 00804 2","10.69 Ounce(s); 302 Gram(s)","5.05 Gram(s) [1/2-1 scoop]","Other Combinations [A1325]","Powder [E0162]","2025-01-23","On Market","Suggested Use: Mix 1/2 scoop in 6-8 oz water 20-30 minutes before your workout. Once tolerance has been assessed, you may use one full serving (1 scoop.)Be sure to stay hydrated and have a great workout!"
"https://dsld.od.nih.gov/label/321226","321226","Pre-Workout Rainbow Candy","Alani Nu","8 50645 00805 9","10.34 Ounce(s); 293 Gram(s)","4.85 Gram(s) [1/2-1 scoop]","Other Combinations [A1325]","Powder [E0162]","2025-01-23","On Market","Suggested Use: Mix 1/2 scoop in 6-8 oz water 20-30 minutes before your workout. Once tolerance has been assessed, you may use one full serving (1 scoop.)Be sure to stay hydrated and have a great workout!"
"https://dsld.od.nih.gov/label/321227","321227","Pre-Workout Rocket Pop","Alani Nu","8 10030 51469 5","10.47 Ounce(s); 297 Gram(s)","4.95 Gram(s) [1/2-1 scoop]","Other Combinations [A1325]","Powder [E0162]","2025-02-23","On Market","Suggested Use: Mix 1/2 scoop in 6-8 oz water 20-30 minutes before your workout. Once tolerance has been assessed, you may use one full serving (1 scoop.)Be sure to stay hydrated and have a great workout!"
"https://dsld.od.nih.gov/label/321539","321539","EUPHORiq Pre-Workout Yuzu Lemonade","MuscleTech","6 31656 71710 5","11.99 Ounce(s); 340 Gram(s)","17 Gram(s) [1 Scoop]","Other Combinations [A1325]","Powder [E0162]","2025-03-25","On Market","Directions: Mix 1 serving (1 scoop) with 8 oz. of water and consume 30 minutes before your workout. Do not exceed 1 serving in a 24-hour period. Ensure to drink enough fluid before, during, and after workout."
"https://dsld.od.nih.gov/label/321540","321540","EUPHORiq Pre-Workout Watermelon Candy","MuscleTech","6 31656 71711 2","12.06 Ounce(s); 342 Gram(s)","17 Gram(s) [1 Scoop]","Other Combinations [A1325]","Powder [E0162]","2025-03-25","On Market","Directions: Mix 1 serving (1 scoop) with 8 oz. of water and consume 30 minutes before your workout. Do not exceed 1 serving in a 24-hour period. Ensure to drink enough fluid before, during, and after workout."
"https://dsld.od.nih.gov/label/321541","321541","EUPHORiq Pre-Workout Icy Snow Cone","MuscleTech","6 31656 71712 9","11.99 Ounce(s); 340 Gram(s)","17 Gram(s) [1 Scoop]","Other Combinations [A1325]","Powder [E0162]","2025-07-24","On Market","Directions: Mix 1 serving (1 scoop) with 8 oz. of water and consume 30 minutes before your workout. Do not exceed 1 serving in a 24-hour period. Ensure to drink enough fluid before, during, and after workout."
"https://dsld.od.nih.gov/label/321871","321871","Gorilla Mode Pre-Workout Formula Firefly Lemonade","Gorilla Mind","8 69269 00036 3","1.27 Pound(s); 574 Gram(s)","7.71 Gram(s) [1 scoop (15.425g)]","Other Combinations [A1325]","Powder [E0162]","2025-03-25","On Market","Suggested use:As a dietary supplement, mix 1-2 scoops of Gorilla Mode in 12-14 ounces of water and consume 30 minutes prior to training. Vary the amount of water to achieve your desired flavor level. First time users should begin use with 1/2-1 scoop or less to evaluate tolerance."
"https://dsld.od.nih.gov/label/321873","321873","Gorilla Mode Pre-Workout Formula Jungle Juice","Gorilla Mind","8 69269 00036 3","1.28 Pound(s); 580 Gram(s)","7.71 Gram(s) [1 scoop (15.425g)]","Other Combinations [A1325]","Powder [E0162]","2025-02-23","On Market","Suggested Use:As a dietary supplement, mix 1-2 scoops of Gorilla Mode in 12-14 ounces of water and consume 30 minutes prior to training. Vary the amount of water to achieve your desired flavor level. First time users should begin use with 1/2-1 scoop or less to evaluate tolerance. Do not exceed 2 scoops in any 24 hour period."
"https://dsld.od.nih.gov/label/321874","321874","Gorilla Mode Pre-Workout Formula Mouthwatering Watermelon","Gorilla Mind","8 69269 00036 3","1.3 Pound(s); 590 Gram(s)","7.71 Gram(s) [1 scoop (15.425g)]","Other Combinations [A1325]","Powder [E0162]","2025-01-23","On Market","Suggested use: as a dietary supplement, mix 1-2 scoops of Gorilla Mode in 12-14 ounces of water and consume 30 minutes prior to training. Vary the amount of water to achieve your desired flavor level. First time users should begin use with 1/2 - 1 scoop or less to evaluate tolerance."
"https://dsld.od.nih.gov/label/322543","322543","Nitrosurge Pre-Workout Arctic White","Jacked Factory","6 28250 67068 4","8.46 Ounce(s); 240 Gram(s)","8 Gram(s) [1-2 Scoops]","Other Combinations [A1325]","Powder [E0162]","2025-03-25","On Market","Directions: Mix one serving (1 scoop) with 6-8 ox. of water 30-40 minutes before your workout. For maximum results, mix two servings (2 scoops) with 12-16 oz. of water 30-40 minutes before your workout. Do not exceed a 2 scoop serving in a 24 hour period.1 scoop/2 scoops | 6-8 oz. water/12-16 oz. water | 1x daily"
"https://dsld.od.nih.gov/label/322544","322544","Nitrosurge Pre-Workout Black Cherry","Jacked Factory","6 72691 00064 7","8.78 Ounce(s); 249 Gram(s)","8.3 Gram(s) [1 scoop (8.3g), 2 scoops (16.6g)]","Other Combinations [A1325]","Powder [E0162]","2024-12-21","On Market","Directions: Mix one serving (1 scoop) with 6-8 oz. of water 30-40 minutes before your workout. For maximum results, mix two servings (2 scoops) with 12-16 oz. of water 30-40 minutes before your workout. Do not exceed a 2 scoop serving in a 24 hour period.1 scoop/2 scoops | 6-8 oz. water/12-16 oz. water | 1x daily"
"https://dsld.od.nih.gov/label/322546","322546","PumpSurge Stim Free Pre-Workout Blue Raspberry","Jacked Factory","6 28250 67063 9","8.82 Ounce(s); 250 Gram(s)","12.5 Gram(s) [1 Scoop]","Other Combinations [A1325]","Powder [E0162]","2025-06-25","On Market","Directions: Mix one serving (1 scoop) with 8-12 oz. of water 30-40 minutes before your workout.1 scoop | 8-12 oz. water | 1x daily"
"https://dsld.od.nih.gov/label/322675","322675","Pre-Workout Explosion Ripped Watermelon","Six Star","6 31656 71099 1","6.01 Ounce(s); 170 Gram(s)","6 Gram(s) [1 scoop]","Other Combinations [A1325]","Powder [E0162]","2025-02-23","On Market","Product StackAdd these Six Star products to your pre/post training and game fuel.100% Whey Protein Plus Muscle Recovery + Ultimate Hydration Replenish Electrolytes Directions: Read the entire label before use and follow the directions provided. Directions for Weight Loss: Mix 1 serving with 6 oz. of cold water and consume 30 minutes before your 2 largest meals. For best results, use for 60 days in combination with a calorie-reduced diet and exercise. Directions for Pre-Workout: For more energy, mix 1 to 2 servings with 6 to 12 oz. of cold water and consume 30 minutes before your workout. Assess your tolerance by mixing 1 serving (1 scoop) with 6 oz. of cold water and drinking it about 30 minutes before your workout. Then increase the dosage to 2 servings mixed with 12 oz. of cold water before your workout. Do not exceed 2 servings (2 scoops) in a 24-hour period. Maintain an adequate state of hydration during use."
"https://dsld.od.nih.gov/label/322678","322678","Pre-Workout Explosion Ripped Peach Mango","Six Star","6 31656 71233 9","6.21 Ounce(s); 176 Gram(s)","6 Gram(s) [1 scoop (6g)]","Other Combinations [A1325]","Powder [E0162]","2024-12-21","On Market","Product StackAdd these Six Star products to your pre/post training and game fuel.100% Whey Protein Plus Muscle Recovery + Ultimate Hydration Replenish Electrolytes Directions: Read the entire label before use and follow the directions provided. Directions for Weight Loss: Mix 1 serving with 6 oz. of cold water and consume 30 minutes before your 2 largest meals. For best results, use for 60 days in combination with a calorie-reduced diet and exercise. Directions for Pre-Workout: For more energy, mix 1 to 2 servings with 6 to 12 oz. of cold water and consume 30 minutes before your workout. Assess your tolerance by mixing 1 serving (1 scoop) with 6 oz. of cold water and drinking it about 30 minutes before your workout. Then increase the dosage to 2 servings mixed with 12 oz. of cold water before your workout. Do not exceed 2 servings (2 scoops) in a 24-hour period. Maintain an adequate state of hydration during use."
"https://dsld.od.nih.gov/label/323126","323126","Pre-Workout Elite Citrus Berry Flavored","Thorne","6 93749 01436 2","4.32 Ounce(s); 122.6 Gram(s)","5.11 Gram(s) [one scoop]","Other Combinations [A1325]","Powder [E0162]","2024-12-21","On Market","Suggested use: Mix 1 scoop with at least 10 ounces of water or preferred beverage. Consume 15-30 minutes before your workout or as recommended by your health-care practitioner."
"https://dsld.od.nih.gov/label/323178","323178","Dr Jekyll Stimulant-Free Signature Pre-Workout Blueberry Lemonade","PS ProSupps","8 18253 02919 4","8.5 Ounce(s); 243 Gram(s)","4.05 Gram(s) [1 Scoop]","Other Combinations [A1325]","Powder [E0162]","2025-01-23","On Market","Suggested use: Mix 1 scoop of Dr. Jekyll Stimulant-Free with 8 oz of cold water. Consume 15 to 30 minutes before exercise. If you decide to stack with another pre-workout, such as Mr. Hyde, assess your tolerance with 1/2 scoop of each before proceeding to a full serving. Shake container well before use."
"https://dsld.od.nih.gov/label/323212","323212","Pre-Workout Lemon Berry","Organic Muscle","0 45904 59032 5","5.64 Ounce(s); 160 Gram(s)","8 Gram(s) [1 scoop]","Other Combinations [A1325]","Powder [E0162]","2024-12-21","On Market","Directions: Add 1 scoop to 10-14 ounces of water. Mix well in shaker bottle and consume 10-20 minutes before workout."
"https://dsld.od.nih.gov/label/323436","323436","NitroSurge Pre-Workout Blueberry Lemonade","Jacked Factory","6 72691 00065 4","8.78 Ounce(s); 249 Gram(s)","8.3 Gram(s) [1-2 Scoops]","Other Combinations [A1325]","Powder [E0162]","2025-02-23","On Market","Directions: Mix one serving (1 scoop) with 6-8 oz. of water 30-40 minutes before your workout. For maximum results, mix two servings (2 scoops) with 12-16 oz. of water 30-40 minutes before your workout. Do not exceed a 2 scoop serving in a 24 hour period.1 scoop/2 scoops | 6-8 oz. water/12-16 oz. water | 1x daily"
"https://dsld.od.nih.gov/label/323437","323437","NitroSurge Pre-Workout Cherry Limeade","Jacked Factory","6 28250 67024 0","8.9 Ounce(s); 252 Gram(s)","8.4 Gram(s) [1-2 Scoops]","Other Combinations [A1325]","Powder [E0162]","2025-03-25","On Market","Directions: Mix one serving (1 scoop) with 6-8 oz. of water 30-40 minutes before your workout. For maximum results, mix two servings (2 scoops) with 12-16 oz. of water 30-40 minutes before your workout. Do not exceed a 2 scoop serving in a 24 hour period.1 scoop/2 scoops | 6-8 oz. water/12-16 oz. water | 1x daily"
"https://dsld.od.nih.gov/label/323438","323438","NitroSurge Pre-Workout Cotton Candy","Jacked Factory","6 28250 67055 4","8.99 Ounce(s); 255 Gram(s)","8.5 Gram(s) [1-2 Scoops]","Other Combinations [A1325]","Powder [E0162]","2025-01-23","On Market","Directions: Mix one serving (1 scoop) with 6-8 oz. of water 30-40 minutes before your workout. For maximum results, mix two servings (2 scoops) with 12-16 oz. of water 30-40 minutes before your workout. Do not exceed a 2 scoop serving in a 24 hour period.1 scoop/2 scoops | 6-8 oz. water/12-16 oz. water | 1x daily"
"https://dsld.od.nih.gov/label/323439","323439","NitroSurge Pre-Workout Fruit Punch","Jacked Factory","6 28250 67026 4","9.1 Ounce(s); 258 Gram(s)","8.6 Gram(s) [1-2 Scoops]","Other Combinations [A1325]","Powder [E0162]","2025-01-23","On Market","Directions: Mix one serving (1 scoop) with 6-8 oz. of water 30-40 minutes before your workout. For maximum results, mix two servings (2 scoops) with 12-16 oz. of water 30-40 minutes before your workout. Do not exceed a 2 scoop serving in a 24 hour period.1 scoop/2 scoops | 6-8 oz. water/12-16 oz. water | 1x daily"
"https://dsld.od.nih.gov/label/323440","323440","NitroSurge Pre-Workout Grape","Jacked Factory","6 72691 00048 7","8.78 Ounce(s); 249 Gram(s)","8.3 Gram(s) [1-2 Scoops]","Other Combinations [A1325]","Powder [E0162]","2025-02-23","On Market","Directions: Mix one serving (1 scoop) with 6-8 oz. of water 30-40 minutes before your workout. For maximum results, mix two servings (2 scoops) with 12-16 oz. of water 30-40 minutes before your workout. Do not exceed a 2 scoop serving in a 24 hour period.1 scoop/2 scoops | 6-8 oz. water/12-16 oz. water | 1x daily"
"https://dsld.od.nih.gov/label/323441","323441","NitroSurge Pre-Workout Green Apple","Jacked Factory","6 72691 00049 4","8.78 Ounce(s); 249 Gram(s)","8.3 Gram(s) [1-2 Scoops]","Other Combinations [A1325]","Powder [E0162]","2025-02-23","On Market","Directions: Mix one serving (1 scoop) with 6-8 oz. of water 30-40 minutes before your workout. For maximum results, mix two servings (2 scoops) with 12-16 oz. of water 30-40 minutes before your workout. Do not exceed a 2 scoop serving in a 24 hour period.1 scoop/2 scoops | 6-8 oz. water/12-16 oz. water | 1x daily"
"https://dsld.od.nih.gov/label/323442","323442","NitroSurge Pre-Workout Pineapple","Jacked Factory","6 28250 67013 4","8.68 Ounce(s); 246 Gram(s)","8.2 Gram(s) [1-2 Scoops]","Other Combinations [A1325]","Powder [E0162]","2025-02-23","On Market","Directions: Mix 1 serving (1 scoop) of Nitrosurge with 6-8oz of water 30-40 minutes before your workout. For maximum results, mix 2 servings (2 scoops) with 12-16oz of water 30-40 minutes before your workout. Do not exceed a 2 scoop serving in a 24 hour period.1 scoop/2 scoops > 6-8oz water/12-16oz water > 1x daily For best results, stack Nitrosurge (Pre-Workout) with Intrasurge (Intra-workout) and Growth Surge (Post-Workout)"
"https://dsld.od.nih.gov/label/323443","323443","NitroSurge Pre-Workout Sour Peach Rings","Jacked Factory","6 28250 67056 1","9.2 Ounce(s); 261 Gram(s)","8.7 Gram(s) [1-2 Scoops]","Other Combinations [A1325]","Powder [E0162]","2025-01-23","On Market","Directions: Mix one serving (1 scoop) with 6-8 oz. of water 30-40 minutes before your workout. For maximum results, mix two servings (2 scoops) with 12-16 oz. of water 30-40 minutes before your workout. Do not exceed a 2 scoop serving in a 24 hour period.1 scoop/2 scoops | 6-8 oz. water/12-16 oz. water | 1x daily"
"https://dsld.od.nih.gov/label/323444","323444","NitroSurge Pre-Workout Watermelon","Jacked Factory","6 28250 67025 7","8.46 Ounce(s); 240 Gram(s)","8 Gram(s) [1-2 Scoops]","Other Combinations [A1325]","Powder [E0162]","2025-01-23","On Market","Directions: Mix one serving (1 scoop) with 6-8 oz. of water 30-40 minutes before your workout. For maximum results, mix two servings (2 scoops) with 12-16 oz. of water 30-40 minutes before your workout. Do not exceed a 2 scoop serving in a 24 hour period.1 scoop/2 scoops | 6-8 oz. water/12-16 oz. water | 1x daily"
"https://dsld.od.nih.gov/label/323714","323714","Gorilla Mode Pre-Workout Formula Jungle Juice","Gorilla Mind","","1.84 Pound(s); 836 Gram(s)","20.4 Gram(s) [1 Scoop (Approx. 20.4g)]","Other Combinations [A1325]","Powder [E0162]","2025-03-25","On Market",""
"https://dsld.od.nih.gov/label/325569","325569","Pre-Workout Breezeberry","Alani Nu","8 10030 51031 4","10.26 Ounce(s); 291 Gram(s)","4.85 Gram(s) [1/2 - 1 Scoop]","Other Combinations [A1325]","Powder [E0162]","2025-02-23","On Market","Suggested Use: Mix 1/2 scoop in 6-8 oz water 20-30 minutes before your workout. Once tolerance has been assessed, you may use one full serving (1 scoop.) A slight tingling sensation is normal and is due to the beta alanine. Be sure to stay hydrated and have a great workout!"
"https://dsld.od.nih.gov/label/326386","326386","ENGN Pre-Workout Blue Raz","Evlution Nutrition","6 82055 55123 4","312 Gram(s); 11 Ounce(s)","10.4 Gram(s) [1 Scoop]","Other Combinations [A1325]","Powder [E0162]","2025-03-25","On Market","Suggested Use:As a food supplement, take 1 scoop with 236 mL of cold water 15-30 minutes before training. "
"https://dsld.od.nih.gov/label/326387","326387","ENGN Pre-Workout Cherry Limeade","Evlution Nutrition","6 82055 55232 3","9.3 Ounce(s); 264 Gram(s)","8.8 Gram(s) [1 Scoop]","Other Combinations [A1325]","Powder [E0162]","2025-02-23","On Market","Suggested use:As a dietary supplement, take 1 scoop with 8 oz (236ml) of cold water 15-30 minutes before training. To avoid sleeplessness, do not take within 4 hours of sleep."
"https://dsld.od.nih.gov/label/326388","326388","ENGN Pre-Workout Engine Furious Grape","Evlution Nutrition","6 82055 55160 9","8.8 Ounce(s); 249 Gram(s)","8.3 Gram(s) [1 scoop]","Other Combinations [A1325]","Powder [E0162]","2025-03-25","On Market","Suggested use:As a dietary supplement, take 1 scoop with 8 oz (236 mL) of cold water 15-30 minutes before training. To avoid sleeplessness, do not take within 4 hours of sleep."
"https://dsld.od.nih.gov/label/326389","326389","ENGN Pre-Workout Pink Lemonade","Evlution Nutrition","8 18901 02045 0","8.6 Ounce(s); 243 Gram(s)","8.3 Gram(s) [1 scoop]","Other Combinations [A1325]","Powder [E0162]","2025-03-25","On Market","Suggested use:As a dietary supplement, take 1 scoop with 8 oz (236mL) of cold water 15-30 minutes before training. To avoid sleeplessness, do not take within 4 hours of sleep."
"https://dsld.od.nih.gov/label/326390","326390","ENGN Pre-Workout Pink Starblast","Evlution Nutrition","8 18901 02661 2","9.6 Ounce(s); 273 Gram(s)","9.1 Gram(s) [1 Scoop]","Other Combinations [A1325]","Powder [E0162]","2025-02-23","On Market","Suggested use:As a dietary supplement, take 1 scoop with 8 oz (236mL) of cold water 15-30 minutes before training. To avoid sleeplessness, do not take within 4 hours of sleep."
"https://dsld.od.nih.gov/label/326391","326391","ENGN Pre-Workout Ring Candy","Evlution Nutrition","8 18901 02693 3","9.3 Ounce(s); 264 Gram(s)","8.8 Gram(s) [1 scoop, Ring Candy]","Other Combinations [A1325]","Powder [E0162]","2025-03-25","On Market","Suggested use:As a dietary supplement, take 1 scoop with 8 oz (236mL) of cold water 15-30 minutes before training. To avoid sleeplessness, do not take within 4 hours of sleep."
"https://dsld.od.nih.gov/label/326393","326393","ENGN Shred Pre-Workout Blue Raz","Evlution Nutrition","8 18901 02057 3","240 Gram(s); 8.5 Ounce(s)","8 Gram(s) [1 scoop]","Other Combinations [A1325]","Powder [E0162]","2024-12-21","On Market","Suggested use:As a food supplement, take 1 scoop with 236 mL of cold water 15-30 minutes before training."
"https://dsld.od.nih.gov/label/326394","326394","ENGN Shred Pre-Workout Grape","Evlution Nutrition","8 18901 02458 8","7.8 Ounce(s); 222 Gram(s)","7.4 Gram(s) [1 Scoop]","Other Combinations [A1325]","Powder [E0162]","2025-03-25","On Market","Suggested use:As a dietary supplement, take 1 scoop with 8 oz (236 mL) of cold water 15-30 minutes before training. To avoid sleeplessness, do not take within 4 hours of sleep."
"https://dsld.od.nih.gov/label/326408","326408","RPM Pre-Workout Blue Raz","Evlution Nutrition","8 18901 02745 9","6.67 Ounce(s); 189 Gram(s)","6.3 Gram(s) [1 scoop]","Other Combinations [A1325]","Powder [E0162]","2024-12-21","On Market","Suggested use: As a dietary supplement, take 1 scoop with 8 oz (236 mL) of cold water 15-30 minutes before training."
"https://dsld.od.nih.gov/label/326409","326409","RPM Pre-Workout Blue Raz Sample Pack","Evlution Nutrition","8 18901 02837 1","0.67 Ounce(s); 18.9 Gram(s)","1 Stick Pack(s)","Other Combinations [A1325]","Powder [E0162]","2025-03-25","On Market","Suggested use:As a dietary supplement, take 1 stickpack with 8 oz (236 mL) of cold water 15-30 minutes before training. To avoid sleeplessness, do not take within 4 hours of sleep."
"https://dsld.od.nih.gov/label/326772","326772","ENGN Shred Pre-Workout Cherry Limeade","Evlution Nutrition","8 18901 02058 0","249 Gram(s); 8.8 Ounce(s)","8.3 Gram(s) [1 scoop]","Other Combinations [A1325]","Powder [E0162]","2025-04-24","On Market","Suggested use:As a food supplement, take 1 scoop with 236 mL of cold water 15-30 minutes before training."
"https://dsld.od.nih.gov/label/326773","326773","ENGN Shred Pre-Workout Fruit Punch","Evlution Nutrition","7 10051 86414 7","8.4 Ounce(s); 237 Gram(s)","7.9 Gram(s) [1 scoop]","Other Combinations [A1325]","Powder [E0162]","2025-03-25","On Market","Suggested use:As a food supplement, take 1 scoop with 236 mL of cold water 15-30 minutes before training."
"https://dsld.od.nih.gov/label/327071","327071","Pre-Workout with Caffeine Mango","Gnarly Sports Nutrition","8 56285 00482 6","420 Gram(s); 14.82 Ounce(s)","14 Gram(s) [1 level scoop]","Other Combinations [A1325]","Powder [E0162]","2025-02-23","On Market","Pre-WorkoutGnarly Pre-Workout products are intended to be taken before exercise and activity. Directions & UseMix 1 level scoop of Gnarly Pre into 10-12 oz of water, stir or shake vigorously, 30 mins before workout."
"https://dsld.od.nih.gov/label/327778","327778","RPM Pre-Workout Peach Rings","Evlution Nutrition","8 18901 02761 9","6.88 Ounce(s); 195 Gram(s)","6.5 Gram(s) [1 scoop]","Other Combinations [A1325]","Powder [E0162]","2025-06-25","On Market","Suggested use: As a dietary supplement, take 1 scoop with 8 oz (236 mL) of cold water 15-30 minutes before training."
"https://dsld.od.nih.gov/label/328174","328174","Pre-Workout Boost Green Apple","XS","8 50029 60206 4","12 Stick Pack(s); 4.8 Ounce(s); 144 Gram(s)","12 Gram(s) [1 stick pack]","Other Combinations [A1325]","Powder [E0162]","2025-04-24","On Market","Directions: Mix 1 stick pack with 12-16 fl oz of water. Stir and consume 15 minutes prior to training."
"https://dsld.od.nih.gov/label/328175","328175","Pre-Workout Boost Green Apple","XS","8 50029 60204 0","12.7 Ounce(s); 360 Gram(s)","12 Gram(s) [1 scoop]","Other Combinations [A1325]","Powder [E0162]","2025-03-25","On Market","Directions: Mix 1 level scoop with 12-16 fl oz of water. Stir and consume 15 minutes prior to training. No more than 2 servings per day."
"https://dsld.od.nih.gov/label/328176","328176","Pre-Workout Boost Blue Raspberry Flavored","XS","8 50029 60205 7","12 Stick Pack(s); 4.8 Ounce(s); 144 Gram(s)","12 Gram(s) [1 stick pack]","Other Combinations [A1325]","Powder [E0162]","2025-04-24","On Market","Directions: Mix 1 stick pack with 12-16 fl oz of water. Stir and consume 15 minutes prior to training. No more than 2 servings per day."
"https://dsld.od.nih.gov/label/328177","328177","Pre-Workout Boost Blue Raspberry Flavored","XS","8 50029 60203 3","12.7 Ounce(s); 360 Gram(s)","12 Gram(s) [1 scoop]","Other Combinations [A1325]","Powder [E0162]","2025-06-25","On Market","Directions:  Mix 1 level scoop with 12-16 fl oz of water. Stir and consume 15 minutes prior to training. No more than 2 servings per day."
"https://dsld.od.nih.gov/label/328267","328267","Pre-Workout Caffeine Free Strawberry Lemonade","Gnarly Sports Nutrition","8 56285 00431 4","420 Gram(s); 14.82 Ounce(s)","14 Gram(s) [1 level scoop]","Other Combinations [A1325]","Powder [E0162]","2025-03-25","On Market","Pre-WorkoutGnarly Pre-Workout products are intended to be taken before exercise and activity. Directions & UseMix 1 level scoop of Gnarly Pre into 10-12 oz of water, stir or shake vigorously, 30 mins before workout."
"https://dsld.od.nih.gov/label/328268","328268","Pre-Workout with Caffeine Strawberry Lemonade","Gnarly Sports Nutrition","8 56285 00474 1","420 Gram(s); 14.82 Ounce(s)","14 Gram(s) [1 level scoop]","Other Combinations [A1325]","Powder [E0162]","2025-03-25","On Market","Pre-WorkoutGnarly Pre-Workout products are intended to be taken before exercise and activity. Directions & UseMix 1 level scoop of Gnarly Pre into 10-12 oz of water, stir or shake vigorously, 30 mins before workout."
"https://dsld.od.nih.gov/label/328423","328423","Bucked Up Pre-Workout Apple Spice","Bucked Up","8 11374 03947 9","10.85 Ounce(s); 307.5 Gram(s)","10.25 Gram(s) [1 Scoop (10.25 g)]","Other Combinations [A1325]","Powder [E0162]","2025-05-21","On Market","Try it Hot!Recommended dosage & directions:Mix 1 well-rounded scoop of BUCKED UP into 6-8oz of water 15-30 minutes prior to physical activity."
"https://dsld.od.nih.gov/label/328424","328424","Bucked Up Pre-Workout Caramel Apple","Bucked Up","8 11374 03522 8","11.01 Ounce(s); 312 Gram(s)","10.4 Gram(s) [1 Scoop]","Other Combinations [A1325]","Powder [E0162]","2025-06-25","On Market","Try it hot! Recommended dosage & directions:Mix 1 well-rounded scoop of BUCKED UP into 6-8 oz of water 15-30 minutes prior to physical activity. Due to its potency, we recommend taking no more than 1 scoop."
"https://dsld.od.nih.gov/label/328425","328425","Bucked Up Pre-Workout Cherry Candy","Bucked Up","8 11374 03956 1","10.8 Ounce(s); 306 Gram(s)","10.2 Gram(s) [1 Scoop]","Other Combinations [A1325]","Powder [E0162]","2025-02-23","On Market","Recommended dosage & directions:Mix 1 well-rounded scoop of Bucked Up into 6-8 oz of water 15-30 minutes prior to physical activity. Due to its potency, we recommend taking no more than 1 scoop."
"https://dsld.od.nih.gov/label/328426","328426","Bucked Up Pre-Workout Gold","Bucked Up","8 11374 03951 6","11.1 Ounce(s); 315 Gram(s)","10.5 Gram(s) [1 Scoop]","Other Combinations [A1325]","Powder [E0162]","2025-04-24","On Market","Recommended dosage & directions:Mix 1 well-rounded scoop of BUCKED UP into 6-8oz of water 15-30 minutes prior to physical activity."
"https://dsld.od.nih.gov/label/328487","328487","Dethroner Pre-Workout Pineapple Mango Coconut","Ekkovision","","28.99 Ounce(s); 822 Gram(s)","20.4 Gram(s) [1-2 scoops]","Other Combinations [A1325]","Powder [E0162]","2025-01-23","On Market",""
"https://dsld.od.nih.gov/label/329149","329149","Pre-Workout Witch's Brew","Alani Nu","8 10030 51012 3","11 Ounce(s); 312 Gram(s)","5.2 Gram(s) [1 scoop]","Other Combinations [A1325]","Powder [E0162]","2025-05-21","On Market","Suggested use: Mix 1/2 scoop in 6-8 fl oz water 20-30 minutes before your workout. Once tolerance has been assessed, you may use one full serving (1 scoop.)Be sure to stay hydrated and have a great workout!"
"https://dsld.od.nih.gov/label/329410","329410","Bucked Up Pre-Workout Iced Tea Lemonade","Bucked Up","8 11374 03870 0","11.32 Ounce(s); 321 Gram(s)","10.7 Gram(s) [1 Scoop]","Other Combinations [A1325]","Powder [E0162]","2025-05-21","On Market","Recommended dosage & directions: Mix 1 well-rounded scoop of Bucked Up into 6-8 oz of water 15-30 minutes prior to physical activity. "
"https://dsld.od.nih.gov/label/329411","329411","Bucked Up Pre-Workout Cherry Candy","Bucked Up","8 11374 03989 9","3.6 Ounce(s); 102 Gram(s)","10.2 Gram(s) [1 Scoop]","Other Combinations [A1325]","Powder [E0162]","2025-04-24","On Market","Recommended dosage & directions:Mix 1 well-rounded scoop of Bucked Up into 6-8 oz of water 15-30 minutes prior to physical activity. Due to its potency, we recommend taking no more than 1 scoop."
"https://dsld.od.nih.gov/label/332311","332311","EUPHORiQ Pre-Workout Boogieman Punch","MuscleTech","6 31656 71740 2","12.06 Ounce(s); 342 Gram(s)","17 Gram(s) [1 scoop]","Other Combinations [A1325]","Powder [E0162]","2025-06-25","On Market","Directions: Mix 1 serving (1 scoop) with 8 oz. of water and consume 30 minutes before your workout."
"https://dsld.od.nih.gov/label/332658","332658","Pre Workout Grape Flavor","Extreme Edge by Bluebonnet","7 43715 01800 6","10.58 Ounce(s); 300 Gram(s)","10 Gram(s) [1 scoop]","Other Combinations [A1325]","Powder [E0162]","2025-07-24","On Market","Directions: As a dietary supplement, add one scoop (10 g) to 8 fl oz of water, juice or sports drink and mix or shake until smooth. Mixes instantly without the use of a blender. For best results, take on an empty stomach about 15 to 30 minutes prior to workout."
"https://dsld.od.nih.gov/label/332659","332659","Pre Workout Lemon Flavor","Bluebonnet Extreme Edge","7 43715 01801 3","10.58 Ounce(s); 300 Gram(s)","10 Gram(s) [1 scoop]","Other Combinations [A1325]","Powder [E0162]","2025-07-24","On Market","Directions: As a dietary supplement, add one scoop (10 g) to 8 fl oz of water, juice or sports drink and mix or shake until smooth. Mixes instantly without the use of a blender. For best results, take on an empty stomach about 15 to 30 minutes prior to workout."
"https://dsld.od.nih.gov/label/333687","333687","WRN Pre-Workout Fruit Punch","FINAFLEX","8 10020 72320 5","15.8 Ounce(s); 447 Gram(s)","22.3 Gram(s) [1 scoop]","Other Combinations [A1325]","Powder [E0162]","2025-07-24","On Market","Suggested use:As a dietary supplement, mix 1 Serving (1 Scoop) of WRN PREWORKOUT into 6-12 fl oz of water.Drink 15-30 minutes prior to physical activity DO NOT use more than 1 Serving at a time."
"https://dsld.od.nih.gov/label/333688","333688","WRN Pre-Workout Lemonade","FINAFLEX","8 10020 72319 9","16.2 Ounce(s); 459 Gram(s)","22.9 Gram(s) [1 scoop]","Other Combinations [A1325]","Powder [E0162]","2025-08-22","On Market","Suggested use:As a dietary supplement, mix 1 serving (1 scoop) of WRN Preworkout into 6-12 fl oz of water.Drink 15-30 minutes prior to physical activity. Do not use more than 1 serving at a time."
"https://dsld.od.nih.gov/label/333689","333689","WRN Pre-Workout Strawberry Kiwi","FINAFLEX","8 10020 72318 2","15.8 Ounce(s); 448 Gram(s)","22.4 Gram(s) [1 scoop]","Other Combinations [A1325]","Powder [E0162]","2025-05-21","On Market","Suggested use:As a dietary supplement, mix 1 serving (1 scoop) of WRN Pre-Workout into 6-12 fl oz of water.Drink 15-30 minutes prior to physical activity. Do not use more than 1 serving at a time."
"https://dsld.od.nih.gov/label/333985","333985","Pre-Workout Yuzu & Peach ","Bucked Up","8 10131 95192 4","10.7 Ounce(s); 303 Gram(s)","10.2 Gram(s) [1 scoop]","Other Combinations [A1325]","Powder [E0162]","2025-09-25","On Market","Suggested Use: Mix 1 well-rounded scoop of Bucked Up into 6-8 oz of water 15-30 minutes prior to physical activity. "
"https://dsld.od.nih.gov/label/333987","333987","Woke AF Nootropic Pre-Workout Yuzu & Peach","DAS Labs","8 10131 95259 4","12.5 Ounce(s); 354 Gram(s)","11.8 Gram(s) [1 Scoop]","Other Combinations [A1325]","Powder [E0162]","2025-09-25","On Market","Suggested Use:Mix 1 well-rounded scoop into 6-8 oz of water 15-30 minutes prior to physical activity.Do not exceed 1 serving in a 24-hour period."
"https://dsld.od.nih.gov/label/333988","333988","Bucked Up Pre-Workout KO Kiwi","DAS Labs","8 10131 95157 3","10.9 Ounce(s); 309 Gram(s)","10.3 Gram(s) [1 Scoop]","Other Combinations [A1325]","Powder [E0162]","2025-07-24","On Market","Suggested use: Mix 1 well-rounded scoop into 6-8 oz of water 15-30 minutes prior to physical activity."
"https://dsld.od.nih.gov/label/333990","333990","Woke AF Nootropic Pre-Workout KO Kiwi","DAS Labs","8 10131 95216 7","12.6 Ounce(s); 357 Gram(s)","11.9 Gram(s) [1 Scoop]","Other Combinations [A1325]","Powder [E0162]","2025-07-24","On Market","Suggested use: Mix 1 well-rounded scoop into 6-8 oz of water 15-30 minutes prior to physical activity."
"https://dsld.od.nih.gov/label/333991","333991","Woke AF Pre-Workout Cherry Candy","DAS Labs","8 11374 03957 8","13 Ounce(s); 369 Gram(s)","12.3 Gram(s) [1 Scoop]","Other Combinations [A1325]","Powder [E0162]","2025-07-24","On Market","Recommended Dosage & Directions:Mix 1 well-rounded scoop of Woke AF into 6-8 oz of water 15-30 minutes prior to physical activity. Due to its potency, we recommend taking no more than 1 scoop. Do not exceed 1 scoop in a 24-hour period."
"https://dsld.od.nih.gov/label/333992","333992","Woke AF Pre-Workout Sour Bucks","DAS Labs","8 11374 03960 8","13.3 Ounce(s); 378 Gram(s)","12.6 Gram(s) [1 Scoop]","Other Combinations [A1325]","Powder [E0162]","2025-09-25","On Market","Recommended dosage & directions:Mix 1 rounded scoop of Woke AF into 6-8 oz of water 15-30 minutes prior to physical activity. Due to its potency, we recommend taking no more than 1 scoop."
"https://dsld.od.nih.gov/label/333993","333993","Woke AF Pre-Workout White Gummy Deer","DAS Labs","8 11374 03961 5","13.1 Ounce(s); 372 Gram(s)","12.4 Gram(s) [1 Scoop]","Other Combinations [A1325]","Powder [E0162]","2025-07-24","On Market","Recommended dosage & directions:Mix 1 well-rounded scoop of WOKE AF into 6–8 oz of water 15–30 minutes prior to physical activity. Due to its potency, we recommend taking no more than 1 scoop. Do not exceed 1 scoop in a 24-hour period."
"https://dsld.od.nih.gov/label/334776","334776","Pre JYM X Advanced Pre-Workout Complex Dragonberry","JYM Supplement Science","8 17047 02480 3","24.5 Ounce(s); 1.6 Pound(s); 720 Gram(s)","18 Gram(s) [1 Scoop (36g)]","Other Combinations [A1325]","Powder [E0162]","2025-07-24","On Market","Directions: As a dietary supplement, mix 1 scoop of Pre JYM X in 16-24 oz. of water and drink 30 to 45 minutes before workouts. Initially use 1/2 serving or less to assess tolerance. Once tolerance is assessed, take no more than 1 serving. To avoid sleeplessness, do not consume within 6 hours of bedtime."
"https://dsld.od.nih.gov/label/335683","335683","Pre-Workout Nutrients","Seeking Health","","302.4 Gram(s); 10.66 Ounce(s)","20.16 Gram(s) [2 heaping scoops]","Other Combinations [A1325]","Powder [E0162]","2025-06-25","On Market",""
"https://dsld.od.nih.gov/label/336631","336631","Pre-Workout Blue Slush","Alani Nu","8 10030 51481 7","11.64 Ounce(s); 330 Gram(s)","5.5 Gram(s) [1 scoop (11 g)]","Other Combinations [A1325]","Powder [E0162]","2025-08-22","On Market","Suggested Use: Mix 1/2 scoop in 6–8 fl oz water 20–30 minutes before your workout. Once tolerance has been assessed, you may take one full serving (1 scoop). A slight tingling sensation is normal and is due to the beta-alanine. Be sure to stay hydrated and have a great workout!"
"https://dsld.od.nih.gov/label/336632","336632","Pre-Workout Strawberry Sunrise","Alani Nu","8 10175 04048 6","11 Ounce(s); 312 Gram(s)","5 Gram(s) [1 Scoop (10g)]","Other Combinations [A1325]","Powder [E0162]","2025-09-25","On Market","Suggested use: Mix 1/2 scoop in 6–8 fl oz water 20–30 minutes before your workout. Once tolerance has been assessed, you may use one full serving (1 scoop) mixed in 12–16 fl oz of water. A slight tingling sensation is normal and is due to beta-alanine. Be sure to stay hydrated and have a great workout!"
"https://dsld.od.nih.gov/label/336633","336633","Pre-Workout+ Rocket Pop","Alani Nu","8 10030 51812 9","13.8 Ounce(s); 392 Gram(s)","6.5 Gram(s) [1 scoop (13 g)]","Other Combinations [A1325]","Powder [E0162]","2025-08-22","On Market","Suggested Use: Mix 1/2 scoop in 6-8 fl oz water 20-30 minutes before your workout. Once tolerance has been assessed, you may use one full serving (1 scoop). A slight tingling sensation is normal and is due to the beta-alanine. De sure to stay hydrated and have a great workout!"
"https://dsld.od.nih.gov/label/336634","336634","Pre-Workout+ Frozen Lemonade","Alani Nu","8 10030 51814 3","13.7 Ounce(s); 388 Gram(s)","6.5 Gram(s) [1 Scoop (13 g)]","Other Combinations [A1325]","Powder [E0162]","2025-08-22","On Market","Suggested Use: Mix 1/2 scoop in 6–8 fl oz water 20–30 minutes before your workout. Once tolerance has been assessed, you may use one full scoop (1 scoop). A slight tingling sensation is normal and is due to the beta-alanine. Be sure to stay hydrated and have a great workout!"
"https://dsld.od.nih.gov/label/339538","339538","Thuper Thavage Pre-Workout White Cherry","RAW","","22.2 Ounce(s); 1.38 Pound(s); 628 Gram(s)","31 Gram(s) [1 Scoop]","Other Combinations [A1325]","Powder [E0162]","2025-08-22","On Market",""
